rk,player,pos,squad,age,club,born,mp,starts,min,90s,gls,ast,gpa,g_pk,pk,pkatt,crdy,crdr,gls_p90,ast.1,gpa.1,g_pk.1,gpa_pk,matches,_9999,rk_sh,player_sh,pos_sh,squad_sh,gls_sh,sh,sot,sotpct,sh_per_90,sot_per_90,g_per_sh,g_per_sot,pk_sh,pkatt_sh,matches_sh,_9999_sh,rk_misc,player_misc,pos_misc,squad_misc,crdy_misc,crdr_misc,2crdy,fls,fld,off,crs,int,tklw,pkwon,pkcon,og,matches_misc,_9999_misc,rk_gk,player_gk,pos_gk,squad_gk,club_gk,mp_gk,starts_gk,min_gk,90s_gk,ga,ga90,sota,saves,savepct,w,d,l,cs,cspct,pkatt_gk,pka,pksv,pkm,savepct.1,matches_gk,_9999_gk,min_sb,90s_sb,gls_sb,ast_sb,sh_sb,crs_sb,tklw_sb,int_sb,fls_sb,att_sb,succ_sb,carries_sb,prgcarries_sb,saves_sb,ga_sb,sota_sb,save%_sb,cs_sb,gls_p90_sb,ast_p90_sb,sh_p90_sb,crs_p90_sb,tklw_p90_sb,int_p90_sb,att_p90_sb,succ_p90_sb,carries_p90_sb,prgcarries_p90_sb,saves_p90_sb,cs_p90_sb,player_sb,match_stage,pressures_p90,pressures_final_third_p90,pressures_mid_third_p90,claims_p90,sweeper_clearances_p90,headed_clearances_p90,recoveries_p90,passes_received_p90,one_touch_finishes_p90,launch_passes_p90,def_actions_outside_box_p90,avg_def_position_y,touches_wide_p90,touches_halfspace_p90,touches_6yard_box_p90,final_third_entries_p90,carries_into_box_p90,goals_prevented_p90,reflex_saves_p90,cross_accuracy_pct,headers_p90,passes_p90,prog_passes_p90,long_passes_p90,pass_completion_pct,passes_into_final_third_p90,switches_p90,key_passes_p90,through_balls_p90,passes_into_box_p90,clearances_p90,blocks_p90,aerial_duels_won_p90,aerial_duel_pct,duels_won_p90,penalty_save_pct,shots_p90,xG_p90,shots_on_target_p90,npxG_per_shot,headed_goals_p90,shot_creating_actions_p90,touches_att_pen_p90,final_third_touches_p90,position_v2,Gls_p90,Ast_p90,Sh_p90,SoT_p90,Crs_p90,Int_p90,TklW_p90,Fls_p90,Fld_p90,Off_p90,Saves_p90,GA_p90,CS_p90,PK_p90,PKatt_p90,PKwon_p90,PKcon_p90,OG_p90,CrdY_p90,CrdR_p90,Min_p90,MP_p90,Starts_p90,save_pct,conversion_pct,shots_on_target_pct,dribble_success_pct,position_group,primary_position,position_detail
423,Aaron Mooy,MF,au Australia,31.0,1.sct Celtic,1990.0,4.0,4.0,360.0,4.0,0.0,0.0,0.0,0.0,0.0,0.0,1.0,0.0,0.0,0.0,0.0,0.0,0.0,Matches,47b7e3af,423,Aaron Mooy,MF,au Australia,0.0,1.0,0.0,0.0,0.25,0.0,0.0,,0.0,0.0,Matches,47b7e3af,423,Aaron Mooy,MF,au Australia,1.0,0.0,0.0,4.0,1.0,0.0,10.0,2.0,6.0,,,0.0,Matches,47b7e3af,,,,,,,,,,,,,,,,,,,,,,,,,,,360.0,4.0,0.0,0.0,1.0,4.0,2.0,3.0,6.0,5.0,2.0,155.0,11.0,0.0,0.0,0.0,0.0,0.0,0.0,0.0,0.25,1.0,0.5,0.75,1.25,0.5,38.75,2.75,0.0,0.0,Aaron Mooy,exact,11.0,1.5,5.75,0.0,0.0,0.75,8.0,40.5,0.25,0.0,0.0,0.0,14.0,12.75,0.0,9.5,0.0,0.0,0.0,0.25,0.0,54.75,20.75,20.25,0.7808219178082192,8.5,2.75,0.25,0.0,3.0,2.5,1.75,1.25,0.5555555555555556,1.25,0.0,0.25,0.00979782925,0.0,0.039191317,0.0,0.25,0.0,4.5,MF,0.0,0.0,0.25,0.0,2.5,0.5,1.5,1.0,0.25,0.0,,,,0.0,0.0,,,0.0,0.25,0.0,90.0,1.0,1.0,,0.0,0.0,0.4,MF,MF,DM
504,Aaron Ramsey,MF,wls Wales,31.0,1.fr Nice,1990.0,3.0,3.0,266.0,3.0,0.0,0.0,0.0,0.0,0.0,0.0,1.0,0.0,0.0,0.0,0.0,0.0,0.0,Matches,ef619b0b,504,Aaron Ramsey,MF,wls Wales,0.0,1.0,0.0,0.0,0.34,0.0,0.0,,0.0,0.0,Matches,ef619b0b,504,Aaron Ramsey,MF,wls Wales,1.0,0.0,0.0,3.0,3.0,0.0,5.0,0.0,0.0,,,0.0,Matches,ef619b0b,,,,,,,,,,,,,,,,,,,,,,,,,,,266.0,3.0,0.0,0.0,1.0,3.0,1.0,1.0,3.0,9.0,3.0,100.0,3.0,0.0,0.0,0.0,0.0,0.0,0.0,0.0,0.3333333333333333,1.0,0.3333333333333333,0.3333333333333333,3.0,1.0,33.333333333333336,1.0,0.0,0.0,Aaron Ramsey,exact,18.0,2.0,11.0,0.0,0.0,0.6666666666666666,4.666666666666667,43.666666666666664,0.3333333333333333,0.0,0.0,0.0,14.666666666666666,10.666666666666666,0.0,5.0,0.0,0.0,0.0,0.3333333333333333,0.0,36.666666666666664,8.0,12.666666666666666,0.7818181818181819,4.333333333333333,2.3333333333333335,0.3333333333333333,0.6666666666666666,3.0,1.0,1.6666666666666667,0.3333333333333333,0.25,1.0,0.0,0.3333333333333333,0.008453810666666667,0.0,0.025361432,0.0,0.3333333333333333,4.0,16.333333333333332,MF,0.0,0.0,0.3333333333333333,0.0,1.6666666666666667,0.0,0.0,1.0,1.0,0.0,,,,0.0,0.0,,,0.0,0.3333333333333333,0.0,88.66666666666667,1.0,1.0,,0.0,0.0,0.3333333333333333,MF,MF,CM
244,Abdelkarim Hassan,DF,qa Qatar,28.0,1.qa Al Sadd,1993.0,3.0,3.0,270.0,3.0,0.0,0.0,0.0,0.0,0.0,0.0,0.0,0.0,0.0,0.0,0.0,0.0,0.0,Matches,7380bccf,244,Abdelkarim Hassan,DF,qa Qatar,0.0,6.0,0.0,0.0,2.0,0.0,0.0,,0.0,0.0,Matches,7380bccf,244,Abdelkarim Hassan,DF,qa Qatar,0.0,0.0,0.0,1.0,4.0,1.0,6.0,1.0,3.0,,,0.0,Matches,7380bccf,,,,,,,,,,,,,,,,,,,,,,,,,,,270.0,3.0,0.0,0.0,6.0,3.0,2.0,3.0,2.0,3.0,2.0,132.0,22.0,0.0,0.0,0.0,0.0,0.0,0.0,0.0,2.0,1.0,0.6666666666666666,1.0,1.0,0.6666666666666666,44.0,7.333333333333333,0.0,0.0,Abdelkarim Hassan Al Haj Fadlalla,token-subset,9.666666666666666,1.0,1.6666666666666667,0.0,0.0,2.0,4.0,48.333333333333336,1.0,0.0,0.0,0.0,26.0,16.333333333333332,0.0,9.0,0.0,0.0,0.0,0.0,0.0,52.666666666666664,20.666666666666668,19.333333333333332,0.7911392405063291,5.333333333333333,5.666666666666667,0.3333333333333333,0.0,2.0,2.3333333333333335,3.0,1.0,0.5,1.0,0.0,2.0,0.09163820816666668,0.0,0.04581910408333334,0.0,0.3333333333333333,1.0,4.666666666666667,CB,0.0,0.0,2.0,0.0,2.0,0.3333333333333333,1.0,0.3333333333333333,1.3333333333333333,0.3333333333333333,,,,0.0,0.0,,,0.0,0.0,0.0,90.0,1.0,1.0,,0.0,0.0,0.6666666666666666,DF,DF,CB
155,Abdou Diallo,DF,sn Senegal,26.0,1.de RB Leipzig,1996.0,4.0,4.0,331.0,3.7,0.0,0.0,0.0,0.0,0.0,0.0,0.0,0.0,0.0,0.0,0.0,0.0,0.0,Matches,fc62f087,155,Abdou Diallo,DF,sn Senegal,0.0,1.0,0.0,0.0,0.27,0.0,0.0,,0.0,0.0,Matches,fc62f087,155,Abdou Diallo,DF,sn Senegal,0.0,0.0,0.0,3.0,0.0,0.0,3.0,1.0,2.0,,,0.0,Matches,fc62f087,,,,,,,,,,,,,,,,,,,,,,,,,,,331.0,3.7,0.0,0.0,1.0,2.0,2.0,1.0,4.0,0.0,0.0,130.0,12.0,0.0,0.0,0.0,0.0,0.0,0.0,0.0,0.2702702702702702,0.5405405405405405,0.5405405405405405,0.2702702702702702,0.0,0.0,35.13513513513514,3.243243243243243,0.0,0.0,Abdou Diallo,exact,6.756756756756756,0.8108108108108107,1.3513513513513513,0.0,0.0,1.6216216216216215,1.3513513513513513,40.27027027027027,0.0,0.0,0.0,0.0,17.027027027027025,9.72972972972973,0.0,8.648648648648647,0.0,0.0,0.0,1.0,0.27027027027027023,49.45945945945946,28.378378378378375,24.594594594594593,0.7759562841530054,8.378378378378377,2.4324324324324325,0.27027027027027023,0.0,0.8108108108108107,3.513513513513513,1.3513513513513513,1.8918918918918919,0.5833333333333334,0.5405405405405405,0.0,0.27027027027027023,0.009570687567567567,0.0,0.035411544,0.0,0.27027027027027023,0.8108108108108107,3.7837837837837838,CB,0.0,0.0,0.27027027027027023,0.0,0.8108108108108107,0.27027027027027023,0.5405405405405405,0.8108108108108107,0.0,0.0,,,,0.0,0.0,,,0.0,0.0,0.0,89.45945945945945,1.081081081081081,1.081081081081081,,0.0,0.0,0.0,DF,DF,CB
242,Achraf Hakimi,DF,ma Morocco,23.0,1.fr PSG,1998.0,7.0,7.0,631.0,7.0,0.0,1.0,1.0,0.0,0.0,0.0,0.0,0.0,0.0,0.14,0.14,0.0,0.14,Matches,e42d61c7,242,Achraf Hakimi,DF,ma Morocco,0.0,4.0,1.0,25.0,0.57,0.14,0.0,0.0,0.0,0.0,Matches,e42d61c7,242,Achraf Hakimi,DF,ma Morocco,0.0,0.0,0.0,6.0,13.0,0.0,12.0,9.0,18.0,,,0.0,Matches,e42d61c7,,,,,,,,,,,,,,,,,,,,,,,,,,,600.0,6.7,0.0,1.0,4.0,10.0,3.0,11.0,10.0,8.0,3.0,283.0,13.0,0.0,0.0,0.0,0.0,0.0,0.0,0.1492537313432835,0.5970149253731343,1.4925373134328357,0.4477611940298507,1.6417910447761193,1.1940298507462686,0.4477611940298507,42.23880597014925,1.9402985074626864,0.0,0.0,Achraf Hakimi Mouh,token-subset,14.857142857142858,2.5714285714285716,3.7142857142857144,0.0,0.0,0.7142857142857143,6.142857142857143,43.857142857142854,0.14285714285714285,0.0,0.0,0.0,34.857142857142854,5.571428571428571,0.0,5.0,0.42857142857142855,0.0,0.0,0.5,0.0,54.285714285714285,16.714285714285715,11.714285714285714,0.8263157894736842,3.5714285714285716,1.4285714285714286,0.8571428571428571,0.14285714285714285,2.7142857142857144,1.7142857142857142,2.0,1.1428571428571428,0.5714285714285714,1.7142857142857142,0.0,0.7142857142857143,0.1313709817142857,0.2857142857142857,0.034024217999999995,0.0,0.8571428571428571,1.1428571428571428,13.857142857142858,FB/WB,0.0,0.14285714285714285,0.5714285714285714,0.14285714285714285,1.7142857142857142,1.2857142857142858,2.5714285714285716,0.8571428571428571,1.8571428571428572,0.0,,,,0.0,0.0,,,0.0,0.0,0.0,90.14285714285714,1.0,1.0,,0.0,0.25,0.375,DF,DF,RB
500,Adrien Rabiot,MF,fr France,27.0,1.it Juventus,1995.0,6.0,5.0,483.0,5.4,1.0,1.0,2.0,1.0,0.0,0.0,1.0,0.0,0.19,0.19,0.37,0.19,0.37,Matches,8794e251,500,Adrien Rabiot,MF,fr France,1.0,9.0,4.0,44.4,1.68,0.75,0.11,0.25,0.0,0.0,Matches,8794e251,500,Adrien Rabiot,MF,fr France,1.0,0.0,0.0,10.0,4.0,0.0,7.0,9.0,9.0,,,0.0,Matches,8794e251,,,,,,,,,,,,,,,,,,,,,,,,,,,483.0,5.4,1.0,1.0,9.0,6.0,1.0,10.0,9.0,3.0,1.0,220.0,6.0,0.0,0.0,0.0,0.0,0.0,0.1851851851851851,0.1851851851851851,1.6666666666666663,1.111111111111111,0.1851851851851851,1.851851851851852,0.5555555555555555,0.1851851851851851,40.74074074074074,1.111111111111111,0.0,0.0,Adrien Rabiot,exact,15.555555555555555,2.222222222222222,8.333333333333332,0.0,0.0,1.111111111111111,4.444444444444444,50.18518518518518,0.7407407407407407,0.0,0.0,0.0,17.037037037037035,13.148148148148147,0.37037037037037035,7.4074074074074066,0.37037037037037035,0.0,0.0,0.3333333333333333,0.5555555555555555,52.77777777777777,12.962962962962962,12.962962962962962,0.8631578947368421,5.7407407407407405,0.37037037037037035,0.18518518518518517,0.0,2.5925925925925926,1.2962962962962963,3.148148148148148,2.7777777777777777,0.6521739130434783,1.6666666666666665,0.0,1.6666666666666665,0.13483704777777777,0.7407407407407407,0.08090222866666667,0.18518518518518517,0.18518518518518517,3.518518518518518,16.48148148148148,MF,0.18518518518518517,0.18518518518518517,1.6666666666666665,0.7407407407407407,1.2962962962962963,1.6666666666666665,1.6666666666666665,1.8518518518518516,0.7407407407407407,0.0,,,,0.0,0.0,,,0.0,0.18518518518518517,0.0,89.44444444444444,1.111111111111111,0.9259259259259258,,0.1111111111111111,0.4444444444444444,0.3333333333333332,MF,MF,DM
15,Akram Afif,FW,qa Qatar,25.0,1.qa Al Sadd,1996.0,3.0,3.0,270.0,3.0,0.0,0.0,0.0,0.0,0.0,0.0,1.0,0.0,0.0,0.0,0.0,0.0,0.0,Matches,fd53d9e7,15,Akram Afif,FW,qa Qatar,0.0,2.0,0.0,0.0,0.67,0.0,0.0,,0.0,0.0,Matches,fd53d9e7,15,Akram Afif,FW,qa Qatar,1.0,0.0,0.0,2.0,6.0,1.0,13.0,0.0,0.0,,,0.0,Matches,fd53d9e7,,,,,,,,,,,,,,,,,,,,,,,,,,,270.0,3.0,0.0,0.0,2.0,6.0,0.0,0.0,2.0,7.0,3.0,143.0,7.0,0.0,0.0,0.0,0.0,0.0,0.0,0.0,0.6666666666666666,2.0,0.0,0.0,2.333333333333333,1.0,47.66666666666666,2.333333333333333,0.0,0.0,Akram Hassan Afif,token-subset,7.666666666666667,3.3333333333333335,3.0,0.0,0.0,0.0,5.666666666666667,62.666666666666664,0.3333333333333333,0.0,0.0,0.0,25.0,14.666666666666666,0.0,6.0,1.0,0.0,0.0,0.5,0.0,55.333333333333336,12.666666666666666,18.0,0.8493975903614458,4.333333333333333,3.3333333333333335,1.6666666666666667,0.3333333333333333,5.666666666666667,0.0,0.6666666666666666,0.3333333333333333,0.5,0.0,0.0,0.6666666666666666,0.009700124333333332,0.0,0.0145501865,0.0,1.6666666666666667,0.0,15.0,ST,0.0,0.0,0.6666666666666666,0.0,4.333333333333333,0.0,0.0,0.6666666666666666,2.0,0.3333333333333333,,,,0.0,0.0,,,0.0,0.3333333333333333,0.0,90.0,1.0,1.0,,0.0,0.0,0.4285714285714286,FW,FW,ST
361,Alexis Mac Allister,MF,ar Argentina,23.0,1.eng Brighton,1998.0,6.0,6.0,550.0,6.1,1.0,1.0,2.0,1.0,0.0,0.0,0.0,0.0,0.16,0.16,0.33,0.16,0.33,Matches,83d074ff,361,Alexis Mac Allister,MF,ar Argentina,1.0,7.0,4.0,57.1,1.15,0.65,0.14,0.25,0.0,0.0,Matches,83d074ff,361,Alexis Mac Allister,MF,ar Argentina,0.0,0.0,0.0,1.0,13.0,0.0,1.0,3.0,4.0,,,0.0,Matches,83d074ff,,,,,,,,,,,,,,,,,,,,,,,,,,,519.0,5.8,1.0,1.0,7.0,2.0,1.0,4.0,1.0,6.0,5.0,253.0,15.0,0.0,0.0,0.0,0.0,0.0,0.1724137931034483,0.1724137931034483,1.206896551724138,0.3448275862068966,0.1724137931034483,0.6896551724137931,1.0344827586206895,0.8620689655172414,43.62068965517241,2.586206896551724,0.0,0.0,Alexis Mac Allister,exact,11.475409836065575,3.114754098360656,5.573770491803279,0.0,0.0,0.49180327868852464,4.754098360655738,49.50819672131148,0.819672131147541,0.0,0.0,0.0,14.754098360655739,12.950819672131148,0.1639344262295082,4.918032786885246,0.0,0.0,0.0,0.5,0.1639344262295082,44.42622950819673,7.704918032786885,8.688524590163935,0.8929889298892989,2.6229508196721314,0.1639344262295082,1.1475409836065575,0.0,1.4754098360655739,0.819672131147541,3.278688524590164,0.819672131147541,0.3125,1.1475409836065575,0.0,1.1475409836065575,0.08226858409836067,0.6557377049180328,0.07169119471428573,0.0,1.1475409836065575,1.8032786885245902,21.311475409836067,MF,0.1639344262295082,0.1639344262295082,1.1475409836065575,0.6557377049180328,0.1639344262295082,0.49180327868852464,0.6557377049180328,0.1639344262295082,2.1311475409836067,0.0,,,,0.0,0.0,,,0.0,0.0,0.0,90.16393442622952,0.9836065573770493,0.9836065573770493,,0.14285714285714285,0.5714285714285714,0.8333333333333335,MF,MF,CM
26,Alisson,GK,br Brazil,29.0,1.eng Liverpool,1992.0,4.0,4.0,379.0,4.2,0.0,0.0,0.0,0.0,0.0,0.0,0.0,0.0,0.0,0.0,0.0,0.0,0.0,Matches,7a2e46a8,26,Alisson,GK,br Brazil,0.0,0.0,0.0,,0.0,0.0,,,0.0,0.0,Matches,7a2e46a8,26,Alisson,GK,br Brazil,0.0,0.0,0.0,0.0,1.0,0.0,0.0,0.0,0.0,,,0.0,Matches,7a2e46a8,1,Alisson,GK,br Brazil,1.eng Liverpool,4.0,4.0,379.0,4.2,2.0,0.47,7.0,5.0,71.4,3.0,1.0,0.0,2.0,50.0,0.0,0.0,0.0,0.0,,Matches,7a2e46a8,349.0,3.9,0.0,0.0,0.0,0.0,0.0,0.0,0.0,0.0,0.0,49.0,0.0,5.0,2.0,7.0,71.4,2.0,0.0,0.0,0.0,0.0,0.0,0.0,0.0,0.0,12.564102564102564,0.0,1.2820512820512822,0.5128205128205129,Alisson Ramsés Becker,token-subset,0.0,0.0,0.0,0.23809523809523808,0.23809523809523808,0.0,5.476190476190476,10.476190476190476,0.0,3.571428571428571,9.285714285714285,41.29959349593496,0.47619047619047616,0.7142857142857143,0.0,1.1904761904761905,0.0,-0.2353015459523809,0.23809523809523808,0.0,0.0,22.38095238095238,10.0,6.428571428571428,0.851063829787234,1.1904761904761905,0.23809523809523808,0.0,0.0,0.0,0.0,0.0,0.0,0.0,0.0,0.0,0.0,0.0,0.0,0.0,0.0,0.0,0.0,0.0,GK,0.0,0.0,0.0,0.0,0.0,0.0,0.0,0.0,0.23809523809523808,0.0,1.1904761904761905,0.47619047619047616,0.47619047619047616,0.0,0.0,,,0.0,0.0,0.0,90.23809523809524,0.9523809523809523,0.9523809523809523,0.7142857142857143,0.0,0.0,0.0,GK,GK,GK
292,Alistair Johnston,DF,ca Canada,23.0,1.us CF Montréal,1998.0,3.0,3.0,270.0,3.0,0.0,0.0,0.0,0.0,0.0,0.0,1.0,0.0,0.0,0.0,0.0,0.0,0.0,Matches,4fb17e20,292,Alistair Johnston,DF,ca Canada,0.0,2.0,1.0,50.0,0.67,0.33,0.0,0.0,0.0,0.0,Matches,4fb17e20,292,Alistair Johnston,DF,ca Canada,1.0,0.0,0.0,5.0,3.0,0.0,8.0,2.0,3.0,,,0.0,Matches,4fb17e20,,,,,,,,,,,,,,,,,,,,,,,,,,,270.0,3.0,0.0,0.0,2.0,4.0,1.0,2.0,5.0,0.0,0.0,123.0,4.0,0.0,0.0,0.0,0.0,0.0,0.0,0.0,0.6666666666666666,1.3333333333333333,0.3333333333333333,0.6666666666666666,0.0,0.0,41.0,1.3333333333333333,0.0,0.0,Alistair Johnston,exact,12.666666666666666,2.6666666666666665,6.666666666666667,0.0,0.0,1.6666666666666667,4.666666666666667,42.333333333333336,0.0,0.0,0.0,0.0,25.666666666666668,9.666666666666666,0.6666666666666666,9.333333333333334,0.0,0.0,0.0,0.5,0.3333333333333333,62.333333333333336,22.666666666666668,24.333333333333332,0.8342245989304813,8.333333333333334,2.0,1.3333333333333333,0.0,4.666666666666667,2.6666666666666665,2.6666666666666665,2.3333333333333335,0.7,1.0,0.0,0.6666666666666666,0.22411832466666667,0.3333333333333333,0.336177487,0.0,1.3333333333333333,1.0,11.0,FB/WB,0.0,0.0,0.6666666666666666,0.3333333333333333,2.6666666666666665,0.6666666666666666,1.0,1.6666666666666667,1.0,0.0,,,,0.0,0.0,,,0.0,0.3333333333333333,0.0,90.0,1.0,1.0,,0.0,0.5,0.0,DF,DF,RB
140,Alphonso Davies,MFFW,ca Canada,21.0,1.de Bayern Munich,2000.0,3.0,3.0,270.0,3.0,1.0,0.0,1.0,1.0,0.0,1.0,1.0,0.0,0.33,0.0,0.33,0.33,0.33,Matches,d781d855,140,Alphonso Davies,MFFW,ca Canada,1.0,4.0,2.0,50.0,1.33,0.67,0.25,0.5,0.0,1.0,Matches,d781d855,140,Alphonso Davies,MFFW,ca Canada,1.0,0.0,0.0,4.0,4.0,1.0,11.0,3.0,1.0,,,0.0,Matches,d781d855,,,,,,,,,,,,,,,,,,,,,,,,,,,270.0,3.0,1.0,0.0,4.0,4.0,1.0,5.0,4.0,22.0,12.0,110.0,13.0,0.0,0.0,0.0,0.0,0.0,0.3333333333333333,0.0,1.3333333333333333,1.3333333333333333,0.3333333333333333,1.6666666666666667,7.333333333333333,4.0,36.66666666666666,4.333333333333333,0.0,0.0,Alphonso Davies,exact-name,16.0,8.0,7.666666666666667,0.0,0.0,0.3333333333333333,7.0,40.0,0.3333333333333333,0.0,0.0,0.0,18.666666666666668,9.666666666666666,0.0,6.333333333333333,0.6666666666666666,0.0,0.0,0.0,0.3333333333333333,38.0,6.333333333333333,9.0,0.7192982456140351,2.3333333333333335,1.3333333333333333,1.3333333333333333,0.6666666666666666,5.333333333333333,0.6666666666666666,2.0,1.3333333333333333,0.5,0.3333333333333333,0.0,1.3333333333333333,0.30956296599999994,0.6666666666666666,0.04839629933333333,0.3333333333333333,1.3333333333333333,2.6666666666666665,22.333333333333332,FB/WB,0.3333333333333333,0.0,1.3333333333333333,0.6666666666666666,3.6666666666666665,1.0,0.3333333333333333,1.3333333333333333,1.3333333333333333,0.3333333333333333,,,,0.0,0.3333333333333333,,,0.0,0.3333333333333333,0.0,90.0,1.0,1.0,,0.25,0.5,0.5454545454545455,FW,MFFW,LWB
120,Andreas Christensen,DF,dk Denmark,26.0,1.es Barcelona,1996.0,3.0,3.0,270.0,3.0,1.0,0.0,1.0,1.0,0.0,0.0,1.0,0.0,0.33,0.0,0.33,0.33,0.33,Matches,1cb49278,120,Andreas Christensen,DF,dk Denmark,1.0,2.0,1.0,50.0,0.67,0.33,0.5,1.0,0.0,0.0,Matches,1cb49278,120,Andreas Christensen,DF,dk Denmark,1.0,0.0,0.0,2.0,1.0,1.0,0.0,4.0,3.0,,,0.0,Matches,1cb49278,,,,,,,,,,,,,,,,,,,,,,,,,,,270.0,3.0,1.0,0.0,2.0,0.0,0.0,6.0,2.0,1.0,1.0,217.0,8.0,0.0,0.0,0.0,0.0,0.0,0.3333333333333333,0.0,0.6666666666666666,0.0,0.0,2.0,0.3333333333333333,0.3333333333333333,72.33333333333333,2.6666666666666665,0.0,0.0,Andreas Christensen,exact,3.6666666666666665,0.3333333333333333,2.6666666666666665,0.0,0.0,1.6666666666666667,3.6666666666666665,74.0,0.0,0.0,0.0,0.0,15.333333333333334,12.333333333333334,0.3333333333333333,7.333333333333333,0.0,0.0,0.0,0.0,0.6666666666666666,83.33333333333333,26.333333333333332,26.0,0.944,6.666666666666667,2.6666666666666665,0.0,0.0,0.3333333333333333,3.6666666666666665,2.3333333333333335,2.3333333333333335,0.5833333333333334,0.3333333333333333,0.0,0.6666666666666666,0.17506588666666664,0.3333333333333333,0.26259882999999995,0.3333333333333333,0.0,1.0,1.6666666666666667,CB,0.3333333333333333,0.0,0.6666666666666666,0.3333333333333333,0.0,1.3333333333333333,1.0,0.6666666666666666,0.3333333333333333,0.3333333333333333,,,,0.0,0.0,,,0.0,0.3333333333333333,0.0,90.0,1.0,1.0,,0.5,0.5,1.0,DF,DF,CB
330,Andrej Kramarić,FW,hr Croatia,30.0,1.de Hoffenheim,1991.0,7.0,7.0,474.0,5.3,2.0,0.0,2.0,2.0,0.0,0.0,0.0,0.0,0.38,0.0,0.38,0.38,0.38,Matches,603cb947,330,Andrej Kramarić,FW,hr Croatia,2.0,10.0,4.0,40.0,1.9,0.76,0.2,0.5,0.0,0.0,Matches,603cb947,330,Andrej Kramarić,FW,hr Croatia,0.0,0.0,0.0,1.0,4.0,2.0,6.0,0.0,2.0,,,0.0,Matches,603cb947,,,,,,,,,,,,,,,,,,,,,,,,,,,474.0,5.3,2.0,0.0,10.0,7.0,0.0,0.0,1.0,7.0,3.0,166.0,5.0,0.0,0.0,0.0,0.0,0.0,0.3773584905660377,0.0,1.8867924528301887,1.3207547169811322,0.0,0.0,1.3207547169811322,0.5660377358490566,31.32075471698113,0.9433962264150944,0.0,0.0,Andrej Kramarić,exact-name,7.169811320754717,4.150943396226415,2.6415094339622645,0.0,0.0,0.0,2.452830188679245,43.9622641509434,0.5660377358490566,0.0,0.0,0.0,22.641509433962266,10.18867924528302,0.5660377358490566,2.0754716981132075,0.7547169811320755,0.0,0.0,0.5714285714285714,0.18867924528301888,32.64150943396226,2.2641509433962264,6.037735849056604,0.8728323699421965,0.9433962264150944,1.1320754716981132,0.9433962264150944,0.0,2.0754716981132075,0.0,1.509433962264151,0.18867924528301888,0.2,0.18867924528301888,0.0,1.8867924528301887,0.2051428703773585,0.7547169811320755,0.1087257213,0.0,0.9433962264150944,5.471698113207547,23.962264150943398,Wide,0.37735849056603776,0.0,1.8867924528301887,0.7547169811320755,1.1320754716981132,0.0,0.37735849056603776,0.18867924528301888,0.7547169811320755,0.37735849056603776,,,,0.0,0.0,,,0.0,0.0,0.0,89.43396226415095,1.3207547169811322,1.3207547169811322,,0.2,0.4,0.4285714285714285,FW,FW,RW
451,Andries Noppert,GK,nl Netherlands,28.0,1.nl Heerenveen,1994.0,5.0,5.0,480.0,5.3,0.0,0.0,0.0,0.0,0.0,0.0,0.0,0.0,0.0,0.0,0.0,0.0,0.0,Matches,2dc9d6fb,451,Andries Noppert,GK,nl Netherlands,0.0,0.0,0.0,,0.0,0.0,,,0.0,0.0,Matches,2dc9d6fb,451,Andries Noppert,GK,nl Netherlands,0.0,0.0,0.0,0.0,0.0,0.0,0.0,0.0,0.0,,,0.0,Matches,2dc9d6fb,26,Andries Noppert,GK,nl Netherlands,1.nl Heerenveen,5.0,5.0,480.0,5.3,4.0,0.75,22.0,18.0,81.8,3.0,2.0,0.0,2.0,40.0,1.0,1.0,0.0,0.0,0.0,Matches,2dc9d6fb,450.0,5.0,0.0,0.0,0.0,0.0,0.0,0.0,0.0,0.0,0.0,93.0,0.0,18.0,4.0,22.0,81.8,2.0,0.0,0.0,0.0,0.0,0.0,0.0,0.0,0.0,18.6,0.0,3.6,0.4,Andries Noppert,exact,0.0,0.0,0.0,0.9433962264150944,1.1320754716981132,0.0,4.90566037735849,18.67924528301887,0.0,11.320754716981133,6.7924528301886795,38.60463709677418,0.0,1.6981132075471699,0.0,0.7547169811320755,0.0,0.05788969735849052,0.18867924528301888,0.0,0.0,36.0377358490566,27.735849056603776,19.433962264150946,0.8219895287958116,0.7547169811320755,0.7547169811320755,0.0,0.0,0.0,0.0,0.0,0.0,0.0,0.0,0.0,0.0,0.0,0.0,0.0,0.0,0.0,0.0,0.0,GK,0.0,0.0,0.0,0.0,0.0,0.0,0.0,0.0,0.0,0.0,3.3962264150943398,0.7547169811320755,0.37735849056603776,0.0,0.0,,,0.0,0.0,0.0,90.56603773584906,0.9433962264150944,0.9433962264150944,0.8181818181818182,0.0,0.0,0.0,GK,GK,GK
153,Ángel Di María,MFFW,ar Argentina,34.0,1.it Juventus,1988.0,5.0,4.0,288.0,3.2,1.0,1.0,2.0,1.0,0.0,0.0,0.0,0.0,0.31,0.31,0.62,0.31,0.62,Matches,19cda00b,153,Ángel Di María,MFFW,ar Argentina,1.0,6.0,3.0,50.0,1.87,0.94,0.17,0.33,0.0,0.0,Matches,19cda00b,153,Ángel Di María,MFFW,ar Argentina,0.0,0.0,0.0,0.0,7.0,5.0,27.0,1.0,1.0,,,0.0,Matches,19cda00b,,,,,,,,,,,,,,,,,,,,,,,,,,,258.0,2.9,1.0,1.0,7.0,24.0,0.0,2.0,0.0,29.0,18.0,184.0,19.0,0.0,0.0,0.0,0.0,0.0,0.3448275862068966,0.3448275862068966,2.413793103448276,8.275862068965518,0.0,0.6896551724137931,10.0,6.206896551724138,63.44827586206897,6.551724137931035,0.0,0.0,Ángel Fabián Di María Hernández,token-subset,10.625,5.0,2.8125,0.0,0.0,0.0,3.4375,62.8125,0.625,0.0,0.0,0.0,51.875,6.5625,0.0,4.375,4.0625,0.0,0.0,0.375,0.0,51.25,10.9375,13.125,0.7682926829268293,0.625,4.0625,3.125,0.3125,12.1875,0.0,1.25,0.0,0.0,0.3125,0.0,2.1875,0.166823575,1.25,0.07626220571428573,0.0,3.125,2.1875,38.125,MF,0.3125,0.3125,1.875,0.9375,8.4375,0.3125,0.3125,0.0,2.1875,1.5625,,,,0.0,0.0,,,0.0,0.0,0.0,90.0,1.5625,1.25,,0.16666666666666666,0.5,0.6206896551724138,FW,MFFW,RM
225,Antoine Griezmann,MF,fr France,31.0,1.es Atlético Madrid,1991.0,7.0,6.0,537.0,6.0,0.0,3.0,3.0,0.0,0.0,0.0,1.0,0.0,0.0,0.5,0.5,0.0,0.5,Matches,df69b544,225,Antoine Griezmann,MF,fr France,0.0,6.0,3.0,50.0,1.01,0.5,0.0,0.0,0.0,0.0,Matches,df69b544,225,Antoine Griezmann,MF,fr France,1.0,0.0,0.0,3.0,9.0,3.0,40.0,8.0,8.0,,,0.0,Matches,df69b544,,,,,,,,,,,,,,,,,,,,,,,,,,,540.0,6.0,0.0,3.0,6.0,10.0,2.0,11.0,3.0,8.0,3.0,225.0,16.0,0.0,0.0,0.0,0.0,0.0,0.0,0.5,1.0,1.6666666666666667,0.3333333333333333,1.8333333333333333,1.3333333333333333,0.5,37.5,2.6666666666666665,0.0,0.0,Antoine Griezmann,exact,20.833333333333332,4.666666666666667,11.0,0.0,0.0,0.8333333333333334,4.166666666666667,48.0,0.3333333333333333,0.0,0.0,0.0,16.833333333333332,13.666666666666666,0.16666666666666666,7.833333333333333,0.5,0.0,0.0,0.5,0.0,53.833333333333336,14.833333333333334,21.166666666666668,0.7894736842105263,5.666666666666667,3.5,2.8333333333333335,0.3333333333333333,10.166666666666666,1.3333333333333333,1.6666666666666667,1.5,0.6428571428571429,1.0,0.0,1.0,0.08272001183333333,0.3333333333333333,0.08272001183333333,0.0,2.8333333333333335,2.6666666666666665,17.0,MF,0.0,0.5,1.0,0.5,6.666666666666667,1.3333333333333333,1.3333333333333333,0.5,1.5,0.5,,,,0.0,0.0,,,0.0,0.16666666666666666,0.0,89.5,1.1666666666666667,1.0,,0.0,0.5,0.375,MF,MF,AM
519,Antonee Robinson,DF,us United States,24.0,1.eng Fulham,1997.0,4.0,4.0,359.0,4.0,0.0,0.0,0.0,0.0,0.0,0.0,0.0,0.0,0.0,0.0,0.0,0.0,0.0,Matches,289601e6,519,Antonee Robinson,DF,us United States,0.0,0.0,0.0,,0.0,0.0,,,0.0,0.0,Matches,289601e6,519,Antonee Robinson,DF,us United States,0.0,0.0,0.0,2.0,0.0,1.0,21.0,7.0,5.0,,,0.0,Matches,289601e6,,,,,,,,,,,,,,,,,,,,,,,,,,,361.0,4.0,0.0,0.0,0.0,15.0,2.0,8.0,3.0,7.0,4.0,187.0,19.0,0.0,0.0,0.0,0.0,0.0,0.0,0.0,0.0,3.75,0.5,2.0,1.75,1.0,46.75,4.75,0.0,0.0,Antonee Robinson,exact,12.75,2.75,3.5,0.0,0.0,1.25,7.75,45.5,0.0,0.0,0.0,0.0,37.25,6.5,0.0,10.25,0.5,0.0,0.0,0.2,0.0,60.0,21.5,21.75,0.7291666666666666,6.75,1.75,0.75,0.0,6.25,2.0,1.5,0.5,0.25,1.25,0.0,0.0,0.0,0.0,0.0,0.0,0.75,1.0,18.5,FB/WB,0.0,0.0,0.0,0.0,5.25,1.75,1.25,0.5,0.0,0.25,,,,0.0,0.0,,,0.0,0.0,0.0,89.75,1.0,1.0,,0.0,0.0,0.5714285714285714,DF,DF,LB
533,Antonio Rüdiger,DF,de Germany,29.0,1.es Real Madrid,1993.0,3.0,3.0,270.0,3.0,0.0,0.0,0.0,0.0,0.0,0.0,0.0,0.0,0.0,0.0,0.0,0.0,0.0,Matches,18b896d6,533,Antonio Rüdiger,DF,de Germany,0.0,6.0,1.0,16.7,2.0,0.33,0.0,0.0,0.0,0.0,Matches,18b896d6,533,Antonio Rüdiger,DF,de Germany,0.0,0.0,0.0,0.0,3.0,1.0,0.0,0.0,1.0,,,0.0,Matches,18b896d6,,,,,,,,,,,,,,,,,,,,,,,,,,,270.0,3.0,0.0,0.0,6.0,0.0,1.0,0.0,0.0,0.0,0.0,193.0,4.0,0.0,0.0,0.0,0.0,0.0,0.0,0.0,2.0,0.0,0.3333333333333333,0.0,0.0,0.0,64.33333333333333,1.3333333333333333,0.0,0.0,Antonio Rüdiger,exact-name,4.666666666666667,0.3333333333333333,2.3333333333333335,0.0,0.0,1.3333333333333333,5.333333333333333,72.66666666666667,0.3333333333333333,0.0,0.0,0.0,10.0,17.0,0.3333333333333333,11.0,0.0,0.0,0.0,0.0,0.6666666666666666,82.33333333333333,31.0,29.666666666666668,0.9190283400809717,11.0,1.0,0.0,0.0,0.3333333333333333,3.0,1.6666666666666667,1.3333333333333333,0.5714285714285714,0.3333333333333333,0.0,2.0,0.21990522756666667,0.3333333333333333,0.10995261378333333,0.0,0.0,3.0,6.0,CB,0.0,0.0,2.0,0.3333333333333333,0.0,0.0,0.3333333333333333,0.0,1.0,0.3333333333333333,,,,0.0,0.0,,,0.0,0.0,0.0,90.0,1.0,1.0,,0.0,0.16666666666666666,0.0,DF,DF,CB
605,Aurélien Tchouaméni,MF,fr France,22.0,1.es Real Madrid,2000.0,7.0,7.0,621.0,6.9,1.0,0.0,1.0,1.0,0.0,0.0,1.0,0.0,0.14,0.0,0.14,0.14,0.14,Matches,4f255115,605,Aurélien Tchouaméni,MF,fr France,1.0,6.0,2.0,33.3,0.87,0.29,0.17,0.5,0.0,0.0,Matches,4f255115,605,Aurélien Tchouaméni,MF,fr France,1.0,0.0,0.0,8.0,10.0,0.0,3.0,14.0,4.0,,,0.0,Matches,4f255115,,,,,,,,,,,,,,,,,,,,,,,,,,,591.0,6.6,1.0,0.0,6.0,1.0,1.0,15.0,8.0,3.0,2.0,390.0,9.0,0.0,0.0,0.0,0.0,0.0,0.1515151515151515,0.0,0.9090909090909092,0.1515151515151515,0.1515151515151515,2.272727272727273,0.4545454545454546,0.303030303030303,59.09090909090909,1.3636363636363638,0.0,0.0,Aurélien Djani Tchouaméni,token-subset,9.27536231884058,1.0144927536231882,4.057971014492753,0.0,0.0,0.43478260869565216,5.36231884057971,58.985507246376805,0.43478260869565216,0.0,0.0,0.0,13.91304347826087,17.246376811594203,0.14492753623188406,8.98550724637681,0.0,0.0,0.0,0.0,0.14492753623188406,68.1159420289855,18.98550724637681,17.82608695652174,0.9170212765957447,7.6811594202898545,1.5942028985507246,0.8695652173913043,0.2898550724637681,1.4492753623188406,1.1594202898550725,1.0144927536231882,1.3043478260869565,0.75,0.5797101449275363,0.0,1.0144927536231882,0.1714343620289855,0.2898550724637681,0.066566183,0.0,0.8695652173913043,0.2898550724637681,7.826086956521738,MF,0.14492753623188406,0.0,0.8695652173913043,0.2898550724637681,0.43478260869565216,2.0289855072463765,0.5797101449275363,1.1594202898550725,1.4492753623188406,0.0,,,,0.0,0.0,,,0.0,0.14492753623188406,0.0,90.0,1.0144927536231882,1.0144927536231882,,0.16666666666666666,0.3333333333333333,0.6666666666666665,MF,MF,DM
657,Axel Witsel,MF,be Belgium,33.0,1.es Atlético Madrid,1989.0,3.0,3.0,270.0,3.0,0.0,0.0,0.0,0.0,0.0,0.0,0.0,0.0,0.0,0.0,0.0,0.0,0.0,Matches,5dfc6ad5,657,Axel Witsel,MF,be Belgium,0.0,1.0,0.0,0.0,0.33,0.0,0.0,,0.0,0.0,Matches,5dfc6ad5,657,Axel Witsel,MF,be Belgium,0.0,0.0,0.0,5.0,4.0,0.0,0.0,4.0,2.0,,,0.0,Matches,5dfc6ad5,,,,,,,,,,,,,,,,,,,,,,,,,,,270.0,3.0,0.0,0.0,1.0,0.0,2.0,3.0,6.0,0.0,0.0,136.0,5.0,0.0,0.0,0.0,0.0,0.0,0.0,0.0,0.3333333333333333,0.0,0.6666666666666666,1.0,0.0,0.0,45.333333333333336,1.6666666666666667,0.0,0.0,Axel Witsel,exact,14.333333333333334,0.3333333333333333,7.333333333333333,0.0,0.0,1.0,3.3333333333333335,49.666666666666664,0.0,0.0,0.0,0.0,12.333333333333334,12.0,0.0,3.6666666666666665,0.0,0.0,0.0,0.0,0.0,58.666666666666664,11.333333333333334,14.666666666666666,0.9602272727272727,3.3333333333333335,0.0,0.3333333333333333,0.0,0.3333333333333333,2.0,2.3333333333333335,1.3333333333333333,0.6666666666666666,1.0,0.0,0.3333333333333333,0.008446785333333333,0.0,0.025340356,0.0,0.3333333333333333,0.0,5.0,MF,0.0,0.0,0.3333333333333333,0.0,0.0,1.3333333333333333,0.6666666666666666,1.6666666666666667,1.3333333333333333,0.0,,,,0.0,0.0,,,0.0,0.0,0.0,90.0,1.0,1.0,,0.0,0.0,0.0,MF,MF,DM
134,Aymen Dahmen,GK,tn Tunisia,25.0,1.tn CS Sfaxien,1997.0,3.0,3.0,270.0,3.0,0.0,0.0,0.0,0.0,0.0,0.0,0.0,0.0,0.0,0.0,0.0,0.0,0.0,Matches,8bf49030,134,Aymen Dahmen,GK,tn Tunisia,0.0,0.0,0.0,,0.0,0.0,,,0.0,0.0,Matches,8bf49030,134,Aymen Dahmen,GK,tn Tunisia,0.0,0.0,0.0,0.0,0.0,0.0,0.0,0.0,0.0,,,0.0,Matches,8bf49030,9,Aymen Dahmen,GK,tn Tunisia,1.tn CS Sfaxien,3.0,3.0,270.0,3.0,1.0,0.33,10.0,9.0,90.0,1.0,1.0,1.0,2.0,66.7,0.0,0.0,0.0,0.0,,Matches,8bf49030,270.0,3.0,0.0,0.0,0.0,0.0,0.0,0.0,0.0,0.0,0.0,42.0,1.0,9.0,1.0,10.0,90.0,2.0,0.0,0.0,0.0,0.0,0.0,0.0,0.0,0.0,14.0,0.3333333333333333,3.0,0.6666666666666666,Aymen Dahmen,exact,0.0,0.0,0.0,0.3333333333333333,0.6666666666666666,0.0,2.3333333333333335,12.666666666666666,0.0,16.0,8.0,40.82160804020105,0.0,0.0,0.0,3.3333333333333335,0.0,0.3303034822333332,0.3333333333333333,0.0,0.0,25.666666666666668,18.0,19.0,0.6233766233766234,3.3333333333333335,0.3333333333333333,0.0,0.0,0.3333333333333333,0.0,0.0,0.0,0.0,0.0,0.0,0.0,0.0,0.0,0.0,0.0,0.0,0.0,0.0,GK,0.0,0.0,0.0,0.0,0.0,0.0,0.0,0.0,0.0,0.0,3.0,0.3333333333333333,0.6666666666666666,0.0,0.0,,,0.0,0.0,0.0,90.0,1.0,1.0,0.9,0.0,0.0,0.0,GK,GK,GK
342,Aymeric Laporte,DF,es Spain,28.0,1.eng Manchester City,1994.0,3.0,3.0,300.0,3.3,0.0,0.0,0.0,0.0,0.0,0.0,1.0,0.0,0.0,0.0,0.0,0.0,0.0,Matches,119b9a8e,342,Aymeric Laporte,DF,es Spain,0.0,1.0,0.0,0.0,0.3,0.0,0.0,,0.0,0.0,Matches,119b9a8e,342,Aymeric Laporte,DF,es Spain,1.0,0.0,0.0,3.0,2.0,0.0,0.0,2.0,0.0,,,0.0,Matches,119b9a8e,,,,,,,,,,,,,,,,,,,,,,,,,,,270.0,3.0,0.0,0.0,1.0,0.0,0.0,4.0,3.0,1.0,1.0,348.0,19.0,0.0,0.0,0.0,0.0,0.0,0.0,0.0,0.3333333333333333,0.0,0.0,1.3333333333333333,0.3333333333333333,0.3333333333333333,116.0,6.333333333333333,0.0,0.0,Aymeric Laporte,exact-name,3.3333333333333335,0.0,2.4242424242424243,0.0,0.0,2.121212121212121,1.5151515151515151,118.18181818181819,0.0,0.0,0.0,0.0,17.272727272727273,38.18181818181819,0.0,12.424242424242426,0.0,0.0,0.0,0.0,0.30303030303030304,130.0,39.6969696969697,29.6969696969697,0.9417249417249417,11.212121212121213,1.2121212121212122,0.30303030303030304,0.6060606060606061,1.5151515151515151,2.4242424242424243,0.6060606060606061,1.8181818181818183,0.6666666666666666,0.30303030303030304,0.0,0.30303030303030304,0.012562354545454547,0.0,0.04145577,0.0,0.30303030303030304,0.6060606060606061,0.9090909090909092,CB,0.0,0.0,0.30303030303030304,0.0,0.0,0.6060606060606061,0.0,0.9090909090909092,0.6060606060606061,0.0,,,,0.0,0.0,,,0.0,0.30303030303030304,0.0,90.90909090909092,0.9090909090909092,0.9090909090909092,,0.0,0.0,1.0,DF,DF,CB
69,Aziz Behich,DF,au Australia,31.0,1.sct Dundee United,1990.0,4.0,4.0,360.0,4.0,0.0,0.0,0.0,0.0,0.0,0.0,1.0,0.0,0.0,0.0,0.0,0.0,0.0,Matches,b6867b96,69,Aziz Behich,DF,au Australia,0.0,2.0,0.0,0.0,0.5,0.0,0.0,,0.0,0.0,Matches,b6867b96,69,Aziz Behich,DF,au Australia,1.0,0.0,0.0,3.0,3.0,0.0,5.0,3.0,3.0,,,0.0,Matches,b6867b96,,,,,,,,,,,,,,,,,,,,,,,,,,,360.0,4.0,0.0,0.0,2.0,3.0,3.0,6.0,4.0,10.0,8.0,145.0,4.0,0.0,0.0,0.0,0.0,0.0,0.0,0.0,0.5,0.75,0.75,1.5,2.5,2.0,36.25,1.0,0.0,0.0,Aziz Eraltay Behich,token-subset,8.25,1.25,3.0,0.0,0.0,0.75,4.0,38.5,0.25,0.0,0.0,0.0,28.0,7.5,0.25,7.75,1.0,0.0,0.0,0.0,0.0,51.0,15.0,17.25,0.7549019607843137,6.5,1.25,0.0,0.0,2.0,1.5,3.25,0.75,0.75,0.75,0.0,0.5,0.0317247295,0.0,0.063449459,0.0,0.0,0.5,9.25,FB/WB,0.0,0.0,0.5,0.0,1.25,0.75,0.75,0.75,0.75,0.0,,,,0.0,0.0,,,0.0,0.25,0.0,90.0,1.0,1.0,,0.0,0.0,0.8,DF,DF,LB
471,Azzedine Ounahi,MF,ma Morocco,22.0,1.fr Angers,2000.0,7.0,6.0,568.0,6.3,0.0,0.0,0.0,0.0,0.0,0.0,1.0,0.0,0.0,0.0,0.0,0.0,0.0,Matches,83299cc0,471,Azzedine Ounahi,MF,ma Morocco,0.0,6.0,1.0,16.7,0.95,0.16,0.0,0.0,0.0,0.0,Matches,83299cc0,471,Azzedine Ounahi,MF,ma Morocco,1.0,0.0,0.0,3.0,13.0,1.0,3.0,7.0,7.0,,,0.0,Matches,83299cc0,,,,,,,,,,,,,,,,,,,,,,,,,,,567.0,6.3,0.0,0.0,6.0,1.0,1.0,11.0,3.0,12.0,10.0,251.0,14.0,0.0,0.0,0.0,0.0,0.0,0.0,0.0,0.9523809523809524,0.1587301587301587,0.1587301587301587,1.746031746031746,1.9047619047619049,1.5873015873015874,39.84126984126984,2.2222222222222223,0.0,0.0,Azzedine Ounahi,exact,14.444444444444445,3.015873015873016,7.4603174603174605,0.0,0.0,0.15873015873015872,5.396825396825397,45.714285714285715,0.15873015873015872,0.0,0.0,0.0,20.158730158730158,11.904761904761905,0.0,7.142857142857143,0.15873015873015872,0.0,0.0,0.0,0.0,42.38095238095238,10.317460317460318,9.206349206349207,0.8277153558052435,4.603174603174604,0.9523809523809524,0.9523809523809524,0.31746031746031744,2.5396825396825395,0.31746031746031744,1.2698412698412698,0.31746031746031744,0.2857142857142857,0.7936507936507937,0.0,0.9523809523809524,0.03884134587301587,0.15873015873015872,0.040783413166666664,0.0,0.9523809523809524,0.7936507936507937,10.952380952380953,MF,0.0,0.0,0.9523809523809524,0.15873015873015872,0.4761904761904762,1.1111111111111112,1.1111111111111112,0.4761904761904762,2.0634920634920637,0.15873015873015872,,,,0.0,0.0,,,0.0,0.15873015873015872,0.0,90.15873015873017,1.1111111111111112,0.9523809523809524,,0.0,0.16666666666666666,0.8333333333333334,MF,MF,CM
75,Bartosz Bereszyński,DF,pl Poland,29.0,1.it Sampdoria,1992.0,4.0,4.0,341.0,3.8,0.0,0.0,0.0,0.0,0.0,0.0,1.0,0.0,0.0,0.0,0.0,0.0,0.0,Matches,61b3978f,75,Bartosz Bereszyński,DF,pl Poland,0.0,0.0,0.0,,0.0,0.0,,,0.0,0.0,Matches,61b3978f,75,Bartosz Bereszyński,DF,pl Poland,1.0,0.0,0.0,5.0,3.0,0.0,4.0,3.0,2.0,,,0.0,Matches,61b3978f,,,,,,,,,,,,,,,,,,,,,,,,,,,342.0,3.8,0.0,0.0,0.0,4.0,3.0,4.0,5.0,7.0,3.0,94.0,1.0,0.0,0.0,0.0,0.0,0.0,0.0,0.0,0.0,1.0526315789473684,0.7894736842105263,1.0526315789473684,1.842105263157895,0.7894736842105263,24.73684210526316,0.2631578947368421,0.0,0.0,Bartosz Bereszyński,exact,10.0,1.3157894736842106,3.1578947368421053,0.0,0.0,2.1052631578947367,3.947368421052632,24.736842105263158,0.0,0.0,0.0,0.0,19.210526315789476,3.947368421052632,0.0,3.947368421052632,0.5263157894736842,0.0,0.0,0.25,0.0,39.473684210526315,11.052631578947368,15.0,0.8066666666666666,3.4210526315789473,0.2631578947368421,0.0,0.0,2.8947368421052633,3.947368421052632,2.8947368421052633,1.3157894736842106,0.8333333333333334,1.0526315789473684,0.0,0.0,0.0,0.0,0.0,0.0,0.0,0.2631578947368421,7.105263157894737,FB/WB,0.0,0.0,0.0,0.0,1.0526315789473684,0.7894736842105263,0.5263157894736842,1.3157894736842106,0.7894736842105263,0.0,,,,0.0,0.0,,,0.0,0.2631578947368421,0.0,89.73684210526316,1.0526315789473684,1.0526315789473684,,0.0,0.0,0.42857142857142855,DF,DF,LB
570,Bernardo Silva,MF,pt Portugal,27.0,1.eng Manchester City,1994.0,5.0,4.0,356.0,4.0,0.0,0.0,0.0,0.0,0.0,0.0,0.0,0.0,0.0,0.0,0.0,0.0,0.0,Matches,3eb22ec9,570,Bernardo Silva,MF,pt Portugal,0.0,1.0,0.0,0.0,0.25,0.0,0.0,,0.0,0.0,Matches,3eb22ec9,570,Bernardo Silva,MF,pt Portugal,0.0,0.0,0.0,1.0,2.0,0.0,5.0,2.0,2.0,,,0.0,Matches,3eb22ec9,,,,,,,,,,,,,,,,,,,,,,,,,,,356.0,4.0,0.0,0.0,1.0,4.0,3.0,2.0,2.0,5.0,1.0,238.0,20.0,0.0,0.0,0.0,0.0,0.0,0.0,0.0,0.25,1.0,0.75,0.5,1.25,0.25,59.5,5.0,0.0,0.0,Bernardo Mota Veiga de Carvalho e Silva,token-subset,14.25,6.0,6.25,0.0,0.0,0.0,6.5,68.0,0.25,0.0,0.0,0.0,30.25,19.25,0.0,12.5,0.5,0.0,0.0,0.5,0.0,73.0,13.5,16.0,0.886986301369863,7.25,1.5,1.25,0.0,2.0,0.25,0.75,0.25,0.125,1.0,0.0,0.25,0.0273192825,0.0,0.10927713,0.0,1.25,2.5,20.0,MF,0.0,0.0,0.25,0.0,1.25,0.5,0.5,0.25,0.5,0.0,,,,0.0,0.0,,,0.0,0.0,0.0,89.0,1.25,1.0,,0.0,0.0,0.2,MF,MF,CM
582,Borna Sosa,DF,hr Croatia,24.0,1.de Stuttgart,1998.0,5.0,5.0,424.0,4.7,0.0,0.0,0.0,0.0,0.0,0.0,0.0,0.0,0.0,0.0,0.0,0.0,0.0,Matches,af0d79a9,582,Borna Sosa,DF,hr Croatia,0.0,2.0,0.0,0.0,0.42,0.0,0.0,,0.0,0.0,Matches,af0d79a9,582,Borna Sosa,DF,hr Croatia,0.0,0.0,0.0,4.0,2.0,0.0,21.0,2.0,7.0,,,0.0,Matches,af0d79a9,,,,,,,,,,,,,,,,,,,,,,,,,,,424.0,4.7,0.0,0.0,2.0,18.0,2.0,4.0,4.0,7.0,3.0,212.0,12.0,0.0,0.0,0.0,0.0,0.0,0.0,0.0,0.425531914893617,3.829787234042553,0.425531914893617,0.851063829787234,1.4893617021276595,0.6382978723404255,45.1063829787234,2.553191489361702,0.0,0.0,Borna Sosa,exact,10.0,1.9148936170212765,3.404255319148936,0.0,0.0,1.702127659574468,2.978723404255319,49.36170212765957,0.0,0.0,0.0,0.0,43.82978723404255,4.468085106382978,0.0,5.74468085106383,0.0,0.0,0.0,0.2777777777777778,0.0,58.723404255319146,19.574468085106382,14.468085106382977,0.8043478260869565,4.042553191489362,1.276595744680851,0.425531914893617,0.0,3.829787234042553,3.404255319148936,1.702127659574468,0.6382978723404255,0.2727272727272727,0.851063829787234,0.0,0.425531914893617,0.010292481702127659,0.0,0.024187332,0.0,0.425531914893617,0.6382978723404255,15.319148936170212,FB/WB,0.0,0.0,0.425531914893617,0.0,4.468085106382978,0.425531914893617,1.4893617021276595,0.851063829787234,0.425531914893617,0.0,,,,0.0,0.0,,,0.0,0.0,0.0,90.2127659574468,1.0638297872340425,1.0638297872340425,,0.0,0.0,0.42857142857142855,DF,DF,LB
313,Boualem Khoukhi,DF,qa Qatar,31.0,1.qa Al Sadd,1990.0,3.0,3.0,270.0,3.0,0.0,0.0,0.0,0.0,0.0,0.0,0.0,0.0,0.0,0.0,0.0,0.0,0.0,Matches,7be5ad52,313,Boualem Khoukhi,DF,qa Qatar,0.0,0.0,0.0,,0.0,0.0,,,0.0,0.0,Matches,7be5ad52,313,Boualem Khoukhi,DF,qa Qatar,0.0,0.0,0.0,1.0,5.0,0.0,0.0,3.0,2.0,,,0.0,Matches,7be5ad52,,,,,,,,,,,,,,,,,,,,,,,,,,,270.0,3.0,0.0,0.0,0.0,1.0,2.0,3.0,1.0,1.0,0.0,146.0,5.0,0.0,0.0,0.0,0.0,0.0,0.0,0.0,0.0,0.3333333333333333,0.6666666666666666,1.0,0.3333333333333333,0.0,48.66666666666666,1.6666666666666667,0.0,0.0,Boualem Khoukhi,exact,5.666666666666667,0.0,1.6666666666666667,0.0,0.0,4.0,5.333333333333333,52.333333333333336,0.0,0.0,0.0,0.0,0.3333333333333333,10.0,0.3333333333333333,2.6666666666666665,0.0,0.0,0.0,1.0,0.0,64.66666666666667,28.0,28.333333333333332,0.8608247422680413,2.6666666666666665,1.6666666666666667,0.0,0.0,1.0,7.333333333333333,2.6666666666666665,2.0,0.5454545454545454,1.3333333333333333,0.0,0.0,0.0,0.0,0.0,0.0,0.0,1.6666666666666667,2.3333333333333335,CB,0.0,0.0,0.0,0.0,0.0,1.0,0.6666666666666666,0.3333333333333333,1.6666666666666667,0.0,,,,0.0,0.0,,,0.0,0.0,0.0,90.0,1.0,1.0,,0.0,0.0,0.0,DF,DF,CB
154,Boulaye Dia,FWMF,sn Senegal,25.0,1.it Salernitana,1996.0,4.0,4.0,318.0,3.5,1.0,0.0,1.0,1.0,0.0,0.0,1.0,0.0,0.28,0.0,0.28,0.28,0.28,Matches,244bc2c8,154,Boulaye Dia,FWMF,sn Senegal,1.0,8.0,3.0,37.5,2.26,0.85,0.13,0.33,0.0,0.0,Matches,244bc2c8,154,Boulaye Dia,FWMF,sn Senegal,1.0,0.0,0.0,3.0,3.0,2.0,1.0,1.0,0.0,,,0.0,Matches,244bc2c8,,,,,,,,,,,,,,,,,,,,,,,,,,,323.0,3.6,1.0,0.0,8.0,1.0,0.0,1.0,4.0,6.0,4.0,57.0,4.0,0.0,0.0,0.0,0.0,0.0,0.2777777777777778,0.0,2.2222222222222223,0.2777777777777778,0.0,0.2777777777777778,1.6666666666666663,1.1111111111111112,15.833333333333332,1.1111111111111112,0.0,0.0,Boulaye Dia,exact-name,8.857142857142858,4.285714285714286,3.4285714285714284,0.0,0.0,0.5714285714285714,2.5714285714285716,30.571428571428573,1.7142857142857142,0.0,0.0,0.0,10.857142857142858,8.857142857142858,0.2857142857142857,2.2857142857142856,0.5714285714285714,0.0,0.0,0.0,0.2857142857142857,15.142857142857142,0.8571428571428571,2.0,0.7358490566037735,0.5714285714285714,0.0,0.2857142857142857,0.2857142857142857,1.1428571428571428,0.8571428571428571,0.8571428571428571,0.8571428571428571,0.3,0.0,0.0,2.2857142857142856,0.1892115288571429,0.8571428571428571,0.08278004387500001,0.0,0.2857142857142857,4.857142857142857,20.285714285714285,ST,0.2857142857142857,0.0,2.2857142857142856,0.8571428571428571,0.2857142857142857,0.2857142857142857,0.0,0.8571428571428571,0.8571428571428571,0.5714285714285714,,,,0.0,0.0,,,0.0,0.2857142857142857,0.0,90.85714285714286,1.1428571428571428,1.1428571428571428,,0.125,0.375,0.6666666666666669,FW,FWMF,ST
173,Breel Embolo,FW,ch Switzerland,25.0,1.fr Monaco,1997.0,4.0,4.0,323.0,3.6,2.0,0.0,2.0,2.0,0.0,0.0,0.0,0.0,0.56,0.0,0.56,0.56,0.56,Matches,0b4f388a,173,Breel Embolo,FW,ch Switzerland,2.0,6.0,3.0,50.0,1.67,0.84,0.33,0.67,0.0,0.0,Matches,0b4f388a,173,Breel Embolo,FW,ch Switzerland,0.0,0.0,0.0,3.0,12.0,2.0,0.0,0.0,0.0,,,0.0,Matches,0b4f388a,,,,,,,,,,,,,,,,,,,,,,,,,,,328.0,3.6,2.0,0.0,6.0,0.0,1.0,1.0,3.0,4.0,2.0,75.0,7.0,0.0,0.0,0.0,0.0,0.0,0.5555555555555556,0.0,1.6666666666666663,0.0,0.2777777777777778,0.2777777777777778,1.1111111111111112,0.5555555555555556,20.83333333333333,1.9444444444444444,0.0,0.0,Breel-Donald Embolo,token-subset,13.055555555555555,9.444444444444445,3.0555555555555554,0.0,0.0,0.2777777777777778,1.6666666666666665,35.0,1.1111111111111112,0.0,0.0,0.0,7.222222222222222,11.944444444444445,0.8333333333333333,1.9444444444444444,0.5555555555555556,0.0,0.0,0.0,0.0,18.333333333333332,2.5,3.888888888888889,0.7575757575757576,0.2777777777777778,0.0,0.5555555555555556,0.2777777777777778,1.1111111111111112,0.2777777777777778,0.8333333333333333,1.1111111111111112,0.2222222222222222,0.2777777777777778,0.0,1.6666666666666665,0.6642212772222222,0.8333333333333333,0.39853276633333334,0.0,0.5555555555555556,4.166666666666667,18.333333333333332,ST,0.5555555555555556,0.0,1.6666666666666665,0.8333333333333333,0.0,0.0,0.0,0.8333333333333333,3.333333333333333,0.5555555555555556,,,,0.0,0.0,,,0.0,0.0,0.0,89.72222222222221,1.1111111111111112,1.1111111111111112,,0.3333333333333333,0.5,0.5,FW,FW,ST
190,Bruno Fernandes,FW,pt Portugal,27.0,1.eng Manchester Utd,1994.0,4.0,4.0,356.0,4.0,2.0,3.0,5.0,1.0,1.0,1.0,1.0,0.0,0.51,0.76,1.26,0.25,1.01,Matches,507c7bdf,190,Bruno Fernandes,FW,pt Portugal,2.0,8.0,3.0,37.5,2.02,0.76,0.13,0.33,1.0,1.0,Matches,507c7bdf,190,Bruno Fernandes,FW,pt Portugal,1.0,0.0,0.0,2.0,8.0,1.0,26.0,2.0,2.0,,,0.0,Matches,507c7bdf,,,,,,,,,,,,,,,,,,,,,,,,,,,356.0,4.0,2.0,3.0,8.0,5.0,4.0,1.0,4.0,6.0,3.0,184.0,9.0,0.0,0.0,0.0,0.0,0.0,0.5,0.75,2.0,1.25,1.0,0.25,1.5,0.75,46.0,2.25,0.0,0.0,Bruno Miguel Borges Fernandes,token-subset,15.5,6.25,5.25,0.0,0.0,0.75,3.75,57.75,0.5,0.0,0.0,0.0,25.75,12.25,0.25,11.25,0.25,0.0,0.0,0.4,0.0,57.75,16.5,19.75,0.8051948051948052,8.25,7.25,1.5,1.25,9.25,1.0,2.25,0.75,0.21428571428571427,1.25,0.0,2.0,0.257834215325,0.75,0.0354052659,0.0,1.5,2.5,24.0,Wide,0.5,0.75,2.0,0.75,6.5,0.5,0.5,0.5,2.0,0.25,,,,0.25,0.25,,,0.0,0.25,0.0,89.0,1.0,1.0,,0.25,0.375,0.5,FW,FW,RW
539,Bukayo Saka,FWMF,eng England,20.0,1.eng Arsenal,2001.0,4.0,4.0,288.0,3.2,3.0,0.0,3.0,3.0,0.0,0.0,0.0,0.0,0.94,0.0,0.94,0.94,0.94,Matches,bc7dc64d,539,Bukayo Saka,FWMF,eng England,3.0,7.0,5.0,71.4,2.19,1.56,0.43,0.6,0.0,0.0,Matches,bc7dc64d,539,Bukayo Saka,FWMF,eng England,0.0,0.0,0.0,7.0,6.0,2.0,5.0,2.0,4.0,,,0.0,Matches,bc7dc64d,,,,,,,,,,,,,,,,,,,,,,,,,,,289.0,3.2,3.0,0.0,7.0,6.0,0.0,2.0,7.0,5.0,2.0,110.0,9.0,0.0,0.0,0.0,0.0,0.0,0.9375,0.0,2.1875,1.875,0.0,0.625,1.5625,0.625,34.375,2.8125,0.0,0.0,Bukayo Saka,exact,15.3125,6.25,4.0625,0.0,0.0,0.0,2.8125,45.0,0.9375,0.0,0.0,0.0,27.5,9.6875,0.0,5.0,1.5625,0.0,0.0,0.5,0.0,34.6875,5.625,8.75,0.7567567567567568,1.875,1.25,1.5625,0.0,4.6875,0.625,1.5625,0.3125,0.3333333333333333,1.875,0.0,2.1875,0.18107983281249998,1.5625,0.08277935214285714,0.0,1.5625,5.625,28.125,Wide,0.9375,0.0,2.1875,1.5625,1.5625,0.625,1.25,2.1875,1.875,0.625,,,,0.0,0.0,,,0.0,0.0,0.0,90.0,1.25,1.25,,0.42857142857142855,0.7142857142857143,0.4,FW,FWMF,RW
107,Casemiro,MF,br Brazil,30.0,1.eng Manchester Utd,1992.0,4.0,4.0,390.0,4.3,1.0,0.0,1.0,1.0,0.0,0.0,1.0,0.0,0.23,0.0,0.23,0.23,0.23,Matches,4d224fe8,107,Casemiro,MF,br Brazil,1.0,9.0,3.0,33.3,2.08,0.69,0.11,0.33,0.0,0.0,Matches,4d224fe8,107,Casemiro,MF,br Brazil,1.0,0.0,0.0,7.0,3.0,0.0,2.0,6.0,4.0,,,0.0,Matches,4d224fe8,,,,,,,,,,,,,,,,,,,,,,,,,,,360.0,4.0,1.0,0.0,9.0,2.0,2.0,6.0,8.0,2.0,2.0,176.0,2.0,0.0,0.0,0.0,0.0,0.0,0.25,0.0,2.25,0.5,0.5,1.5,0.5,0.5,44.0,0.5,0.0,0.0,Carlos Henrique Casimiro,nickname,12.558139534883722,2.3255813953488373,5.348837209302326,0.0,0.0,1.1627906976744187,3.488372093023256,50.23255813953489,1.627906976744186,0.0,0.0,0.0,9.767441860465116,13.488372093023257,0.23255813953488372,8.837209302325581,0.0,0.0,0.0,0.5,0.0,60.0,18.6046511627907,17.674418604651162,0.8410852713178295,8.372093023255815,1.1627906976744187,0.9302325581395349,0.6976744186046512,2.558139534883721,1.627906976744186,4.186046511627907,1.627906976744186,0.5,1.3953488372093024,0.0,2.3255813953488373,0.26588175225581395,0.9302325581395349,0.03997683718888889,0.0,0.9302325581395349,1.1627906976744187,14.651162790697676,MF,0.23255813953488372,0.0,2.0930232558139537,0.6976744186046512,0.46511627906976744,1.3953488372093024,0.9302325581395349,1.627906976744186,0.6976744186046512,0.0,,,,0.0,0.0,,,0.0,0.23255813953488372,0.0,90.69767441860465,0.9302325581395349,0.9302325581395349,,0.1111111111111111,0.3333333333333333,1.0,MF,MF,DM
418,César Montes,DF,mx Mexico,25.0,1.mx Monterrey,1997.0,3.0,3.0,270.0,3.0,0.0,1.0,1.0,0.0,0.0,0.0,0.0,0.0,0.0,0.33,0.33,0.0,0.33,Matches,28e957d7,418,César Montes,DF,mx Mexico,0.0,1.0,0.0,0.0,0.33,0.0,0.0,,0.0,0.0,Matches,28e957d7,418,César Montes,DF,mx Mexico,0.0,0.0,0.0,4.0,0.0,0.0,0.0,2.0,4.0,,,0.0,Matches,28e957d7,,,,,,,,,,,,,,,,,,,,,,,,,,,270.0,3.0,0.0,1.0,1.0,1.0,2.0,1.0,4.0,2.0,2.0,148.0,12.0,0.0,0.0,0.0,0.0,0.0,0.0,0.3333333333333333,0.3333333333333333,0.3333333333333333,0.6666666666666666,0.3333333333333333,0.6666666666666666,0.6666666666666666,49.333333333333336,4.0,0.0,0.0,César Jasib Montes Castro,token-subset,6.0,0.0,3.3333333333333335,0.0,0.0,2.3333333333333335,2.0,54.0,0.3333333333333333,0.0,0.0,0.0,11.666666666666666,14.0,0.0,9.333333333333334,0.0,0.0,0.0,0.0,0.0,64.0,24.333333333333332,31.333333333333332,0.8489583333333334,8.666666666666666,3.3333333333333335,0.3333333333333333,0.0,2.0,5.666666666666667,0.0,3.6666666666666665,0.6111111111111112,1.3333333333333333,0.0,0.3333333333333333,0.03296486666666667,0.0,0.0988946,0.0,0.3333333333333333,1.6666666666666667,2.3333333333333335,CB,0.0,0.3333333333333333,0.3333333333333333,0.0,0.0,0.6666666666666666,1.3333333333333333,1.3333333333333333,0.0,0.0,,,,0.0,0.0,,,0.0,0.0,0.0,90.0,1.0,1.0,,0.0,0.0,1.0,DF,DF,CB
231,Cho Gue-sung,FW,kr Korea Republic,24.0,1.kr Jeonbuk,1998.0,4.0,3.0,275.0,3.1,2.0,0.0,2.0,2.0,0.0,0.0,1.0,0.0,0.65,0.0,0.65,0.65,0.65,Matches,ccfa8e5e,231,Cho Gue-sung,FW,kr Korea Republic,2.0,9.0,5.0,55.6,2.95,1.64,0.22,0.4,0.0,0.0,Matches,ccfa8e5e,231,Cho Gue-sung,FW,kr Korea Republic,1.0,0.0,0.0,7.0,6.0,4.0,1.0,0.0,0.0,,,0.0,Matches,ccfa8e5e,,,,,,,,,,,,,,,,,,,,,,,,,,,278.0,3.1,2.0,0.0,8.0,1.0,0.0,1.0,8.0,3.0,1.0,43.0,4.0,0.0,0.0,0.0,0.0,0.0,0.6451612903225806,0.0,2.5806451612903225,0.3225806451612903,0.0,0.3225806451612903,0.9677419354838708,0.3225806451612903,13.870967741935484,1.2903225806451613,0.0,0.0,Gue-Sung Cho,token-subset,18.70967741935484,8.709677419354838,8.387096774193548,0.0,0.0,0.9677419354838709,2.5806451612903225,40.64516129032258,0.6451612903225806,0.0,0.0,0.0,16.451612903225804,10.0,0.9677419354838709,3.8709677419354835,0.0,0.0,0.0,0.0,1.6129032258064515,19.35483870967742,5.483870967741935,6.129032258064516,0.65,2.5806451612903225,0.0,0.3225806451612903,0.0,1.6129032258064515,0.9677419354838709,1.2903225806451613,6.129032258064516,0.5428571428571428,0.0,0.0,2.5806451612903225,0.22986743225806452,1.6129032258064515,0.08907363,0.6451612903225806,0.3225806451612903,8.709677419354838,23.870967741935484,ST,0.6451612903225806,0.0,2.903225806451613,1.6129032258064515,0.3225806451612903,0.0,0.0,2.258064516129032,1.9354838709677418,1.2903225806451613,,,,0.0,0.0,,,0.0,0.3225806451612903,0.0,88.70967741935483,1.2903225806451613,0.9677419354838709,,0.2222222222222222,0.5555555555555556,0.33333333333333337,FW,FW,ST
395,Chris Mepham,DF,wls Wales,24.0,1.eng Bournemouth,1997.0,3.0,3.0,270.0,3.0,0.0,0.0,0.0,0.0,0.0,0.0,1.0,0.0,0.0,0.0,0.0,0.0,0.0,Matches,fed96827,395,Chris Mepham,DF,wls Wales,0.0,0.0,0.0,,0.0,0.0,,,0.0,0.0,Matches,fed96827,395,Chris Mepham,DF,wls Wales,1.0,0.0,0.0,7.0,1.0,1.0,0.0,1.0,6.0,,,0.0,Matches,fed96827,,,,,,,,,,,,,,,,,,,,,,,,,,,270.0,3.0,0.0,0.0,0.0,0.0,0.0,1.0,7.0,0.0,0.0,126.0,7.0,0.0,0.0,0.0,0.0,0.0,0.0,0.0,0.0,0.0,0.0,0.3333333333333333,0.0,0.0,42.0,2.333333333333333,0.0,0.0,Chris Mepham,exact-name,10.666666666666666,2.0,3.3333333333333335,0.0,0.0,2.3333333333333335,2.3333333333333335,44.666666666666664,0.0,0.0,0.0,0.0,14.333333333333334,19.0,0.0,5.0,0.0,0.0,0.0,0.0,0.0,56.666666666666664,23.666666666666668,23.0,0.8411764705882353,4.666666666666667,1.0,0.6666666666666666,0.0,2.3333333333333335,4.333333333333333,2.3333333333333335,2.6666666666666665,0.8888888888888888,2.0,0.0,0.0,0.0,0.0,0.0,0.0,0.6666666666666666,0.6666666666666666,2.6666666666666665,CB,0.0,0.0,0.0,0.0,0.0,0.3333333333333333,2.0,2.3333333333333335,0.3333333333333333,0.3333333333333333,,,,0.0,0.0,,,0.0,0.3333333333333333,0.0,90.0,1.0,1.0,,0.0,0.0,0.0,DF,DF,CB
177,Christian Eriksen,MF,dk Denmark,30.0,1.eng Manchester Utd,1992.0,3.0,3.0,270.0,3.0,0.0,0.0,0.0,0.0,0.0,0.0,0.0,0.0,0.0,0.0,0.0,0.0,0.0,Matches,980522ec,177,Christian Eriksen,MF,dk Denmark,0.0,4.0,1.0,25.0,1.33,0.33,0.0,0.0,0.0,0.0,Matches,980522ec,177,Christian Eriksen,MF,dk Denmark,0.0,0.0,0.0,2.0,1.0,0.0,30.0,0.0,0.0,,,0.0,Matches,980522ec,,,,,,,,,,,,,,,,,,,,,,,,,,,270.0,3.0,0.0,0.0,4.0,9.0,0.0,3.0,4.0,6.0,2.0,187.0,6.0,0.0,0.0,0.0,0.0,0.0,0.0,0.0,1.3333333333333333,3.0,0.0,1.0,2.0,0.6666666666666666,62.333333333333336,2.0,0.0,0.0,Christian Dannemann Eriksen,token-subset,10.666666666666666,3.0,6.666666666666667,0.0,0.0,0.0,5.333333333333333,67.66666666666667,0.0,0.0,0.0,0.0,22.666666666666668,15.333333333333334,0.0,11.0,0.0,0.0,0.0,0.2222222222222222,0.0,77.0,19.666666666666668,27.666666666666668,0.8354978354978355,7.666666666666667,8.0,3.0,0.0,12.333333333333334,0.0,2.6666666666666665,0.6666666666666666,0.25,0.3333333333333333,0.0,1.3333333333333333,0.051368368666666664,0.3333333333333333,0.0385262765,0.0,3.0,0.6666666666666666,17.333333333333332,MF,0.0,0.0,1.3333333333333333,0.3333333333333333,10.0,0.0,0.0,0.6666666666666666,0.3333333333333333,0.0,,,,0.0,0.0,,,0.0,0.0,0.0,90.0,1.0,1.0,,0.0,0.25,0.3333333333333333,MF,MF,CM
499,Christian Pulisic,FWMF,us United States,23.0,1.eng Chelsea,1998.0,4.0,4.0,315.0,3.5,1.0,2.0,3.0,1.0,0.0,0.0,0.0,0.0,0.29,0.57,0.86,0.29,0.86,Matches,1bf33a9a,499,Christian Pulisic,FWMF,us United States,1.0,9.0,5.0,55.6,2.57,1.43,0.11,0.2,0.0,0.0,Matches,1bf33a9a,499,Christian Pulisic,FWMF,us United States,0.0,0.0,0.0,2.0,11.0,1.0,31.0,0.0,0.0,,,0.0,Matches,1bf33a9a,,,,,,,,,,,,,,,,,,,,,,,,,,,315.0,3.5,1.0,2.0,9.0,10.0,1.0,0.0,2.0,13.0,6.0,146.0,18.0,0.0,0.0,0.0,0.0,0.0,0.2857142857142857,0.5714285714285714,2.571428571428572,2.857142857142857,0.2857142857142857,0.0,3.7142857142857135,1.7142857142857142,41.71428571428572,5.142857142857143,0.0,0.0,Christian Pulisic,exact-name,12.571428571428571,6.285714285714286,3.7142857142857144,0.0,0.0,0.2857142857142857,5.714285714285714,49.714285714285715,0.5714285714285714,0.0,0.0,0.0,24.0,12.0,0.5714285714285714,9.428571428571429,2.5714285714285716,0.0,0.0,0.1,0.5714285714285714,39.714285714285715,11.142857142857142,16.571428571428573,0.60431654676259,4.571428571428571,4.285714285714286,2.0,0.5714285714285714,12.0,0.2857142857142857,1.7142857142857142,0.5714285714285714,0.25,0.2857142857142857,0.0,2.5714285714285716,0.3251677408571428,1.4285714285714286,0.12645412144444443,0.0,2.0,2.857142857142857,25.428571428571427,Wide,0.2857142857142857,0.5714285714285714,2.5714285714285716,1.4285714285714286,8.857142857142858,0.0,0.0,0.5714285714285714,3.142857142857143,0.2857142857142857,,,,0.0,0.0,,,0.0,0.0,0.0,90.0,1.1428571428571428,1.1428571428571428,,0.1111111111111111,0.5555555555555556,0.4615384615384616,FW,FWMF,LW
205,Cody Gakpo,FWMF,nl Netherlands,23.0,1.nl PSV,1999.0,5.0,5.0,450.0,5.0,3.0,0.0,3.0,3.0,0.0,0.0,0.0,0.0,0.6,0.0,0.6,0.6,0.6,Matches,1971591f,205,Cody Gakpo,FWMF,nl Netherlands,3.0,5.0,3.0,60.0,1.0,0.6,0.6,1.0,0.0,0.0,Matches,1971591f,205,Cody Gakpo,FWMF,nl Netherlands,0.0,0.0,0.0,8.0,5.0,3.0,33.0,3.0,3.0,,,0.0,Matches,1971591f,,,,,,,,,,,,,,,,,,,,,,,,,,,457.0,5.1,3.0,0.0,5.0,11.0,2.0,9.0,10.0,13.0,5.0,134.0,13.0,0.0,0.0,0.0,0.0,0.0,0.5882352941176471,0.0,0.9803921568627452,2.1568627450980395,0.3921568627450981,1.7647058823529411,2.549019607843137,0.9803921568627452,26.27450980392157,2.549019607843137,0.0,0.0,Cody Mathès Gakpo,token-subset,10.4,4.4,4.0,0.0,0.0,0.4,4.6,37.6,0.0,0.0,0.0,0.0,17.2,9.0,0.0,5.4,0.2,0.0,0.0,0.09090909090909091,0.2,30.8,8.2,10.0,0.6363636363636364,3.0,0.8,2.0,0.4,8.4,1.4,1.6,1.0,0.5,1.0,0.0,1.0,0.11247340619999999,0.6,0.11247340619999999,0.2,2.0,3.0,23.0,ST,0.6,0.0,1.0,0.6,6.6,0.6,0.6,1.6,1.0,0.6,,,,0.0,0.0,,,0.0,0.0,0.0,90.0,1.0,1.0,,0.6,0.6,0.3846153846153847,FW,FWMF,ST
184,Collins Fai,DF,cm Cameroon,29.0,1.sa Al-Ta'ee,1992.0,3.0,3.0,270.0,3.0,0.0,0.0,0.0,0.0,0.0,0.0,2.0,0.0,0.0,0.0,0.0,0.0,0.0,Matches,46e58246,184,Collins Fai,DF,cm Cameroon,0.0,1.0,0.0,0.0,0.33,0.0,0.0,,0.0,0.0,Matches,46e58246,184,Collins Fai,DF,cm Cameroon,2.0,0.0,0.0,4.0,4.0,0.0,13.0,4.0,1.0,,,0.0,Matches,46e58246,,,,,,,,,,,,,,,,,,,,,,,,,,,270.0,3.0,0.0,0.0,1.0,11.0,2.0,7.0,6.0,0.0,0.0,89.0,4.0,0.0,0.0,0.0,0.0,0.0,0.0,0.0,0.3333333333333333,3.6666666666666665,0.6666666666666666,2.333333333333333,0.0,0.0,29.666666666666668,1.3333333333333333,0.0,0.0,Ngoran Suiru Fai Collins,token-subset,11.333333333333334,3.3333333333333335,3.0,0.0,0.0,0.6666666666666666,3.3333333333333335,32.333333333333336,0.0,0.0,0.0,0.0,28.0,2.6666666666666665,0.0,10.333333333333334,0.0,0.0,0.0,0.0,0.0,50.666666666666664,23.0,20.333333333333332,0.6776315789473685,9.666666666666666,3.0,0.6666666666666666,0.0,3.6666666666666665,1.0,1.6666666666666667,0.6666666666666666,0.5,1.3333333333333333,0.0,0.3333333333333333,0.0031508513333333332,0.0,0.009452554,0.0,0.6666666666666666,0.3333333333333333,10.0,FB/WB,0.0,0.0,0.3333333333333333,0.0,4.333333333333333,1.3333333333333333,0.3333333333333333,1.3333333333333333,1.3333333333333333,0.0,,,,0.0,0.0,,,0.0,0.6666666666666666,0.0,90.0,1.0,1.0,,0.0,0.0,0.0,DF,DF,RB
529,Cristian Romero,DF,ar Argentina,24.0,1.eng Tottenham,1998.0,7.0,6.0,547.0,6.1,0.0,0.0,0.0,0.0,0.0,0.0,2.0,0.0,0.0,0.0,0.0,0.0,0.0,Matches,a3d94a58,529,Cristian Romero,DF,ar Argentina,0.0,0.0,0.0,,0.0,0.0,,,0.0,0.0,Matches,a3d94a58,529,Cristian Romero,DF,ar Argentina,2.0,0.0,0.0,12.0,3.0,0.0,0.0,3.0,3.0,,,0.0,Matches,a3d94a58,,,,,,,,,,,,,,,,,,,,,,,,,,,517.0,5.7,0.0,0.0,0.0,2.0,2.0,9.0,13.0,2.0,2.0,291.0,12.0,0.0,0.0,0.0,0.0,0.0,0.0,0.0,0.0,0.3508771929824561,0.3508771929824561,1.5789473684210529,0.3508771929824561,0.3508771929824561,51.05263157894737,2.1052631578947367,0.0,0.0,Cristian Gabriel Romero,token-subset,9.508196721311476,0.3278688524590164,4.426229508196721,0.0,0.0,3.278688524590164,3.114754098360656,47.868852459016395,0.0,0.0,0.0,0.0,12.459016393442624,12.459016393442624,0.1639344262295082,4.754098360655738,0.0,0.0,0.0,0.0,0.0,60.98360655737705,20.491803278688526,19.672131147540984,0.8870967741935484,4.0983606557377055,0.9836065573770493,0.0,0.0,0.49180327868852464,4.262295081967213,1.4754098360655739,2.6229508196721314,0.64,0.6557377049180328,0.0,0.0,0.0,0.0,0.0,0.0,0.0,0.3278688524590164,1.3114754098360657,CB,0.0,0.0,0.0,0.0,0.0,0.49180327868852464,0.49180327868852464,1.9672131147540985,0.49180327868852464,0.0,,,,0.0,0.0,,,0.0,0.3278688524590164,0.0,89.672131147541,1.1475409836065575,0.9836065573770493,,0.0,0.0,1.0,DF,DF,CB
530,Cristiano Ronaldo,FW,pt Portugal,37.0,1.eng Manchester Utd,1985.0,5.0,3.0,290.0,3.2,1.0,0.0,1.0,0.0,1.0,1.0,0.0,0.0,0.31,0.0,0.31,0.0,0.0,Matches,dea698d9,530,Cristiano Ronaldo,FW,pt Portugal,1.0,11.0,3.0,27.3,3.41,0.93,0.0,0.0,1.0,1.0,Matches,dea698d9,530,Cristiano Ronaldo,FW,pt Portugal,0.0,0.0,0.0,2.0,5.0,7.0,2.0,0.0,0.0,,,0.0,Matches,dea698d9,,,,,,,,,,,,,,,,,,,,,,,,,,,291.0,3.2,1.0,0.0,11.0,3.0,0.0,0.0,2.0,3.0,0.0,66.0,2.0,0.0,0.0,0.0,0.0,0.0,0.3125,0.0,3.4375,0.9375,0.0,0.0,0.9375,0.0,20.625,0.625,0.0,0.0,Cristiano Ronaldo dos Santos Aveiro,token-subset,6.5625,5.0,1.5625,0.0,0.0,0.3125,1.875,43.75,0.9375,0.0,0.0,0.0,11.25,12.8125,0.9375,2.1875,1.25,0.0,0.0,0.6666666666666666,0.625,28.125,3.4375,4.0625,0.7444444444444445,1.5625,0.3125,1.25,0.3125,2.5,0.3125,1.25,1.25,0.4444444444444444,0.0,0.0,3.4375,0.6060185209375,0.9375,0.11557592669999998,0.0,1.25,7.1875,21.5625,ST,0.3125,0.0,3.4375,0.9375,0.625,0.0,0.0,0.625,1.5625,2.1875,,,,0.3125,0.3125,,,0.0,0.0,0.0,90.625,1.5625,0.9375,,0.09090909090909091,0.2727272727272727,0.0,FW,FW,ST
299,Daichi Kamada,MFFW,jp Japan,25.0,1.de Frankfurt,1996.0,4.0,4.0,322.0,3.6,0.0,0.0,0.0,0.0,0.0,0.0,0.0,0.0,0.0,0.0,0.0,0.0,0.0,Matches,15b287da,299,Daichi Kamada,MFFW,jp Japan,0.0,6.0,1.0,16.7,1.68,0.28,0.0,0.0,0.0,0.0,Matches,15b287da,299,Daichi Kamada,MFFW,jp Japan,0.0,0.0,0.0,1.0,1.0,3.0,5.0,0.0,3.0,,,0.0,Matches,15b287da,,,,,,,,,,,,,,,,,,,,,,,,,,,321.0,3.6,0.0,0.0,6.0,0.0,3.0,1.0,2.0,7.0,5.0,96.0,6.0,0.0,0.0,0.0,0.0,0.0,0.0,0.0,1.6666666666666663,0.0,0.8333333333333333,0.2777777777777778,1.9444444444444444,1.3888888888888888,26.666666666666664,1.6666666666666663,0.0,0.0,Daichi Kamada,exact-name,20.555555555555554,5.555555555555555,12.222222222222221,0.0,0.0,0.5555555555555556,1.9444444444444444,36.94444444444444,0.5555555555555556,0.0,0.0,0.0,13.055555555555555,9.444444444444445,0.2777777777777778,4.722222222222222,0.2777777777777778,0.0,0.0,0.0,0.0,28.88888888888889,8.61111111111111,6.944444444444445,0.7980769230769231,2.2222222222222223,1.6666666666666665,0.2777777777777778,0.0,2.2222222222222223,0.5555555555555556,1.6666666666666665,0.8333333333333333,0.6,1.3888888888888888,0.0,1.6666666666666665,0.11702548611111112,0.2777777777777778,0.07021529166666667,0.0,0.2777777777777778,1.9444444444444444,12.5,Wide,0.0,0.0,1.6666666666666665,0.2777777777777778,1.3888888888888888,0.0,0.8333333333333333,0.2777777777777778,0.2777777777777778,0.8333333333333333,,,,0.0,0.0,,,0.0,0.0,0.0,89.44444444444444,1.1111111111111112,1.1111111111111112,,0.0,0.16666666666666666,0.7142857142857143,FW,MFFW,LW
79,Daley Blind,MF,nl Netherlands,32.0,1.nl Ajax,1990.0,5.0,5.0,423.0,4.7,1.0,1.0,2.0,1.0,0.0,0.0,0.0,0.0,0.21,0.21,0.43,0.21,0.43,Matches,691bef82,79,Daley Blind,MF,nl Netherlands,1.0,5.0,2.0,40.0,1.06,0.43,0.2,0.5,0.0,0.0,Matches,691bef82,79,Daley Blind,MF,nl Netherlands,0.0,0.0,0.0,3.0,1.0,0.0,6.0,5.0,10.0,,,0.0,Matches,691bef82,,,,,,,,,,,,,,,,,,,,,,,,,,,424.0,4.7,1.0,1.0,5.0,8.0,6.0,5.0,4.0,2.0,1.0,208.0,2.0,0.0,0.0,0.0,0.0,0.0,0.2127659574468085,0.2127659574468085,1.0638297872340423,1.702127659574468,1.276595744680851,1.0638297872340423,0.425531914893617,0.2127659574468085,44.25531914893617,0.425531914893617,0.0,0.0,Daley Blind,exact-name,17.659574468085104,4.042553191489362,6.595744680851063,0.0,0.0,0.851063829787234,2.7659574468085104,55.53191489361702,0.851063829787234,0.0,0.0,0.0,47.659574468085104,4.042553191489362,0.0,9.361702127659575,0.2127659574468085,0.0,0.0,0.5,0.2127659574468085,64.68085106382979,19.574468085106382,18.93617021276596,0.8552631578947368,7.872340425531915,1.276595744680851,0.2127659574468085,0.0,4.042553191489362,1.276595744680851,2.127659574468085,1.0638297872340425,0.38461538461538464,1.4893617021276595,0.0,1.0638297872340425,0.11099426489361702,0.425531914893617,0.104334609,0.0,0.2127659574468085,1.702127659574468,16.382978723404253,FB/WB,0.2127659574468085,0.2127659574468085,1.0638297872340425,0.425531914893617,1.276595744680851,1.0638297872340425,2.127659574468085,0.6382978723404255,0.2127659574468085,0.0,,,,0.0,0.0,,,0.0,0.0,0.0,90.0,1.0638297872340425,1.0638297872340425,,0.2,0.4,0.5,MF,MF,LWB
461,Dani Olmo,FW,es Spain,24.0,1.de RB Leipzig,1998.0,4.0,4.0,367.0,4.1,1.0,1.0,2.0,1.0,0.0,0.0,0.0,0.0,0.25,0.25,0.49,0.25,0.49,Matches,ae44e8e2,461,Dani Olmo,FW,es Spain,1.0,12.0,6.0,50.0,2.94,1.47,0.08,0.17,0.0,0.0,Matches,ae44e8e2,461,Dani Olmo,FW,es Spain,0.0,0.0,0.0,5.0,6.0,2.0,10.0,1.0,4.0,,,0.0,Matches,ae44e8e2,,,,,,,,,,,,,,,,,,,,,,,,,,,367.0,4.1,1.0,1.0,12.0,6.0,1.0,3.0,6.0,18.0,4.0,200.0,13.0,0.0,0.0,0.0,0.0,0.0,0.2439024390243902,0.2439024390243902,2.9268292682926838,1.4634146341463417,0.2439024390243902,0.7317073170731708,4.390243902439025,0.9756097560975612,48.78048780487805,3.1707317073170733,0.0,0.0,Daniel Olmo Carvajal,nickname,11.219512195121952,4.390243902439025,5.121951219512195,0.0,0.0,0.48780487804878053,4.878048780487806,60.243902439024396,0.9756097560975611,0.0,0.0,0.0,39.268292682926834,10.0,0.24390243902439027,4.634146341463415,0.7317073170731708,0.0,0.0,0.16666666666666666,0.24390243902439027,47.804878048780495,6.585365853658537,7.8048780487804885,0.8163265306122449,2.439024390243903,0.48780487804878053,0.7317073170731708,0.24390243902439027,6.341463414634147,0.48780487804878053,1.707317073170732,0.24390243902439027,0.16666666666666666,0.9756097560975611,0.0,2.9268292682926833,0.26441856212195125,1.4634146341463417,0.090343008725,0.0,0.7317073170731708,4.390243902439025,34.63414634146342,Wide,0.24390243902439027,0.24390243902439027,2.9268292682926833,1.4634146341463417,2.439024390243903,0.24390243902439027,0.9756097560975611,1.2195121951219514,1.4634146341463417,0.48780487804878053,,,,0.0,0.0,,,0.0,0.0,0.0,89.51219512195122,0.9756097560975611,0.9756097560975611,,0.08333333333333333,0.5,0.22222222222222224,FW,FW,LW
137,Danilo,DF,br Brazil,30.0,1.it Juventus,1991.0,3.0,3.0,281.0,3.1,0.0,0.0,0.0,0.0,0.0,0.0,1.0,0.0,0.0,0.0,0.0,0.0,0.0,Matches,94b2001f,137,Danilo,DF,br Brazil,0.0,2.0,0.0,0.0,0.64,0.0,0.0,,0.0,0.0,Matches,94b2001f,137,Danilo,DF,br Brazil,1.0,0.0,0.0,3.0,1.0,0.0,8.0,3.0,2.0,,,0.0,Matches,94b2001f,,,,,,,,,,,,,,,,,,,,,,,,,,,251.0,2.8,0.0,0.0,2.0,6.0,1.0,1.0,3.0,1.0,1.0,205.0,3.0,0.0,0.0,0.0,0.0,0.0,0.0,0.0,0.7142857142857143,2.142857142857143,0.3571428571428571,0.3571428571428571,0.3571428571428571,0.3571428571428571,73.21428571428572,1.0714285714285714,0.0,0.0,Danilo Luiz da Silva,token-subset,4.516129032258064,0.9677419354838709,2.258064516129032,0.0,0.0,1.9354838709677418,3.5483870967741935,70.64516129032258,0.3225806451612903,0.0,0.0,0.0,36.45161290322581,21.29032258064516,0.0,12.258064516129032,0.0,0.0,0.0,0.0,0.0,86.12903225806451,26.774193548387096,22.258064516129032,0.8689138576779026,10.0,1.6129032258064515,0.0,0.0,2.903225806451613,2.5806451612903225,0.6451612903225806,1.9354838709677418,0.75,0.6451612903225806,0.0,0.6451612903225806,0.010441412741935484,0.0,0.01618418975,0.0,0.0,0.0,12.903225806451612,FB/WB,0.0,0.0,0.6451612903225806,0.0,2.5806451612903225,0.9677419354838709,0.6451612903225806,0.9677419354838709,0.3225806451612903,0.0,,,,0.0,0.0,,,0.0,0.3225806451612903,0.0,90.64516129032258,0.9677419354838709,0.9677419354838709,,0.0,0.0,1.0,DF,DF,LB
625,Dayot Upamecano,DF,fr France,23.0,1.de Bayern Munich,1998.0,5.0,5.0,480.0,5.3,0.0,0.0,0.0,0.0,0.0,0.0,0.0,0.0,0.0,0.0,0.0,0.0,0.0,Matches,d248cd8f,625,Dayot Upamecano,DF,fr France,0.0,1.0,0.0,0.0,0.19,0.0,0.0,,0.0,0.0,Matches,d248cd8f,625,Dayot Upamecano,DF,fr France,0.0,0.0,0.0,4.0,3.0,0.0,0.0,6.0,7.0,,,0.0,Matches,d248cd8f,,,,,,,,,,,,,,,,,,,,,,,,,,,450.0,5.0,0.0,0.0,0.0,0.0,4.0,13.0,4.0,1.0,0.0,283.0,9.0,0.0,0.0,0.0,0.0,0.0,0.0,0.0,0.0,0.0,0.8,2.6,0.2,0.0,56.6,1.8,0.0,0.0,Dayotchanculle Upamecano,last-unique,10.18867924528302,0.0,1.6981132075471699,0.0,0.0,0.9433962264150944,3.207547169811321,55.47169811320755,0.0,0.0,0.0,0.0,13.773584905660378,14.339622641509434,0.0,9.056603773584905,0.0,0.0,0.0,0.0,0.0,65.09433962264151,25.849056603773587,30.0,0.8840579710144928,8.679245283018869,3.018867924528302,0.18867924528301888,0.18867924528301888,0.37735849056603776,2.452830188679245,2.8301886792452833,1.1320754716981132,0.3333333333333333,1.509433962264151,0.0,0.0,0.0,0.0,0.0,0.0,0.18867924528301888,0.5660377358490566,1.509433962264151,CB,0.0,0.0,0.18867924528301888,0.0,0.0,1.1320754716981132,1.3207547169811322,0.7547169811320755,0.5660377358490566,0.0,,,,0.0,0.0,,,0.0,0.0,0.0,90.56603773584906,0.9433962264150944,0.9433962264150944,,0.0,0.0,0.0,DF,DF,CB
514,Declan Rice,MF,eng England,23.0,1.eng West Ham,1999.0,5.0,5.0,417.0,4.6,0.0,0.0,0.0,0.0,0.0,0.0,0.0,0.0,0.0,0.0,0.0,0.0,0.0,Matches,1c7012b8,514,Declan Rice,MF,eng England,0.0,0.0,0.0,,0.0,0.0,,,0.0,0.0,Matches,1c7012b8,514,Declan Rice,MF,eng England,0.0,0.0,0.0,3.0,2.0,0.0,4.0,11.0,5.0,,,0.0,Matches,1c7012b8,,,,,,,,,,,,,,,,,,,,,,,,,,,417.0,4.6,0.0,0.0,0.0,3.0,1.0,12.0,3.0,3.0,0.0,249.0,4.0,0.0,0.0,0.0,0.0,0.0,0.0,0.0,0.0,0.6521739130434783,0.2173913043478261,2.608695652173913,0.6521739130434783,0.0,54.1304347826087,0.8695652173913044,0.0,0.0,Declan Rice,exact,8.260869565217392,1.0869565217391306,5.0,0.0,0.0,0.4347826086956522,4.347826086956522,60.86956521739131,0.0,0.0,0.0,0.0,17.17391304347826,14.782608695652176,0.4347826086956522,7.391304347826088,0.0,0.0,0.0,0.0,0.0,71.08695652173914,18.043478260869566,21.521739130434785,0.9357798165137615,5.869565217391305,2.3913043478260874,0.2173913043478261,0.0,1.3043478260869565,0.6521739130434783,1.3043478260869565,1.0869565217391306,0.5555555555555556,0.8695652173913044,0.0,0.0,0.0,0.0,0.0,0.0,0.2173913043478261,0.6521739130434783,5.6521739130434785,MF,0.0,0.0,0.0,0.0,0.8695652173913044,2.3913043478260874,1.0869565217391306,0.6521739130434783,0.4347826086956522,0.0,,,,0.0,0.0,,,0.0,0.0,0.0,90.65217391304348,1.0869565217391306,1.0869565217391306,,0.0,0.0,0.0,MF,MF,DM
355,Dejan Lovren,DF,hr Croatia,32.0,1.ru Zenit,1989.0,6.0,6.0,600.0,6.7,0.0,1.0,1.0,0.0,0.0,0.0,1.0,0.0,0.0,0.15,0.15,0.0,0.15,Matches,1a2935f6,355,Dejan Lovren,DF,hr Croatia,0.0,4.0,1.0,25.0,0.6,0.15,0.0,0.0,0.0,0.0,Matches,1a2935f6,355,Dejan Lovren,DF,hr Croatia,1.0,0.0,0.0,2.0,5.0,1.0,3.0,6.0,2.0,,,0.0,Matches,1a2935f6,,,,,,,,,,,,,,,,,,,,,,,,,,,540.0,6.0,0.0,1.0,4.0,1.0,4.0,7.0,3.0,0.0,0.0,357.0,20.0,0.0,0.0,0.0,0.0,0.0,0.0,0.1666666666666666,0.6666666666666666,0.1666666666666666,0.6666666666666666,1.1666666666666667,0.0,0.0,59.5,3.333333333333333,0.0,0.0,Dejan Lovren,exact-name,5.522388059701492,0.0,2.2388059701492535,0.0,0.0,3.432835820895522,1.6417910447761193,57.76119402985074,0.14925373134328357,0.0,0.0,0.0,9.402985074626866,14.328358208955224,0.44776119402985076,6.4179104477611935,0.0,0.0,0.0,1.0,0.29850746268656714,67.76119402985074,26.417910447761194,29.253731343283583,0.8964757709251101,5.820895522388059,2.2388059701492535,0.0,0.0,0.8955223880597015,5.3731343283582085,1.1940298507462686,3.432835820895522,0.7666666666666667,0.8955223880597015,0.0,0.5970149253731343,0.0569447452238806,0.0,0.09538244825,0.0,0.0,0.8955223880597015,1.9402985074626866,CB,0.0,0.14925373134328357,0.5970149253731343,0.14925373134328357,0.44776119402985076,0.8955223880597015,0.29850746268656714,0.29850746268656714,0.7462686567164178,0.14925373134328357,,,,0.0,0.0,,,0.0,0.14925373134328357,0.0,89.55223880597015,0.8955223880597015,0.8955223880597015,,0.0,0.25,0.0,DF,DF,CB
169,Denzel Dumfries,MF,nl Netherlands,26.0,1.it Inter,1996.0,5.0,5.0,479.0,5.3,1.0,2.0,3.0,1.0,0.0,0.0,2.0,1.0,0.19,0.38,0.56,0.19,0.56,Matches,481c9ece,169,Denzel Dumfries,MF,nl Netherlands,1.0,1.0,1.0,100.0,0.19,0.19,1.0,1.0,0.0,0.0,Matches,481c9ece,169,Denzel Dumfries,MF,nl Netherlands,2.0,1.0,1.0,17.0,7.0,2.0,8.0,7.0,5.0,,,0.0,Matches,481c9ece,,,,,,,,,,,,,,,,,,,,,,,,,,,450.0,5.0,1.0,2.0,2.0,13.0,2.0,5.0,19.0,6.0,0.0,157.0,9.0,0.0,0.0,0.0,0.0,0.0,0.2,0.4,0.4,2.6,0.4,1.0,1.2,0.0,31.4,1.8,0.0,0.0,Denzel Dumfries,exact-name,13.018867924528303,3.5849056603773586,5.283018867924529,0.0,0.0,0.5660377358490566,1.8867924528301887,40.75471698113208,0.37735849056603776,0.0,0.0,0.0,34.15094339622642,5.09433962264151,0.0,5.849056603773585,0.7547169811320755,0.0,0.0,0.23076923076923078,0.0,41.132075471698116,11.69811320754717,12.452830188679245,0.6788990825688074,4.528301886792453,0.18867924528301888,0.0,0.0,4.90566037735849,1.3207547169811322,2.452830188679245,1.8867924528301887,0.47619047619047616,1.3207547169811322,0.0,0.37735849056603776,0.05345645320754717,0.18867924528301888,0.141659601,0.0,0.0,2.0754716981132075,19.62264150943396,FB/WB,0.18867924528301888,0.37735849056603776,0.18867924528301888,0.18867924528301888,1.509433962264151,1.3207547169811322,0.9433962264150944,3.207547169811321,1.3207547169811322,0.37735849056603776,,,,0.0,0.0,,,0.0,0.37735849056603776,0.18867924528301888,90.37735849056604,0.9433962264150944,0.9433962264150944,,1.0,1.0,0.0,MF,MF,RWB
131,Diogo Costa,GK,pt Portugal,22.0,1.pt Porto,1999.0,5.0,5.0,450.0,5.0,0.0,0.0,0.0,0.0,0.0,0.0,0.0,0.0,0.0,0.0,0.0,0.0,0.0,Matches,93fffbcf,131,Diogo Costa,GK,pt Portugal,0.0,0.0,0.0,,0.0,0.0,,,0.0,0.0,Matches,93fffbcf,131,Diogo Costa,GK,pt Portugal,0.0,0.0,0.0,0.0,0.0,0.0,0.0,0.0,0.0,,,0.0,Matches,93fffbcf,7,Diogo Costa,GK,pt Portugal,1.pt Porto,5.0,5.0,450.0,5.0,6.0,1.2,17.0,11.0,64.7,3.0,0.0,2.0,1.0,20.0,0.0,0.0,0.0,0.0,,Matches,93fffbcf,450.0,5.0,0.0,0.0,0.0,0.0,0.0,0.0,0.0,0.0,0.0,86.0,0.0,12.0,6.0,18.0,66.7,1.0,0.0,0.0,0.0,0.0,0.0,0.0,0.0,0.0,17.2,0.0,2.4,0.2,Diogo Meireles Costa,token-subset,0.2,0.0,0.0,1.0,0.8,0.0,3.2,17.6,0.0,12.0,5.6,40.964975845410635,0.2,0.4,0.0,3.2,0.0,-0.93402050906,0.2,0.0,0.0,31.8,23.4,18.2,0.6981132075471698,3.2,0.2,0.2,0.0,0.2,0.0,0.0,0.0,0.0,0.0,0.0,0.0,0.0,0.0,0.0,0.0,0.2,0.0,0.0,GK,0.0,0.0,0.0,0.0,0.0,0.0,0.0,0.0,0.0,0.0,2.2,1.2,0.2,0.0,0.0,,,0.0,0.0,0.0,90.0,1.0,1.0,0.6470588235294118,0.0,0.0,0.0,GK,GK,GK
352,Dominik Livaković,GK,hr Croatia,27.0,1.hr Dinamo Zagreb,1995.0,7.0,7.0,690.0,7.7,0.0,0.0,0.0,0.0,0.0,0.0,1.0,0.0,0.0,0.0,0.0,0.0,0.0,Matches,58f077c0,352,Dominik Livaković,GK,hr Croatia,0.0,0.0,0.0,,0.0,0.0,,,0.0,0.0,Matches,58f077c0,352,Dominik Livaković,GK,hr Croatia,1.0,0.0,0.0,1.0,0.0,0.0,0.0,0.0,0.0,,,0.0,Matches,58f077c0,16,Dominik Livaković,GK,hr Croatia,1.hr Dinamo Zagreb,7.0,7.0,690.0,7.7,7.0,0.91,32.0,25.0,78.1,2.0,4.0,1.0,2.0,28.6,1.0,1.0,0.0,0.0,0.0,Matches,58f077c0,630.0,7.0,0.0,0.0,0.0,0.0,0.0,0.0,1.0,0.0,0.0,122.0,0.0,24.0,7.0,31.0,77.4,2.0,0.0,0.0,0.0,0.0,0.0,0.0,0.0,0.0,17.428571428571427,0.0,3.4285714285714284,0.2857142857142857,Dominik Livaković,exact,0.2597402597402597,0.0,0.0,0.7792207792207793,0.2597402597402597,0.0,4.285714285714286,14.675324675324674,0.0,9.35064935064935,4.935064935064935,40.53946932006637,0.0,0.5194805194805194,0.0,1.6883116883116882,0.0,-0.2120182325324673,0.5194805194805194,0.0,0.0,29.61038961038961,16.623376623376622,12.857142857142858,0.8289473684210527,1.6883116883116882,1.2987012987012987,0.0,0.0,0.0,0.0,0.0,0.0,0.0,0.0,0.4444444444444444,0.0,0.0,0.0,0.0,0.0,0.0,0.0,0.0,GK,0.0,0.0,0.0,0.0,0.0,0.0,0.0,0.12987012987012986,0.0,0.0,3.2467532467532467,0.9090909090909091,0.2597402597402597,0.0,0.0,,,0.0,0.12987012987012986,0.0,89.6103896103896,0.9090909090909091,0.9090909090909091,0.78125,0.0,0.0,0.0,GK,GK,GK
404,Éder Militão,DF,br Brazil,24.0,1.es Real Madrid,1998.0,4.0,4.0,347.0,3.9,0.0,0.0,0.0,0.0,0.0,0.0,1.0,0.0,0.0,0.0,0.0,0.0,0.0,Matches,2784f898,404,Éder Militão,DF,br Brazil,0.0,5.0,1.0,20.0,1.3,0.26,0.0,0.0,0.0,0.0,Matches,2784f898,404,Éder Militão,DF,br Brazil,1.0,0.0,0.0,7.0,3.0,0.0,3.0,3.0,5.0,,,0.0,Matches,2784f898,,,,,,,,,,,,,,,,,,,,,,,,,,,347.0,3.9,0.0,0.0,5.0,3.0,4.0,2.0,7.0,0.0,0.0,213.0,8.0,0.0,0.0,0.0,0.0,0.0,0.0,0.0,1.2820512820512822,0.7692307692307693,1.0256410256410258,0.5128205128205129,0.0,0.0,54.61538461538461,2.0512820512820515,0.0,0.0,Éder Gabriel Militão,token-subset,12.820512820512821,2.0512820512820515,5.384615384615385,0.0,0.0,0.5128205128205129,5.384615384615385,58.97435897435898,0.5128205128205129,0.0,0.0,0.0,26.923076923076923,16.666666666666668,0.0,9.230769230769232,0.0,0.0,0.0,0.3333333333333333,0.0,71.02564102564102,24.871794871794872,23.076923076923077,0.9061371841155235,7.435897435897436,1.2820512820512822,0.0,0.0,2.0512820512820515,1.0256410256410258,2.0512820512820515,1.0256410256410258,0.4,2.0512820512820515,0.0,1.2820512820512822,0.06635011923076924,0.25641025641025644,0.05175309300000001,0.0,0.0,1.0256410256410258,9.743589743589745,FB/WB,0.0,0.0,1.2820512820512822,0.25641025641025644,0.7692307692307693,0.7692307692307693,1.2820512820512822,1.794871794871795,0.7692307692307693,0.0,,,,0.0,0.0,,,0.0,0.25641025641025644,0.0,88.97435897435898,1.0256410256410258,1.0256410256410258,,0.0,0.2,0.0,DF,DF,RB
392,Édouard Mendy,GK,sn Senegal,30.0,1.eng Chelsea,1992.0,4.0,4.0,360.0,4.0,0.0,0.0,0.0,0.0,0.0,0.0,0.0,0.0,0.0,0.0,0.0,0.0,0.0,Matches,33887998,392,Édouard Mendy,GK,sn Senegal,0.0,0.0,0.0,,0.0,0.0,,,0.0,0.0,Matches,33887998,392,Édouard Mendy,GK,sn Senegal,0.0,0.0,0.0,0.0,0.0,0.0,0.0,0.0,0.0,,,0.0,Matches,33887998,20,Édouard Mendy,GK,sn Senegal,1.eng Chelsea,4.0,4.0,360.0,4.0,7.0,1.75,14.0,7.0,50.0,2.0,0.0,2.0,0.0,0.0,0.0,0.0,0.0,0.0,,Matches,33887998,360.0,4.0,0.0,0.0,0.0,0.0,0.0,0.0,0.0,0.0,0.0,53.0,1.0,7.0,7.0,14.0,50.0,0.0,0.0,0.0,0.0,0.0,0.0,0.0,0.0,0.0,13.25,0.25,1.75,0.0,Edouard Mendy,exact,0.0,0.0,0.0,0.75,1.5,0.0,4.0,14.75,0.0,12.75,8.5,40.315932203389885,0.0,1.5,0.0,3.25,0.0,-1.3798315195,0.0,0.0,0.0,29.25,17.5,17.5,0.7692307692307693,3.25,1.5,0.0,0.0,0.25,0.0,0.25,0.0,0.0,0.0,0.0,0.0,0.0,0.0,0.0,0.0,0.0,0.0,0.0,GK,0.0,0.0,0.0,0.0,0.0,0.0,0.0,0.0,0.0,0.0,1.75,1.75,0.0,0.0,0.0,,,0.0,0.0,0.0,90.0,1.0,1.0,0.5,0.0,0.0,0.0,GK,GK,GK
574,Ellyes Skhiri,MF,tn Tunisia,27.0,1.de Köln,1995.0,3.0,3.0,270.0,3.0,0.0,0.0,0.0,0.0,0.0,0.0,0.0,0.0,0.0,0.0,0.0,0.0,0.0,Matches,c2211709,574,Ellyes Skhiri,MF,tn Tunisia,0.0,2.0,0.0,0.0,0.67,0.0,0.0,,0.0,0.0,Matches,c2211709,574,Ellyes Skhiri,MF,tn Tunisia,0.0,0.0,0.0,3.0,2.0,0.0,2.0,7.0,2.0,,,0.0,Matches,c2211709,,,,,,,,,,,,,,,,,,,,,,,,,,,270.0,3.0,0.0,0.0,2.0,1.0,2.0,5.0,4.0,4.0,2.0,97.0,4.0,0.0,0.0,0.0,0.0,0.0,0.0,0.0,0.6666666666666666,0.3333333333333333,0.6666666666666666,1.6666666666666667,1.3333333333333333,0.6666666666666666,32.333333333333336,1.3333333333333333,0.0,0.0,Ellyes Joris Skhiri,token-subset,17.666666666666668,1.3333333333333333,9.333333333333334,0.0,0.0,0.0,8.0,34.666666666666664,0.6666666666666666,0.0,0.0,0.0,12.666666666666666,10.0,0.0,5.0,0.0,0.0,0.0,0.0,0.0,42.666666666666664,17.666666666666668,13.666666666666666,0.8515625,4.333333333333333,0.6666666666666666,0.6666666666666666,0.0,1.6666666666666667,1.0,2.3333333333333335,0.6666666666666666,0.6666666666666666,2.6666666666666665,0.0,0.6666666666666666,0.033664029000000005,0.0,0.050496043500000004,0.0,0.6666666666666666,1.3333333333333333,3.3333333333333335,MF,0.0,0.0,0.6666666666666666,0.0,0.6666666666666666,2.3333333333333335,0.6666666666666666,1.0,0.6666666666666666,0.0,,,,0.0,0.0,,,0.0,0.0,0.0,90.0,1.0,1.0,,0.0,0.0,0.5,MF,MF,DM
377,Emiliano Martínez,GK,ar Argentina,29.0,1.eng Aston Villa,1992.0,7.0,7.0,690.0,7.7,0.0,0.0,0.0,0.0,0.0,0.0,1.0,0.0,0.0,0.0,0.0,0.0,0.0,Matches,7956236f,377,Emiliano Martínez,GK,ar Argentina,0.0,0.0,0.0,,0.0,0.0,,,0.0,0.0,Matches,7956236f,377,Emiliano Martínez,GK,ar Argentina,1.0,0.0,0.0,0.0,1.0,0.0,0.0,0.0,0.0,,,0.0,Matches,7956236f,19,Emiliano Martínez,GK,ar Argentina,1.eng Aston Villa,7.0,7.0,690.0,7.7,8.0,1.04,13.0,6.0,38.5,4.0,2.0,1.0,3.0,42.9,2.0,2.0,0.0,0.0,0.0,Matches,7956236f,630.0,7.0,0.0,0.0,0.0,0.0,0.0,0.0,0.0,0.0,0.0,99.0,0.0,6.0,7.0,13.0,46.2,3.0,0.0,0.0,0.0,0.0,0.0,0.0,0.0,0.0,14.142857142857142,0.0,0.8571428571428571,0.4285714285714285,Damián Emiliano Martínez,token-subset,0.0,0.0,0.0,1.6883116883116882,0.5194805194805194,0.0,3.896103896103896,11.03896103896104,0.0,10.64935064935065,6.103896103896104,40.80189075630242,0.0,0.5194805194805194,0.0,4.675324675324675,0.0,-0.35667519649350643,0.0,0.0,0.0,24.155844155844154,15.844155844155845,15.064935064935064,0.6612903225806451,4.675324675324675,1.0389610389610389,0.0,0.12987012987012986,0.38961038961038963,0.12987012987012986,0.0,0.0,0.0,0.0,0.2727272727272727,0.0,0.0,0.0,0.0,0.0,0.0,0.0,0.0,GK,0.0,0.0,0.0,0.0,0.0,0.0,0.0,0.0,0.12987012987012986,0.0,0.7792207792207793,1.0389610389610389,0.38961038961038963,0.0,0.0,,,0.0,0.12987012987012986,0.0,89.6103896103896,0.9090909090909091,0.9090909090909091,0.46153846153846156,0.0,0.0,0.0,GK,GK,GK
192,Enzo Fernández,MF,ar Argentina,21.0,1.pt Benfica,2001.0,7.0,5.0,564.0,6.3,1.0,1.0,2.0,1.0,0.0,0.0,1.0,0.0,0.16,0.16,0.32,0.16,0.32,Matches,5ff4ab71,192,Enzo Fernández,MF,ar Argentina,1.0,8.0,3.0,37.5,1.28,0.48,0.13,0.33,0.0,0.0,Matches,5ff4ab71,192,Enzo Fernández,MF,ar Argentina,1.0,0.0,0.0,7.0,6.0,0.0,2.0,3.0,15.0,,,1.0,Matches,5ff4ab71,,,,,,,,,,,,,,,,,,,,,,,,,,,504.0,5.6,1.0,1.0,8.0,3.0,5.0,5.0,9.0,6.0,3.0,381.0,15.0,0.0,0.0,0.0,0.0,0.0,0.1785714285714285,0.1785714285714285,1.4285714285714286,0.5357142857142857,0.8928571428571429,0.8928571428571429,1.0714285714285714,0.5357142857142857,68.03571428571429,2.678571428571429,0.0,0.0,Enzo Fernandez,exact,16.984126984126984,1.2698412698412698,7.4603174603174605,0.0,0.0,1.4285714285714286,4.920634920634921,68.88888888888889,0.0,0.0,0.0,0.0,13.80952380952381,17.936507936507937,0.15873015873015872,11.26984126984127,0.31746031746031744,0.0,0.0,0.6666666666666666,0.15873015873015872,74.60317460317461,20.158730158730158,20.317460317460316,0.8851063829787233,9.047619047619047,2.0634920634920637,0.7936507936507937,1.1111111111111112,3.015873015873016,2.0634920634920637,1.1111111111111112,1.2698412698412698,0.42105263157894735,2.0634920634920637,0.0,1.4285714285714286,0.16676644682539682,0.4761904761904762,0.033391076875,0.0,0.7936507936507937,1.1111111111111112,9.841269841269842,MF,0.15873015873015872,0.15873015873015872,1.2698412698412698,0.4761904761904762,0.31746031746031744,0.4761904761904762,2.380952380952381,1.1111111111111112,0.9523809523809524,0.0,,,,0.0,0.0,,,0.15873015873015872,0.15873015873015872,0.0,89.52380952380953,1.1111111111111112,0.7936507936507937,,0.125,0.375,0.5,MF,MF,DM
627,Federico Valverde,MF,uy Uruguay,23.0,1.es Real Madrid,1998.0,3.0,3.0,270.0,3.0,0.0,0.0,0.0,0.0,0.0,0.0,0.0,0.0,0.0,0.0,0.0,0.0,0.0,Matches,0959c2a2,627,Federico Valverde,MF,uy Uruguay,0.0,7.0,1.0,14.3,2.33,0.33,0.0,0.0,0.0,0.0,Matches,0959c2a2,627,Federico Valverde,MF,uy Uruguay,0.0,0.0,0.0,6.0,2.0,0.0,7.0,5.0,3.0,,,0.0,Matches,0959c2a2,,,,,,,,,,,,,,,,,,,,,,,,,,,270.0,3.0,0.0,0.0,7.0,2.0,1.0,5.0,6.0,3.0,2.0,127.0,16.0,0.0,0.0,0.0,0.0,0.0,0.0,0.0,2.333333333333333,0.6666666666666666,0.3333333333333333,1.6666666666666667,1.0,0.6666666666666666,42.333333333333336,5.333333333333333,0.0,0.0,Federico Santiago Valverde Dipetta,token-subset,13.333333333333334,3.3333333333333335,6.0,0.0,0.0,0.0,4.666666666666667,54.333333333333336,0.6666666666666666,0.0,0.0,0.0,19.0,14.0,0.0,15.0,0.3333333333333333,0.0,0.0,0.0,0.0,62.0,23.666666666666668,23.333333333333332,0.8172043010752689,11.333333333333334,2.6666666666666665,1.3333333333333333,0.3333333333333333,6.0,1.0,3.0,1.6666666666666667,0.625,1.3333333333333333,0.0,2.3333333333333335,0.03888456653333333,0.3333333333333333,0.01666481422857143,0.0,1.3333333333333333,0.6666666666666666,10.0,MF,0.0,0.0,2.3333333333333335,0.3333333333333333,2.3333333333333335,1.6666666666666667,1.0,2.0,0.6666666666666666,0.0,,,,0.0,0.0,,,0.0,0.0,0.0,90.0,1.0,1.0,,0.0,0.14285714285714285,0.6666666666666666,MF,MF,DM
616,Félix Torres Caicedo,DF,ec Ecuador,25.0,1.mx Santos Laguna,1997.0,3.0,3.0,270.0,3.0,0.0,1.0,1.0,0.0,0.0,0.0,0.0,0.0,0.0,0.33,0.33,0.0,0.33,Matches,c0a8860f,616,Félix Torres Caicedo,DF,ec Ecuador,0.0,1.0,0.0,0.0,0.33,0.0,0.0,,0.0,0.0,Matches,c0a8860f,616,Félix Torres Caicedo,DF,ec Ecuador,0.0,0.0,0.0,1.0,0.0,0.0,0.0,4.0,2.0,,,0.0,Matches,c0a8860f,,,,,,,,,,,,,,,,,,,,,,,,,,,270.0,3.0,0.0,0.0,1.0,0.0,0.0,3.0,1.0,1.0,0.0,135.0,4.0,0.0,0.0,0.0,0.0,0.0,0.0,0.0,0.3333333333333333,0.0,0.0,1.0,0.3333333333333333,0.0,45.0,1.3333333333333333,0.0,0.0,Felix Eduardo Torres Caicedo,token-subset,4.0,0.6666666666666666,1.6666666666666667,0.0,0.0,3.3333333333333335,2.0,52.666666666666664,0.0,0.0,0.0,0.0,11.666666666666666,12.0,0.0,6.666666666666667,0.0,0.0,0.0,0.0,0.3333333333333333,66.33333333333333,30.333333333333332,32.666666666666664,0.7989949748743719,6.666666666666667,2.0,0.0,0.0,1.6666666666666667,5.666666666666667,1.3333333333333333,4.0,0.8,0.3333333333333333,0.0,0.3333333333333333,0.05132650666666667,0.0,0.15397952,0.0,0.0,1.6666666666666667,1.6666666666666667,CB,0.0,0.3333333333333333,0.3333333333333333,0.0,0.0,1.3333333333333333,0.6666666666666666,0.3333333333333333,0.0,0.0,,,,0.0,0.0,,,0.0,0.0,0.0,90.0,1.0,1.0,,0.0,0.0,0.0,DF,DF,CB
94,Firas Al-Buraikan,FW,sa Saudi Arabia,22.0,1.sa Al-Fateh,2000.0,3.0,3.0,268.0,3.0,0.0,1.0,1.0,0.0,0.0,0.0,0.0,0.0,0.0,0.34,0.34,0.0,0.34,Matches,ac717a23,94,Firas Al-Buraikan,FW,sa Saudi Arabia,0.0,2.0,0.0,0.0,0.67,0.0,0.0,,0.0,0.0,Matches,ac717a23,94,Firas Al-Buraikan,FW,sa Saudi Arabia,0.0,0.0,0.0,2.0,3.0,1.0,2.0,2.0,3.0,,,0.0,Matches,ac717a23,,,,,,,,,,,,,,,,,,,,,,,,,,,268.0,3.0,0.0,1.0,2.0,0.0,0.0,2.0,2.0,5.0,2.0,59.0,6.0,0.0,0.0,0.0,0.0,0.0,0.0,0.3333333333333333,0.6666666666666666,0.0,0.0,0.6666666666666666,1.6666666666666667,0.6666666666666666,19.666666666666668,2.0,0.0,0.0,Firas Tariq Nasser Al Albirakan,nickname,10.0,3.3333333333333335,2.6666666666666665,0.0,0.0,0.6666666666666666,3.6666666666666665,36.666666666666664,0.3333333333333333,0.0,0.0,0.0,19.666666666666668,8.0,0.3333333333333333,3.0,0.3333333333333333,0.0,0.0,0.0,0.0,23.0,3.6666666666666665,5.0,0.6666666666666666,1.6666666666666667,0.3333333333333333,0.0,0.0,1.6666666666666667,0.6666666666666666,1.0,2.0,0.375,0.0,0.0,0.6666666666666666,0.04133398966666667,0.0,0.0620009845,0.0,0.0,4.333333333333333,21.333333333333332,MF,0.0,0.3333333333333333,0.6666666666666666,0.0,0.6666666666666666,0.6666666666666666,1.0,0.6666666666666666,1.0,0.3333333333333333,,,,0.0,0.0,,,0.0,0.0,0.0,89.33333333333333,1.0,1.0,,0.0,0.0,0.39999999999999997,FW,FW,RM
293,Frenkie de Jong,MF,nl Netherlands,25.0,1.es Barcelona,1997.0,5.0,5.0,475.0,5.3,1.0,1.0,2.0,1.0,0.0,0.0,1.0,0.0,0.19,0.19,0.38,0.19,0.38,Matches,1bacc518,293,Frenkie de Jong,MF,nl Netherlands,1.0,2.0,1.0,50.0,0.38,0.19,0.5,1.0,0.0,0.0,Matches,1bacc518,293,Frenkie de Jong,MF,nl Netherlands,1.0,0.0,0.0,4.0,6.0,0.0,3.0,6.0,6.0,,,0.0,Matches,1bacc518,,,,,,,,,,,,,,,,,,,,,,,,,,,445.0,4.9,1.0,1.0,2.0,2.0,2.0,3.0,6.0,11.0,7.0,272.0,19.0,0.0,0.0,0.0,0.0,0.0,0.2040816326530612,0.2040816326530612,0.4081632653061224,0.4081632653061224,0.4081632653061224,0.6122448979591836,2.2448979591836733,1.4285714285714284,55.51020408163265,3.877551020408163,0.0,0.0,Frenkie de Jong,exact,15.09433962264151,2.452830188679245,7.9245283018867925,0.0,0.0,0.5660377358490566,4.339622641509434,60.943396226415096,0.18867924528301888,0.0,0.0,0.0,19.433962264150946,15.283018867924529,0.0,9.056603773584905,0.37735849056603776,0.0,0.0,0.5,0.0,68.67924528301887,16.60377358490566,15.09433962264151,0.8983516483516484,6.981132075471699,1.3207547169811322,0.5660377358490566,0.5660377358490566,1.3207547169811322,1.1320754716981132,2.452830188679245,2.2641509433962264,0.8571428571428571,1.3207547169811322,0.0,0.37735849056603776,0.13603649924528302,0.18867924528301888,0.360496723,0.0,0.5660377358490566,0.18867924528301888,10.377358490566039,MF,0.18867924528301888,0.18867924528301888,0.37735849056603776,0.18867924528301888,0.5660377358490566,1.1320754716981132,1.1320754716981132,0.7547169811320755,1.1320754716981132,0.0,,,,0.0,0.0,,,0.0,0.18867924528301888,0.0,89.62264150943396,0.9433962264150944,0.9433962264150944,,0.5,0.5,0.6363636363636364,MF,MF,DM
208,Gavi,MF,es Spain,17.0,1.es Barcelona,2004.0,4.0,4.0,284.0,3.2,1.0,0.0,1.0,1.0,0.0,0.0,0.0,0.0,0.32,0.0,0.32,0.32,0.32,Matches,19cae58d,208,Gavi,MF,es Spain,1.0,1.0,1.0,100.0,0.32,0.32,1.0,1.0,0.0,0.0,Matches,19cae58d,208,Gavi,MF,es Spain,0.0,0.0,0.0,8.0,14.0,0.0,4.0,1.0,3.0,,,0.0,Matches,19cae58d,,,,,,,,,,,,,,,,,,,,,,,,,,,284.0,3.2,1.0,0.0,1.0,4.0,1.0,0.0,9.0,7.0,2.0,145.0,9.0,0.0,0.0,0.0,0.0,0.0,0.3125,0.0,0.3125,1.25,0.3125,0.0,2.1875,0.625,45.3125,2.8125,0.0,0.0,Pablo Martín Páez Gavira,nickname,17.8125,6.25,8.4375,0.0,0.0,0.625,4.6875,55.0,0.3125,0.0,0.0,0.0,18.75,15.625,0.0,4.6875,0.3125,0.0,0.0,0.25,0.0,47.8125,7.5,9.6875,0.8823529411764706,2.8125,1.25,0.625,0.3125,3.75,0.625,1.25,0.9375,0.3,1.25,0.0,0.3125,0.0175715959375,0.3125,0.056229107,0.0,0.625,1.5625,21.25,MF,0.3125,0.0,0.3125,0.3125,1.25,0.3125,0.9375,2.5,4.375,0.0,,,,0.0,0.0,,,0.0,0.0,0.0,88.75,1.25,1.25,,1.0,1.0,0.2857142857142857,MF,MF,CM
495,Gonzalo Plata,FWMF,ec Ecuador,21.0,1.es Valladolid,2000.0,3.0,3.0,269.0,3.0,0.0,0.0,0.0,0.0,0.0,0.0,0.0,0.0,0.0,0.0,0.0,0.0,0.0,Matches,54bcdeb0,495,Gonzalo Plata,FWMF,ec Ecuador,0.0,2.0,1.0,50.0,0.67,0.33,0.0,0.0,0.0,0.0,Matches,54bcdeb0,495,Gonzalo Plata,FWMF,ec Ecuador,0.0,0.0,0.0,4.0,6.0,0.0,17.0,2.0,2.0,,,0.0,Matches,54bcdeb0,,,,,,,,,,,,,,,,,,,,,,,,,,,269.0,3.0,0.0,0.0,2.0,4.0,2.0,3.0,4.0,10.0,5.0,83.0,6.0,0.0,0.0,0.0,0.0,0.0,0.0,0.0,0.6666666666666666,1.3333333333333333,0.6666666666666666,1.0,3.333333333333333,1.6666666666666667,27.666666666666668,2.0,0.0,0.0,Gonzalo Jordy Plata Jiménez,token-subset,24.0,7.333333333333333,13.0,0.0,0.0,0.0,2.6666666666666665,41.0,0.0,0.0,0.0,0.0,18.333333333333332,8.0,0.0,3.6666666666666665,0.3333333333333333,0.0,0.0,0.0,0.0,34.666666666666664,8.0,12.333333333333334,0.75,2.6666666666666665,1.6666666666666667,0.6666666666666666,0.0,6.666666666666667,0.0,1.6666666666666667,1.6666666666666667,0.4166666666666667,1.0,0.0,0.6666666666666666,0.035107979000000004,0.3333333333333333,0.0526619685,0.0,0.6666666666666666,4.0,17.333333333333332,MF,0.0,0.0,0.6666666666666666,0.3333333333333333,5.666666666666667,0.6666666666666666,0.6666666666666666,1.3333333333333333,2.0,0.0,,,,0.0,0.0,,,0.0,0.0,0.0,89.66666666666667,1.0,1.0,,0.0,0.5,0.5000000000000001,FW,FWMF,RM
664,Granit Xhaka,MF,ch Switzerland,29.0,1.eng Arsenal,1992.0,4.0,4.0,360.0,4.0,0.0,0.0,0.0,0.0,0.0,0.0,1.0,0.0,0.0,0.0,0.0,0.0,0.0,Matches,e61b8aee,664,Granit Xhaka,MF,ch Switzerland,0.0,6.0,3.0,50.0,1.5,0.75,0.0,0.0,0.0,0.0,Matches,e61b8aee,664,Granit Xhaka,MF,ch Switzerland,1.0,0.0,0.0,5.0,4.0,0.0,0.0,2.0,4.0,,,0.0,Matches,e61b8aee,,,,,,,,,,,,,,,,,,,,,,,,,,,360.0,4.0,0.0,0.0,6.0,0.0,3.0,4.0,5.0,1.0,1.0,188.0,12.0,0.0,0.0,0.0,0.0,0.0,0.0,0.0,1.5,0.0,0.75,1.0,0.25,0.25,47.0,3.0,0.0,0.0,Granit Xhaka,exact,7.5,1.5,5.25,0.0,0.0,1.5,2.25,55.0,0.75,0.0,0.0,0.0,11.0,10.75,0.0,9.25,0.0,0.0,0.0,0.0,0.25,60.0,19.0,21.75,0.8791666666666667,8.0,0.75,0.5,0.5,2.25,1.75,1.25,1.5,0.5454545454545454,1.5,0.0,1.5,0.07388051974999998,0.75,0.04925367983333332,0.0,0.5,0.75,9.25,MF,0.0,0.0,1.5,0.75,0.0,0.5,1.0,1.25,1.0,0.0,,,,0.0,0.0,,,0.0,0.25,0.0,90.0,1.0,1.0,,0.0,0.5,1.0,MF,MF,DM
332,Grzegorz Krychowiak,MF,pl Poland,32.0,1.sa Al-Shabab,1990.0,4.0,4.0,332.0,3.7,0.0,0.0,0.0,0.0,0.0,0.0,1.0,0.0,0.0,0.0,0.0,0.0,0.0,Matches,580d52dd,332,Grzegorz Krychowiak,MF,pl Poland,0.0,1.0,0.0,0.0,0.27,0.0,0.0,,0.0,0.0,Matches,580d52dd,332,Grzegorz Krychowiak,MF,pl Poland,1.0,0.0,0.0,6.0,7.0,0.0,1.0,5.0,4.0,,,0.0,Matches,580d52dd,,,,,,,,,,,,,,,,,,,,,,,,,,,332.0,3.7,0.0,0.0,1.0,1.0,1.0,7.0,9.0,1.0,1.0,88.0,2.0,0.0,0.0,0.0,0.0,0.0,0.0,0.0,0.2702702702702702,0.2702702702702702,0.2702702702702702,1.891891891891892,0.2702702702702702,0.2702702702702702,23.783783783783782,0.5405405405405405,0.0,0.0,Grzegorz Krychowiak,exact,13.243243243243242,1.081081081081081,5.945945945945946,0.0,0.0,1.8918918918918919,5.135135135135135,27.027027027027025,0.0,0.0,0.0,0.0,5.405405405405405,7.297297297297297,0.0,7.5675675675675675,0.0,0.0,0.0,0.0,0.0,34.32432432432432,12.432432432432432,11.08108108108108,0.7637795275590551,7.027027027027026,1.081081081081081,0.5405405405405405,0.0,2.162162162162162,2.7027027027027026,2.162162162162162,1.6216216216216215,0.75,1.3513513513513513,0.0,0.27027027027027023,0.005865613513513513,0.0,0.02170277,0.0,0.5405405405405405,0.5405405405405405,4.594594594594595,MF,0.0,0.0,0.27027027027027023,0.0,0.27027027027027023,1.3513513513513513,1.081081081081081,1.6216216216216215,1.8918918918918919,0.0,,,,0.0,0.0,,,0.0,0.27027027027027023,0.0,89.72972972972973,1.081081081081081,1.081081081081081,,0.0,0.0,1.0,MF,MF,DM
457,Guillermo Ochoa,GK,mx Mexico,36.0,1.mx América,1985.0,3.0,3.0,270.0,3.0,0.0,0.0,0.0,0.0,0.0,0.0,0.0,0.0,0.0,0.0,0.0,0.0,0.0,Matches,1e9bde92,457,Guillermo Ochoa,GK,mx Mexico,0.0,0.0,0.0,,0.0,0.0,,,0.0,0.0,Matches,1e9bde92,457,Guillermo Ochoa,GK,mx Mexico,0.0,0.0,0.0,0.0,1.0,0.0,0.0,0.0,0.0,,,0.0,Matches,1e9bde92,27,Guillermo Ochoa,GK,mx Mexico,1.mx América,3.0,3.0,270.0,3.0,3.0,1.0,5.0,2.0,40.0,1.0,1.0,1.0,1.0,33.3,1.0,0.0,1.0,0.0,100.0,Matches,1e9bde92,270.0,3.0,0.0,0.0,0.0,0.0,0.0,0.0,0.0,0.0,0.0,59.0,1.0,3.0,3.0,6.0,50.0,1.0,0.0,0.0,0.0,0.0,0.0,0.0,0.0,0.0,19.666666666666668,0.3333333333333333,1.0,0.3333333333333333,Francisco Guillermo Ochoa Magaña,token-subset,0.0,0.0,0.0,0.0,0.3333333333333333,0.0,5.666666666666667,18.0,0.0,10.0,21.666666666666668,41.50342205323199,0.0,0.6666666666666666,0.0,2.3333333333333335,0.0,-0.6334694993333333,0.0,0.0,0.0,36.0,23.0,17.666666666666668,0.8333333333333334,2.3333333333333335,1.0,0.0,0.0,0.3333333333333333,0.0,0.0,0.0,0.0,0.0,1.0,0.0,0.0,0.0,0.0,0.0,0.0,0.0,0.0,GK,0.0,0.0,0.0,0.0,0.0,0.0,0.0,0.0,0.3333333333333333,0.0,0.6666666666666666,1.0,0.3333333333333333,0.0,0.0,,,0.0,0.0,0.0,90.0,1.0,1.0,0.4,0.0,0.0,0.0,GK,GK,GK
679,Hakim Ziyech,FWMF,ma Morocco,29.0,1.eng Chelsea,1993.0,7.0,7.0,635.0,7.1,1.0,1.0,2.0,1.0,0.0,0.0,0.0,0.0,0.14,0.14,0.28,0.14,0.28,Matches,6622454d,679,Hakim Ziyech,FWMF,ma Morocco,1.0,10.0,2.0,20.0,1.42,0.28,0.1,0.5,0.0,0.0,Matches,6622454d,679,Hakim Ziyech,FWMF,ma Morocco,0.0,0.0,0.0,12.0,7.0,2.0,29.0,10.0,7.0,,,0.0,Matches,6622454d,,,,,,,,,,,,,,,,,,,,,,,,,,,605.0,6.7,1.0,1.0,10.0,18.0,3.0,14.0,11.0,30.0,12.0,278.0,15.0,0.0,0.0,0.0,0.0,0.0,0.1492537313432835,0.1492537313432835,1.4925373134328357,2.686567164179104,0.4477611940298507,2.08955223880597,4.477611940298507,1.791044776119403,41.492537313432834,2.238805970149253,0.0,0.0,Hakim Ziyech,exact-name,19.295774647887324,5.070422535211268,9.577464788732394,0.0,0.0,0.14084507042253522,3.943661971830986,45.21126760563381,0.14084507042253522,0.0,0.0,0.0,31.408450704225352,8.873239436619718,0.14084507042253522,7.746478873239437,0.5633802816901409,0.0,0.0,0.05555555555555555,0.0,42.25352112676057,15.211267605633804,15.91549295774648,0.7,5.915492957746479,3.3802816901408455,0.8450704225352114,0.4225352112676057,7.323943661971831,0.28169014084507044,1.6901408450704227,0.5633802816901409,0.3333333333333333,0.7042253521126761,0.0,1.5492957746478875,0.15434035577464789,0.4225352112676057,0.0312316526,0.0,0.8450704225352114,0.4225352112676057,15.91549295774648,Wide,0.14084507042253522,0.14084507042253522,1.4084507042253522,0.28169014084507044,4.084507042253521,1.4084507042253522,0.9859154929577465,1.6901408450704227,0.9859154929577465,0.28169014084507044,,,,0.0,0.0,,,0.0,0.0,0.0,89.43661971830987,0.9859154929577465,0.9859154929577465,,0.1,0.2,0.4,FW,FWMF,RW
302,Harry Kane,FW,eng England,28.0,1.eng Tottenham,1993.0,5.0,5.0,402.0,4.5,2.0,3.0,5.0,1.0,1.0,2.0,0.0,0.0,0.45,0.67,1.12,0.22,0.9,Matches,21a66f6a,302,Harry Kane,FW,eng England,2.0,12.0,6.0,50.0,2.69,1.34,0.08,0.17,1.0,2.0,Matches,21a66f6a,302,Harry Kane,FW,eng England,0.0,0.0,0.0,1.0,9.0,0.0,6.0,0.0,1.0,,,0.0,Matches,21a66f6a,,,,,,,,,,,,,,,,,,,,,,,,,,,402.0,4.5,2.0,3.0,12.0,5.0,2.0,0.0,1.0,7.0,3.0,105.0,6.0,0.0,0.0,0.0,0.0,0.0,0.4444444444444444,0.6666666666666666,2.6666666666666665,1.1111111111111112,0.4444444444444444,0.0,1.5555555555555556,0.6666666666666666,23.33333333333333,1.3333333333333333,0.0,0.0,Harry Kane,exact,6.888888888888889,3.5555555555555554,3.3333333333333335,0.0,0.0,0.6666666666666666,2.6666666666666665,40.44444444444444,0.8888888888888888,0.0,0.0,0.0,13.555555555555555,10.666666666666666,0.2222222222222222,5.111111111111111,1.3333333333333333,0.0,0.0,0.4,0.2222222222222222,21.555555555555557,8.0,6.888888888888889,0.6597938144329897,4.222222222222222,1.1111111111111112,0.4444444444444444,0.2222222222222222,2.6666666666666665,1.1111111111111112,1.1111111111111112,2.888888888888889,0.4642857142857143,0.4444444444444444,0.0,2.6666666666666665,0.5179955428888889,1.3333333333333333,0.0763979943,0.0,0.4444444444444444,3.7777777777777777,20.666666666666668,ST,0.4444444444444444,0.6666666666666666,2.6666666666666665,1.3333333333333333,1.3333333333333333,0.0,0.2222222222222222,0.2222222222222222,2.0,0.0,,,,0.2222222222222222,0.4444444444444444,,,0.0,0.0,0.0,89.33333333333333,1.1111111111111112,1.1111111111111112,,0.16666666666666666,0.5,0.42857142857142855,FW,FW,ST
366,Harry Maguire,DF,eng England,29.0,1.eng Manchester Utd,1993.0,5.0,5.0,429.0,4.8,0.0,1.0,1.0,0.0,0.0,0.0,1.0,0.0,0.0,0.21,0.21,0.0,0.21,Matches,d8931174,366,Harry Maguire,DF,eng England,0.0,6.0,2.0,33.3,1.26,0.42,0.0,0.0,0.0,0.0,Matches,d8931174,366,Harry Maguire,DF,eng England,1.0,0.0,0.0,6.0,2.0,1.0,1.0,4.0,3.0,,,0.0,Matches,d8931174,,,,,,,,,,,,,,,,,,,,,,,,,,,430.0,4.8,0.0,1.0,6.0,2.0,1.0,5.0,6.0,3.0,3.0,325.0,18.0,0.0,0.0,0.0,0.0,0.0,0.0,0.2083333333333333,1.25,0.4166666666666667,0.2083333333333333,1.0416666666666667,0.625,0.625,67.70833333333334,3.75,0.0,0.0,Harry Maguire,exact-name,3.541666666666667,0.20833333333333334,1.4583333333333335,0.0,0.0,2.7083333333333335,3.125,75.0,0.20833333333333334,0.0,0.0,0.0,24.791666666666668,20.625,0.20833333333333334,10.416666666666668,0.4166666666666667,0.0,0.0,0.0,1.0416666666666667,85.0,35.0,36.25,0.8651960784313726,9.375,4.375,0.0,0.0,2.0833333333333335,4.375,1.0416666666666667,3.75,0.72,0.8333333333333334,0.0,1.25,0.10207409645833333,0.20833333333333334,0.08165927716666667,0.0,0.0,3.125,3.75,CB,0.0,0.20833333333333334,1.25,0.4166666666666667,0.20833333333333334,0.8333333333333334,0.625,1.25,0.4166666666666667,0.20833333333333334,,,,0.0,0.0,,,0.0,0.20833333333333334,0.0,89.375,1.0416666666666667,1.0416666666666667,,0.0,0.3333333333333333,1.0,DF,DF,CB
583,Harry Souttar,DF,au Australia,23.0,2.eng Stoke City,1998.0,4.0,4.0,360.0,4.0,0.0,0.0,0.0,0.0,0.0,0.0,0.0,0.0,0.0,0.0,0.0,0.0,0.0,Matches,0a6cb1b1,583,Harry Souttar,DF,au Australia,0.0,1.0,0.0,0.0,0.25,0.0,0.0,,0.0,0.0,Matches,0a6cb1b1,583,Harry Souttar,DF,au Australia,0.0,0.0,0.0,1.0,1.0,0.0,0.0,6.0,1.0,,,0.0,Matches,0a6cb1b1,,,,,,,,,,,,,,,,,,,,,,,,,,,360.0,4.0,0.0,0.0,1.0,0.0,1.0,3.0,1.0,0.0,0.0,109.0,4.0,0.0,0.0,0.0,0.0,0.0,0.0,0.0,0.25,0.0,0.25,0.75,0.0,0.0,27.25,1.0,0.0,0.0,Harry Souttar,exact,7.0,0.0,2.0,0.0,0.0,3.5,2.5,33.25,0.0,0.0,0.0,0.0,5.75,9.75,0.0,6.25,0.0,0.0,0.0,0.0,0.25,40.75,22.0,18.5,0.8282208588957055,6.25,1.0,0.25,0.0,0.25,5.5,3.0,4.0,0.6666666666666666,0.5,0.0,0.25,0.0170236825,0.0,0.06809473,0.0,0.25,1.25,1.75,CB,0.0,0.0,0.25,0.0,0.0,1.5,0.25,0.25,0.25,0.0,,,,0.0,0.0,,,0.0,0.0,0.0,90.0,1.0,1.0,,0.0,0.0,0.0,DF,DF,CB
426,Héctor Moreno,DF,mx Mexico,34.0,1.mx Monterrey,1988.0,3.0,3.0,270.0,3.0,0.0,0.0,0.0,0.0,0.0,0.0,1.0,0.0,0.0,0.0,0.0,0.0,0.0,Matches,5d311e8d,426,Héctor Moreno,DF,mx Mexico,0.0,1.0,0.0,0.0,0.33,0.0,0.0,,0.0,0.0,Matches,5d311e8d,426,Héctor Moreno,DF,mx Mexico,1.0,0.0,0.0,3.0,3.0,0.0,0.0,1.0,2.0,,,0.0,Matches,5d311e8d,,,,,,,,,,,,,,,,,,,,,,,,,,,270.0,3.0,0.0,0.0,1.0,1.0,0.0,2.0,3.0,0.0,0.0,140.0,10.0,0.0,0.0,0.0,0.0,0.0,0.0,0.0,0.3333333333333333,0.3333333333333333,0.0,0.6666666666666666,0.0,0.0,46.66666666666666,3.333333333333333,0.0,0.0,Héctor Alfredo Moreno Herrera,token-subset,5.0,0.0,2.0,0.0,0.0,1.3333333333333333,4.0,50.666666666666664,0.0,0.0,0.0,0.0,18.0,14.0,0.6666666666666666,11.333333333333334,0.0,0.0,0.0,0.0,0.3333333333333333,63.666666666666664,26.666666666666668,25.0,0.8691099476439791,11.0,1.6666666666666667,0.3333333333333333,0.0,2.0,2.3333333333333335,1.6666666666666667,1.3333333333333333,0.36363636363636365,0.3333333333333333,0.0,0.3333333333333333,0.05888343333333334,0.0,0.1766503,0.0,0.3333333333333333,1.0,1.0,CB,0.0,0.0,0.3333333333333333,0.0,0.0,0.3333333333333333,0.6666666666666666,1.0,1.0,0.0,,,,0.0,0.0,,,0.0,0.3333333333333333,0.0,90.0,1.0,1.0,,0.0,0.0,0.0,DF,DF,CB
206,Hernán Galíndez,GK,ec Ecuador,35.0,1.ec Aucas,1987.0,3.0,3.0,270.0,3.0,0.0,0.0,0.0,0.0,0.0,0.0,0.0,0.0,0.0,0.0,0.0,0.0,0.0,Matches,89c136f6,206,Hernán Galíndez,GK,ec Ecuador,0.0,0.0,0.0,,0.0,0.0,,,0.0,0.0,Matches,89c136f6,206,Hernán Galíndez,GK,ec Ecuador,0.0,0.0,0.0,0.0,0.0,0.0,0.0,0.0,0.0,,,0.0,Matches,89c136f6,11,Hernán Galíndez,GK,ec Ecuador,1.ec Aucas,3.0,3.0,270.0,3.0,3.0,1.0,4.0,1.0,25.0,1.0,1.0,1.0,1.0,33.3,1.0,1.0,0.0,0.0,0.0,Matches,89c136f6,270.0,3.0,0.0,0.0,0.0,0.0,0.0,0.0,0.0,0.0,0.0,33.0,0.0,1.0,3.0,4.0,25.0,1.0,0.0,0.0,0.0,0.0,0.0,0.0,0.0,0.0,11.0,0.0,0.3333333333333333,0.3333333333333333,Hernán Ismael Galíndez,token-subset,0.0,0.0,0.0,0.3333333333333333,0.6666666666666666,0.0,4.333333333333333,10.0,0.0,15.0,7.0,40.27039106145252,0.0,0.6666666666666666,0.0,6.666666666666667,0.0,-0.3309789498333333,0.0,0.0,0.0,25.666666666666668,17.666666666666668,17.0,0.5714285714285714,6.666666666666667,0.3333333333333333,0.0,0.0,0.0,0.0,0.0,0.0,0.0,0.0,0.0,0.0,0.0,0.0,0.0,0.0,0.0,0.0,0.0,GK,0.0,0.0,0.0,0.0,0.0,0.0,0.0,0.0,0.0,0.0,0.3333333333333333,1.0,0.3333333333333333,0.0,0.0,,,0.0,0.0,0.0,90.0,1.0,1.0,0.25,0.0,0.0,0.0,GK,GK,GK
427,Hidemasa Morita,MF,jp Japan,27.0,1.pt Sporting CP,1995.0,3.0,3.0,285.0,3.2,0.0,0.0,0.0,0.0,0.0,0.0,0.0,0.0,0.0,0.0,0.0,0.0,0.0,Matches,a650c75b,427,Hidemasa Morita,MF,jp Japan,0.0,3.0,1.0,33.3,0.95,0.32,0.0,0.0,0.0,0.0,Matches,a650c75b,427,Hidemasa Morita,MF,jp Japan,0.0,0.0,0.0,4.0,1.0,0.0,3.0,2.0,0.0,,,0.0,Matches,a650c75b,,,,,,,,,,,,,,,,,,,,,,,,,,,285.0,3.2,0.0,0.0,3.0,2.0,0.0,3.0,4.0,3.0,0.0,124.0,1.0,0.0,0.0,0.0,0.0,0.0,0.0,0.0,0.9375,0.625,0.0,0.9375,0.9375,0.0,38.75,0.3125,0.0,0.0,Hidemasa Morita,exact,17.5,1.875,10.0,0.0,0.0,0.9375,6.25,44.375,0.625,0.0,0.0,0.0,7.8125,11.875,0.0,7.5,0.0,0.0,0.0,0.0,0.0,50.3125,17.1875,15.625,0.7950310559006211,5.9375,0.9375,0.9375,0.0,3.125,2.5,3.4375,2.1875,0.5,0.0,0.0,0.9375,0.059560773750000004,0.3125,0.06353149200000001,0.0,0.9375,1.25,9.6875,MF,0.0,0.0,0.9375,0.3125,0.9375,0.625,0.0,1.25,0.3125,0.0,,,,0.0,0.0,,,0.0,0.0,0.0,89.0625,0.9375,0.9375,,0.0,0.3333333333333333,0.0,MF,MF,DM
354,Hugo Lloris,GK,fr France,35.0,1.eng Tottenham,1986.0,6.0,6.0,570.0,6.3,0.0,0.0,0.0,0.0,0.0,0.0,0.0,0.0,0.0,0.0,0.0,0.0,0.0,Matches,8f62b6ee,354,Hugo Lloris,GK,fr France,0.0,0.0,0.0,,0.0,0.0,,,0.0,0.0,Matches,8f62b6ee,354,Hugo Lloris,GK,fr France,0.0,0.0,0.0,0.0,1.0,0.0,0.0,0.0,0.0,,,0.0,Matches,8f62b6ee,17,Hugo Lloris,GK,fr France,1.eng Tottenham,6.0,6.0,570.0,6.3,7.0,1.11,24.0,17.0,70.8,5.0,1.0,0.0,1.0,16.7,4.0,3.0,0.0,1.0,0.0,Matches,8f62b6ee,540.0,6.0,0.0,0.0,0.0,0.0,0.0,0.0,0.0,0.0,0.0,73.0,0.0,17.0,7.0,24.0,70.8,1.0,0.0,0.0,0.0,0.0,0.0,0.0,0.0,0.0,12.166666666666666,0.0,2.833333333333333,0.1666666666666666,Hugo Lloris,exact,0.0,0.0,0.0,1.4285714285714286,0.6349206349206349,0.0,2.5396825396825395,11.746031746031747,0.0,17.142857142857142,7.4603174603174605,39.35477272727277,0.0,0.31746031746031744,0.0,4.920634920634921,0.0,0.08139969301587308,0.0,0.0,0.0,28.88888888888889,24.126984126984127,21.746031746031747,0.6098901098901099,4.920634920634921,0.6349206349206349,0.0,0.0,0.15873015873015872,0.0,0.0,0.0,0.0,0.0,0.0,0.0,0.0,0.0,0.0,0.0,0.0,0.0,0.0,GK,0.0,0.0,0.0,0.0,0.0,0.0,0.0,0.0,0.15873015873015872,0.0,2.6984126984126986,1.1111111111111112,0.15873015873015872,0.0,0.0,,,0.0,0.0,0.0,90.47619047619048,0.9523809523809524,0.9523809523809524,0.7083333333333334,0.0,0.0,0.0,GK,GK,GK
270,Hwang In-beom,MF,kr Korea Republic,25.0,1.gr Olympiacos,1996.0,4.0,4.0,334.0,3.7,0.0,0.0,0.0,0.0,0.0,0.0,0.0,0.0,0.0,0.0,0.0,0.0,0.0,Matches,92fa5d28,270,Hwang In-beom,MF,kr Korea Republic,0.0,6.0,1.0,16.7,1.62,0.27,0.0,0.0,0.0,0.0,Matches,92fa5d28,270,Hwang In-beom,MF,kr Korea Republic,0.0,0.0,0.0,7.0,3.0,0.0,6.0,3.0,3.0,,,0.0,Matches,92fa5d28,,,,,,,,,,,,,,,,,,,,,,,,,,,334.0,3.7,0.0,0.0,6.0,5.0,1.0,3.0,7.0,4.0,1.0,206.0,3.0,0.0,0.0,0.0,0.0,0.0,0.0,0.0,1.6216216216216215,1.351351351351351,0.2702702702702702,0.8108108108108107,1.081081081081081,0.2702702702702702,55.67567567567567,0.8108108108108107,0.0,0.0,In-Beom Hwang,token-subset,13.783783783783782,3.243243243243243,5.675675675675675,0.0,0.0,0.8108108108108107,7.297297297297297,59.729729729729726,0.27027027027027023,0.0,0.0,0.0,23.783783783783782,15.675675675675675,0.0,12.162162162162161,0.0,0.0,0.0,0.2,0.0,66.75675675675676,25.135135135135133,23.783783783783782,0.805668016194332,10.81081081081081,3.513513513513513,0.8108108108108107,0.27027027027027023,4.594594594594595,1.8918918918918919,1.3513513513513513,1.081081081081081,0.4444444444444444,0.8108108108108107,0.0,1.6216216216216215,0.05344548027027027,0.27027027027027023,0.032958046166666664,0.0,0.8108108108108107,0.0,18.91891891891892,MF,0.0,0.0,1.6216216216216215,0.27027027027027023,1.6216216216216215,0.8108108108108107,0.8108108108108107,1.8918918918918919,0.8108108108108107,0.0,,,,0.0,0.0,,,0.0,0.0,0.0,90.27027027027026,1.081081081081081,1.081081081081081,,0.0,0.16666666666666666,0.24999999999999994,MF,MF,DM
322,Ibrahima Konaté,DF,fr France,23.0,1.eng Liverpool,1999.0,5.0,3.0,294.0,3.3,0.0,0.0,0.0,0.0,0.0,0.0,0.0,0.0,0.0,0.0,0.0,0.0,0.0,Matches,5ed9b537,322,Ibrahima Konaté,DF,fr France,0.0,2.0,1.0,50.0,0.61,0.31,0.0,0.0,0.0,0.0,Matches,5ed9b537,322,Ibrahima Konaté,DF,fr France,0.0,0.0,0.0,2.0,4.0,0.0,1.0,7.0,6.0,,,0.0,Matches,5ed9b537,,,,,,,,,,,,,,,,,,,,,,,,,,,265.0,2.9,0.0,0.0,2.0,0.0,1.0,9.0,2.0,0.0,0.0,195.0,7.0,0.0,0.0,0.0,0.0,0.0,0.0,0.0,0.6896551724137931,0.0,0.3448275862068966,3.103448275862069,0.0,0.0,67.24137931034483,2.413793103448276,0.0,0.0,Ibrahima Konaté,exact-name,4.848484848484849,0.0,2.4242424242424243,0.0,0.0,2.121212121212121,4.545454545454546,62.42424242424243,0.0,0.0,0.0,0.0,8.181818181818182,17.575757575757578,0.0,8.484848484848484,0.0,0.0,0.0,0.0,0.6060606060606061,69.0909090909091,23.93939393939394,23.93939393939394,0.9166666666666666,7.878787878787879,2.7272727272727275,0.6060606060606061,0.30303030303030304,0.6060606060606061,4.545454545454546,1.8181818181818183,2.4242424242424243,0.8888888888888888,2.121212121212121,0.0,0.6060606060606061,0.053337075757575764,0.30303030303030304,0.088006175,0.0,0.6060606060606061,0.6060606060606061,1.8181818181818183,CB,0.0,0.0,0.6060606060606061,0.30303030303030304,0.30303030303030304,2.121212121212121,1.8181818181818183,0.6060606060606061,1.2121212121212122,0.0,,,,0.0,0.0,,,0.0,0.0,0.0,89.0909090909091,1.5151515151515151,0.9090909090909092,,0.0,0.5,0.0,DF,DF,CB
234,Idrissa Gueye,MF,sn Senegal,32.0,1.eng Everton,1989.0,3.0,3.0,270.0,3.0,0.0,0.0,0.0,0.0,0.0,0.0,2.0,0.0,0.0,0.0,0.0,0.0,0.0,Matches,72c812f3,234,Idrissa Gueye,MF,sn Senegal,0.0,4.0,1.0,25.0,1.33,0.33,0.0,0.0,0.0,0.0,Matches,72c812f3,234,Idrissa Gueye,MF,sn Senegal,2.0,0.0,0.0,4.0,1.0,0.0,15.0,4.0,1.0,,,0.0,Matches,72c812f3,,,,,,,,,,,,,,,,,,,,,,,,,,,270.0,3.0,0.0,0.0,4.0,6.0,0.0,4.0,3.0,2.0,1.0,107.0,3.0,0.0,0.0,0.0,0.0,0.0,0.0,0.0,1.3333333333333333,2.0,0.0,1.3333333333333333,0.6666666666666666,0.3333333333333333,35.666666666666664,1.0,0.0,0.0,Idrissa Gana Gueye,token-subset,22.333333333333332,4.0,12.333333333333334,0.0,0.0,0.6666666666666666,6.0,38.666666666666664,0.3333333333333333,0.0,0.0,0.0,17.333333333333332,9.333333333333334,0.0,6.333333333333333,0.3333333333333333,0.0,0.0,0.0,0.0,43.666666666666664,9.333333333333334,13.333333333333334,0.8091603053435115,5.0,0.6666666666666666,0.3333333333333333,0.0,4.666666666666667,0.6666666666666666,2.3333333333333335,0.6666666666666666,0.2857142857142857,0.6666666666666666,0.0,1.3333333333333333,0.110799386,0.3333333333333333,0.0830995395,0.0,0.3333333333333333,1.3333333333333333,19.0,MF,0.0,0.0,1.3333333333333333,0.3333333333333333,5.0,1.3333333333333333,0.3333333333333333,1.3333333333333333,0.3333333333333333,0.0,,,,0.0,0.0,,,0.0,0.6666666666666666,0.0,90.0,1.0,1.0,,0.0,0.25,0.5,MF,MF,AM
651,Iñaki Williams,FWMF,gh Ghana,27.0,1.es Athletic Club,1994.0,3.0,3.0,270.0,3.0,0.0,0.0,0.0,0.0,0.0,0.0,0.0,0.0,0.0,0.0,0.0,0.0,0.0,Matches,6a99e0b1,651,Iñaki Williams,FWMF,gh Ghana,0.0,2.0,0.0,0.0,0.67,0.0,0.0,,0.0,0.0,Matches,6a99e0b1,651,Iñaki Williams,FWMF,gh Ghana,0.0,0.0,0.0,4.0,3.0,1.0,1.0,0.0,2.0,,,0.0,Matches,6a99e0b1,,,,,,,,,,,,,,,,,,,,,,,,,,,251.0,2.8,0.0,0.0,2.0,1.0,0.0,0.0,4.0,4.0,4.0,40.0,4.0,0.0,0.0,0.0,0.0,0.0,0.0,0.0,0.7142857142857143,0.3571428571428571,0.0,0.0,1.4285714285714286,1.4285714285714286,14.285714285714286,1.4285714285714286,0.0,0.0,Iñaki Williams Arthuer,token-subset,10.666666666666666,4.666666666666667,4.666666666666667,0.0,0.0,0.6666666666666666,3.6666666666666665,30.333333333333332,0.3333333333333333,0.0,0.0,0.0,12.666666666666666,6.333333333333333,0.3333333333333333,1.3333333333333333,0.6666666666666666,0.0,0.0,0.0,0.0,14.666666666666666,1.3333333333333333,3.3333333333333335,0.75,0.3333333333333333,0.0,0.3333333333333333,0.0,1.3333333333333333,0.6666666666666666,1.6666666666666667,0.6666666666666666,0.2,0.3333333333333333,0.0,0.6666666666666666,0.04200900233333333,0.0,0.0630135035,0.0,0.3333333333333333,4.0,16.333333333333332,ST,0.0,0.0,0.6666666666666666,0.0,0.3333333333333333,0.0,0.6666666666666666,1.3333333333333333,1.0,0.3333333333333333,,,,0.0,0.0,,,0.0,0.0,0.0,90.0,1.0,1.0,,0.0,0.0,1.0,FW,FWMF,ST
280,Ismail Jakobs,DF,sn Senegal,22.0,1.fr Monaco,1999.0,4.0,3.0,278.0,3.1,0.0,1.0,1.0,0.0,0.0,0.0,1.0,0.0,0.0,0.32,0.32,0.0,0.32,Matches,a0415710,280,Ismail Jakobs,DF,sn Senegal,0.0,1.0,0.0,0.0,0.32,0.0,0.0,,0.0,0.0,Matches,a0415710,280,Ismail Jakobs,DF,sn Senegal,1.0,0.0,0.0,3.0,6.0,0.0,18.0,4.0,0.0,,,0.0,Matches,a0415710,,,,,,,,,,,,,,,,,,,,,,,,,,,278.0,3.1,0.0,1.0,1.0,8.0,1.0,3.0,2.0,1.0,1.0,81.0,5.0,0.0,0.0,0.0,0.0,0.0,0.0,0.3225806451612903,0.3225806451612903,2.5806451612903225,0.3225806451612903,0.9677419354838708,0.3225806451612903,0.3225806451612903,26.12903225806452,1.6129032258064515,0.0,0.0,Ismail Jakobs,exact,9.032258064516128,0.0,4.193548387096774,0.0,0.0,3.5483870967741935,3.225806451612903,31.29032258064516,0.3225806451612903,0.0,0.0,0.0,27.741935483870968,3.5483870967741935,0.0,9.67741935483871,0.0,0.0,0.0,0.5,0.0,50.64516129032258,23.548387096774192,25.483870967741936,0.6687898089171974,7.419354838709677,1.6129032258064515,1.2903225806451613,0.0,6.451612903225806,4.516129032258064,0.6451612903225806,3.5483870967741935,0.7857142857142857,0.3225806451612903,0.0,0.3225806451612903,0.004642872580645161,0.0,0.014392905,0.0,1.2903225806451613,0.0,9.67741935483871,FB/WB,0.0,0.3225806451612903,0.3225806451612903,0.0,5.806451612903226,1.2903225806451613,0.0,0.9677419354838709,1.9354838709677418,0.0,,,,0.0,0.0,,,0.0,0.3225806451612903,0.0,89.6774193548387,1.2903225806451613,0.9677419354838709,,0.0,0.0,1.0,DF,DF,LB
552,Ismaila Sarr,MFFW,sn Senegal,24.0,2.eng Watford,1998.0,4.0,4.0,344.0,3.8,1.0,0.0,1.0,0.0,1.0,1.0,0.0,0.0,0.26,0.0,0.26,0.0,0.0,Matches,bfdb33aa,552,Ismaila Sarr,MFFW,sn Senegal,1.0,11.0,2.0,18.2,2.88,0.52,0.0,0.0,1.0,1.0,Matches,bfdb33aa,552,Ismaila Sarr,MFFW,sn Senegal,0.0,0.0,0.0,3.0,17.0,3.0,8.0,2.0,2.0,,,0.0,Matches,bfdb33aa,,,,,,,,,,,,,,,,,,,,,,,,,,,343.0,3.8,1.0,0.0,10.0,7.0,1.0,3.0,3.0,13.0,9.0,102.0,14.0,0.0,0.0,0.0,0.0,0.0,0.2631578947368421,0.0,2.631578947368421,1.842105263157895,0.2631578947368421,0.7894736842105263,3.421052631578948,2.368421052631579,26.842105263157897,3.68421052631579,0.0,0.0,Ismaïla Sarr,exact,13.421052631578949,6.052631578947369,6.052631578947369,0.0,0.0,0.0,4.473684210526316,38.94736842105263,0.2631578947368421,0.0,0.0,0.0,28.68421052631579,4.736842105263158,0.0,3.68421052631579,2.8947368421052633,0.0,0.0,0.42857142857142855,0.5263157894736842,21.315789473684212,5.0,5.2631578947368425,0.7037037037037037,1.3157894736842106,0.2631578947368421,1.5789473684210527,0.0,4.736842105263158,0.2631578947368421,1.0526315789473684,1.842105263157895,0.4666666666666667,1.0526315789473684,0.0,2.6315789473684212,0.48652374184210534,0.2631578947368421,0.11836557988888889,0.0,1.5789473684210527,3.4210526315789473,23.42105263157895,Wide,0.2631578947368421,0.0,2.8947368421052633,0.5263157894736842,2.1052631578947367,0.5263157894736842,0.5263157894736842,0.7894736842105263,4.473684210526316,0.7894736842105263,,,,0.2631578947368421,0.2631578947368421,,,0.0,0.0,0.0,90.52631578947368,1.0526315789473684,1.0526315789473684,,0.09090909090909091,0.18181818181818182,0.6923076923076923,FW,MFFW,LW
488,Ivan Perišić,FWMF,hr Croatia,33.0,1.eng Tottenham,1989.0,7.0,7.0,669.0,7.4,1.0,3.0,4.0,1.0,0.0,0.0,0.0,0.0,0.13,0.4,0.54,0.13,0.54,Matches,6fe90922,488,Ivan Perišić,FWMF,hr Croatia,1.0,16.0,4.0,25.0,2.15,0.54,0.06,0.25,0.0,0.0,Matches,6fe90922,488,Ivan Perišić,FWMF,hr Croatia,0.0,0.0,0.0,10.0,0.0,3.0,27.0,7.0,3.0,,,0.0,Matches,6fe90922,,,,,,,,,,,,,,,,,,,,,,,,,,,639.0,7.1,1.0,3.0,16.0,28.0,6.0,11.0,11.0,17.0,8.0,227.0,20.0,0.0,0.0,0.0,0.0,0.0,0.1408450704225352,0.4225352112676057,2.2535211267605635,3.943661971830986,0.8450704225352114,1.5492957746478877,2.3943661971830985,1.1267605633802815,31.971830985915496,2.8169014084507045,0.0,0.0,Ivan Perišić,exact-name,13.243243243243242,4.189189189189189,5.0,0.0,0.0,1.081081081081081,2.972972972972973,43.51351351351351,0.27027027027027023,0.0,0.0,0.0,32.027027027027025,5.8108108108108105,0.5405405405405405,4.72972972972973,1.4864864864864864,0.0,0.0,0.25,0.4054054054054054,41.08108108108108,9.054054054054054,12.837837837837837,0.7039473684210527,2.162162162162162,1.6216216216216215,0.8108108108108107,0.13513513513513511,6.621621621621621,1.4864864864864864,1.6216216216216215,1.8918918918918919,0.4827586206896552,1.081081081081081,0.0,2.162162162162162,0.10211219274324324,0.5405405405405405,0.04722688914375,0.13513513513513511,0.8108108108108107,4.72972972972973,24.324324324324323,Wide,0.13513513513513511,0.4054054054054054,2.162162162162162,0.5405405405405405,3.6486486486486487,0.9459459459459459,0.4054054054054054,1.3513513513513513,0.0,0.4054054054054054,,,,0.0,0.0,,,0.0,0.0,0.0,90.4054054054054,0.9459459459459459,0.9459459459459459,,0.0625,0.25,0.4705882352941176,FW,FWMF,LW
271,Jackson Irvine,MFFW,au Australia,29.0,2.de St Pauli,1993.0,4.0,4.0,354.0,3.9,0.0,0.0,0.0,0.0,0.0,0.0,2.0,0.0,0.0,0.0,0.0,0.0,0.0,Matches,4637747c,271,Jackson Irvine,MFFW,au Australia,0.0,3.0,0.0,0.0,0.76,0.0,0.0,,0.0,0.0,Matches,4637747c,271,Jackson Irvine,MFFW,au Australia,2.0,0.0,0.0,7.0,2.0,0.0,2.0,3.0,2.0,,,0.0,Matches,4637747c,,,,,,,,,,,,,,,,,,,,,,,,,,,354.0,3.9,0.0,0.0,3.0,2.0,1.0,7.0,9.0,2.0,0.0,77.0,4.0,0.0,0.0,0.0,0.0,0.0,0.0,0.0,0.7692307692307693,0.5128205128205129,0.2564102564102564,1.794871794871795,0.5128205128205129,0.0,19.743589743589745,1.0256410256410258,0.0,0.0,Jackson Irvine,exact-name,17.435897435897438,3.076923076923077,10.76923076923077,0.0,0.0,1.5384615384615385,2.8205128205128207,29.48717948717949,0.5128205128205129,0.0,0.0,0.0,12.820512820512821,6.666666666666667,0.25641025641025644,2.8205128205128207,0.0,0.0,0.0,0.5,0.25641025641025644,33.07692307692308,9.743589743589745,10.512820512820513,0.8294573643410853,2.307692307692308,0.5128205128205129,0.25641025641025644,0.0,1.2820512820512822,2.8205128205128207,1.794871794871795,3.076923076923077,0.6,0.5128205128205129,0.0,0.7692307692307693,0.08522877076923076,0.0,0.11079740199999999,0.0,0.25641025641025644,1.2820512820512822,9.230769230769232,MF,0.0,0.0,0.7692307692307693,0.0,0.5128205128205129,0.7692307692307693,0.5128205128205129,1.794871794871795,0.5128205128205129,0.0,,,,0.0,0.0,,,0.0,0.5128205128205129,0.0,90.76923076923077,1.0256410256410258,1.0256410256410258,,0.0,0.0,0.0,FW,MFFW,DM
315,Jakub Kiwior,DF,pl Poland,22.0,1.it Spezia,2000.0,4.0,4.0,355.0,3.9,0.0,0.0,0.0,0.0,0.0,0.0,1.0,0.0,0.0,0.0,0.0,0.0,0.0,Matches,dc3e663e,315,Jakub Kiwior,DF,pl Poland,0.0,1.0,0.0,0.0,0.25,0.0,0.0,,0.0,0.0,Matches,dc3e663e,315,Jakub Kiwior,DF,pl Poland,1.0,0.0,0.0,1.0,0.0,0.0,0.0,3.0,1.0,,,0.0,Matches,dc3e663e,,,,,,,,,,,,,,,,,,,,,,,,,,,356.0,4.0,0.0,0.0,1.0,0.0,0.0,4.0,1.0,0.0,0.0,140.0,7.0,0.0,0.0,0.0,0.0,0.0,0.0,0.0,0.25,0.0,0.0,1.0,0.0,0.0,35.0,1.75,0.0,0.0,Jakub Piotr Kiwior,token-subset,3.8461538461538463,0.0,1.2820512820512822,0.0,0.0,1.5384615384615385,2.0512820512820515,44.35897435897436,0.0,0.0,0.0,0.0,6.153846153846154,13.846153846153847,0.0,5.897435897435898,0.0,0.0,0.0,0.0,0.25641025641025644,51.53846153846154,21.025641025641026,26.410256410256412,0.8407960199004975,5.897435897435898,1.5384615384615385,0.0,0.0,1.5384615384615385,3.58974358974359,1.2820512820512822,0.7692307692307693,0.5,0.5128205128205129,0.0,0.25641025641025644,0.03192272051282051,0.0,0.12449861,0.0,0.0,0.5128205128205129,0.7692307692307693,CB,0.0,0.0,0.25641025641025644,0.0,0.0,0.7692307692307693,0.25641025641025644,0.25641025641025644,0.0,0.0,,,,0.0,0.0,,,0.0,0.25641025641025644,0.0,91.02564102564102,1.0256410256410258,1.0256410256410258,,0.0,0.0,0.0,DF,DF,CB
637,Jan Vertonghen,DF,be Belgium,35.0,1.be Anderlecht,1987.0,3.0,3.0,270.0,3.0,0.0,0.0,0.0,0.0,0.0,0.0,0.0,0.0,0.0,0.0,0.0,0.0,0.0,Matches,ba23a904,637,Jan Vertonghen,DF,be Belgium,0.0,2.0,0.0,0.0,0.67,0.0,0.0,,0.0,0.0,Matches,ba23a904,637,Jan Vertonghen,DF,be Belgium,0.0,0.0,0.0,0.0,6.0,0.0,0.0,5.0,0.0,,,0.0,Matches,ba23a904,,,,,,,,,,,,,,,,,,,,,,,,,,,270.0,3.0,0.0,0.0,2.0,0.0,0.0,3.0,0.0,0.0,0.0,214.0,1.0,0.0,0.0,0.0,0.0,0.0,0.0,0.0,0.6666666666666666,0.0,0.0,1.0,0.0,0.0,71.33333333333333,0.3333333333333333,0.0,0.0,Jan Vertonghen,exact,5.0,0.0,1.6666666666666667,0.0,0.0,1.6666666666666667,3.3333333333333335,77.0,0.0,0.0,0.0,0.0,14.0,22.333333333333332,0.0,2.3333333333333335,0.0,0.0,0.0,0.0,0.6666666666666666,88.0,28.666666666666668,27.0,0.8977272727272727,1.6666666666666667,1.0,0.0,0.0,0.3333333333333333,6.0,1.6666666666666667,3.0,0.6923076923076923,0.0,0.0,0.6666666666666666,0.03590873666666667,0.0,0.053863105,0.0,0.0,1.6666666666666667,1.6666666666666667,CB,0.0,0.0,0.6666666666666666,0.0,0.0,1.6666666666666667,0.0,0.0,2.0,0.0,,,,0.0,0.0,,,0.0,0.0,0.0,90.0,1.0,1.0,,0.0,0.0,0.0,DF,DF,CB
666,Jawad El Yamiq,DF,ma Morocco,30.0,1.es Valladolid,1992.0,6.0,3.0,309.0,3.4,0.0,0.0,0.0,0.0,0.0,0.0,0.0,0.0,0.0,0.0,0.0,0.0,0.0,Matches,f6f6b6e8,666,Jawad El Yamiq,DF,ma Morocco,0.0,2.0,1.0,50.0,0.58,0.29,0.0,0.0,0.0,0.0,Matches,f6f6b6e8,666,Jawad El Yamiq,DF,ma Morocco,0.0,0.0,0.0,1.0,4.0,0.0,0.0,5.0,2.0,,,0.0,Matches,f6f6b6e8,,,,,,,,,,,,,,,,,,,,,,,,,,,280.0,3.1,0.0,0.0,1.0,0.0,1.0,5.0,2.0,0.0,0.0,123.0,2.0,0.0,0.0,0.0,0.0,0.0,0.0,0.0,0.3225806451612903,0.0,0.3225806451612903,1.6129032258064515,0.0,0.0,39.67741935483871,0.6451612903225806,0.0,0.0,Jawad El Yamiq,exact-name,5.294117647058823,0.29411764705882354,2.058823529411765,0.0,0.0,3.235294117647059,3.823529411764706,37.05882352941177,0.29411764705882354,0.0,0.0,0.0,9.705882352941178,15.588235294117647,0.0,2.9411764705882355,0.0,0.0,0.0,0.0,0.0,47.05882352941177,17.058823529411764,12.647058823529411,0.89375,2.6470588235294117,1.4705882352941178,0.0,0.0,0.29411764705882354,5.882352941176471,2.3529411764705883,1.4705882352941178,1.0,0.5882352941176471,0.0,0.29411764705882354,0.018849282352941178,0.29411764705882354,0.06408756,0.0,0.0,0.29411764705882354,0.5882352941176471,CB,0.0,0.0,0.5882352941176471,0.29411764705882354,0.0,1.4705882352941178,0.5882352941176471,0.29411764705882354,1.1764705882352942,0.0,,,,0.0,0.0,,,0.0,0.0,0.0,90.88235294117648,1.7647058823529411,0.8823529411764706,,0.0,0.5,0.0,DF,DF,CB
207,Jesús Gallardo,DF,mx Mexico,27.0,1.mx Monterrey,1994.0,3.0,3.0,270.0,3.0,0.0,0.0,0.0,0.0,0.0,0.0,0.0,0.0,0.0,0.0,0.0,0.0,0.0,Matches,d0846b6c,207,Jesús Gallardo,DF,mx Mexico,0.0,1.0,0.0,0.0,0.33,0.0,0.0,,0.0,0.0,Matches,d0846b6c,207,Jesús Gallardo,DF,mx Mexico,0.0,0.0,0.0,4.0,1.0,0.0,9.0,1.0,5.0,,,0.0,Matches,d0846b6c,,,,,,,,,,,,,,,,,,,,,,,,,,,270.0,3.0,0.0,0.0,1.0,8.0,2.0,4.0,4.0,2.0,2.0,83.0,3.0,0.0,0.0,0.0,0.0,0.0,0.0,0.0,0.3333333333333333,2.6666666666666665,0.6666666666666666,1.3333333333333333,0.6666666666666666,0.6666666666666666,27.666666666666668,1.0,0.0,0.0,Jesús Daniel Gallardo Vasconcelos,token-subset,18.666666666666668,3.0,8.666666666666666,0.0,0.0,1.3333333333333333,4.666666666666667,28.666666666666668,0.3333333333333333,0.0,0.0,0.0,24.0,2.6666666666666665,0.0,4.666666666666667,0.6666666666666666,0.0,0.0,0.25,0.0,46.0,16.666666666666668,18.0,0.7028985507246377,4.0,0.3333333333333333,0.6666666666666666,0.0,4.333333333333333,2.3333333333333335,1.6666666666666667,0.3333333333333333,1.0,1.0,0.0,0.3333333333333333,0.02143362,0.0,0.06430086,0.0,0.6666666666666666,1.3333333333333333,12.666666666666666,FB/WB,0.0,0.0,0.3333333333333333,0.0,3.0,0.3333333333333333,1.6666666666666667,1.3333333333333333,0.3333333333333333,0.0,,,,0.0,0.0,,,0.0,0.0,0.0,90.0,1.0,1.0,,0.0,0.0,1.0,DF,DF,LB
39,Joachim Andersen,DF,dk Denmark,26.0,1.eng Crystal Palace,1996.0,3.0,3.0,270.0,3.0,0.0,1.0,1.0,0.0,0.0,0.0,0.0,0.0,0.0,0.33,0.33,0.0,0.33,Matches,e34fc66d,39,Joachim Andersen,DF,dk Denmark,0.0,4.0,1.0,25.0,1.33,0.33,0.0,0.0,0.0,0.0,Matches,e34fc66d,39,Joachim Andersen,DF,dk Denmark,0.0,0.0,0.0,3.0,4.0,0.0,1.0,0.0,1.0,,,0.0,Matches,e34fc66d,,,,,,,,,,,,,,,,,,,,,,,,,,,270.0,3.0,0.0,0.0,4.0,1.0,1.0,4.0,5.0,1.0,0.0,193.0,15.0,0.0,0.0,0.0,0.0,0.0,0.0,0.0,1.3333333333333333,0.3333333333333333,0.3333333333333333,1.3333333333333333,0.3333333333333333,0.0,64.33333333333333,5.0,0.0,0.0,Joachim Andersen,exact-name,8.333333333333334,1.6666666666666667,3.3333333333333335,0.0,0.0,3.0,4.333333333333333,68.33333333333333,0.3333333333333333,0.0,0.0,0.0,23.0,19.333333333333332,0.0,14.333333333333334,0.0,0.0,0.0,0.0,0.6666666666666666,81.66666666666667,36.333333333333336,36.0,0.8122448979591836,14.333333333333334,5.333333333333333,0.0,0.0,2.3333333333333335,5.666666666666667,0.6666666666666666,5.333333333333333,0.64,1.0,0.0,1.3333333333333333,0.0482871,0.3333333333333333,0.036215325,0.0,0.0,2.0,4.666666666666667,CB,0.0,0.3333333333333333,1.3333333333333333,0.3333333333333333,0.3333333333333333,0.0,0.3333333333333333,1.0,1.3333333333333333,0.0,,,,0.0,0.0,,,0.0,0.0,0.0,90.0,1.0,1.0,,0.0,0.25,0.0,DF,DF,CB
101,João Cancelo,DF,pt Portugal,28.0,1.eng Manchester City,1994.0,4.0,3.0,310.0,3.4,0.0,0.0,0.0,0.0,0.0,0.0,0.0,0.0,0.0,0.0,0.0,0.0,0.0,Matches,bd6351cd,101,João Cancelo,DF,pt Portugal,0.0,2.0,1.0,50.0,0.58,0.29,0.0,0.0,0.0,0.0,Matches,bd6351cd,101,João Cancelo,DF,pt Portugal,0.0,0.0,0.0,2.0,4.0,1.0,15.0,2.0,3.0,,,0.0,Matches,bd6351cd,,,,,,,,,,,,,,,,,,,,,,,,,,,310.0,3.4,0.0,0.0,2.0,10.0,1.0,3.0,2.0,12.0,6.0,226.0,10.0,0.0,0.0,0.0,0.0,0.0,0.0,0.0,0.5882352941176471,2.9411764705882355,0.2941176470588235,0.8823529411764706,3.5294117647058822,1.7647058823529411,66.47058823529412,2.9411764705882355,0.0,0.0,João Pedro Cavaco Cancelo,token-subset,5.882352941176471,2.058823529411765,2.058823529411765,0.0,0.0,2.6470588235294117,7.352941176470589,65.0,0.0,0.0,0.0,0.0,49.70588235294118,11.764705882352942,0.0,8.823529411764707,1.1764705882352942,0.0,0.0,0.5,0.0,79.11764705882354,21.176470588235293,23.529411764705884,0.8327137546468402,6.470588235294118,3.5294117647058822,0.29411764705882354,0.29411764705882354,7.352941176470589,3.235294117647059,2.6470588235294117,3.823529411764706,0.9285714285714286,1.1764705882352942,0.0,0.5882352941176471,0.016124579705882353,0.29411764705882354,0.0274117855,0.0,0.29411764705882354,0.5882352941176471,23.823529411764707,FB/WB,0.0,0.0,0.5882352941176471,0.29411764705882354,4.411764705882353,0.5882352941176471,0.8823529411764706,0.5882352941176471,1.1764705882352942,0.29411764705882354,,,,0.0,0.0,,,0.0,0.0,0.0,91.17647058823529,1.1764705882352942,0.8823529411764706,,0.0,0.5,0.5,DF,DF,RB
189,João Félix,FW,pt Portugal,22.0,1.es Atlético Madrid,1999.0,4.0,4.0,331.0,3.7,1.0,2.0,3.0,1.0,0.0,0.0,1.0,0.0,0.27,0.54,0.82,0.27,0.82,Matches,8aafd64f,189,João Félix,FW,pt Portugal,1.0,11.0,3.0,27.3,2.99,0.82,0.09,0.33,0.0,0.0,Matches,8aafd64f,189,João Félix,FW,pt Portugal,1.0,0.0,0.0,8.0,9.0,1.0,4.0,2.0,2.0,,,0.0,Matches,8aafd64f,,,,,,,,,,,,,,,,,,,,,,,,,,,331.0,3.7,1.0,2.0,11.0,4.0,0.0,1.0,8.0,9.0,5.0,125.0,5.0,0.0,0.0,0.0,0.0,0.0,0.2702702702702702,0.5405405405405405,2.972972972972973,1.081081081081081,0.0,0.2702702702702702,2.4324324324324325,1.351351351351351,33.78378378378378,1.351351351351351,0.0,0.0,João Félix Sequeira,token-subset,8.91891891891892,5.135135135135135,2.7027027027027026,0.0,0.0,0.27027027027027023,2.4324324324324325,43.24324324324324,0.8108108108108107,0.0,0.0,0.0,18.10810810810811,10.27027027027027,0.5405405405405405,4.594594594594595,1.3513513513513513,0.0,0.0,0.25,0.5405405405405405,32.97297297297297,7.297297297297297,6.216216216216216,0.7704918032786885,2.162162162162162,0.8108108108108107,0.27027027027027023,0.8108108108108107,2.972972972972973,0.5405405405405405,1.081081081081081,0.5405405405405405,0.4,0.8108108108108107,0.0,2.972972972972973,0.1808668843243243,0.8108108108108107,0.06083704290909091,0.0,0.27027027027027023,4.594594594594595,21.08108108108108,Wide,0.27027027027027023,0.5405405405405405,2.972972972972973,0.8108108108108107,1.081081081081081,0.5405405405405405,0.5405405405405405,2.162162162162162,2.4324324324324325,0.27027027027027023,,,,0.0,0.0,,,0.0,0.27027027027027023,0.0,89.45945945945945,1.081081081081081,1.081081081081081,,0.09090909090909091,0.2727272727272727,0.5555555555555555,FW,FW,LW
521,Joe Rodon,DF,wls Wales,24.0,1.fr Rennes,1997.0,3.0,3.0,270.0,3.0,0.0,0.0,0.0,0.0,0.0,0.0,1.0,0.0,0.0,0.0,0.0,0.0,0.0,Matches,8d62d31a,521,Joe Rodon,DF,wls Wales,0.0,0.0,0.0,,0.0,0.0,,,0.0,0.0,Matches,8d62d31a,521,Joe Rodon,DF,wls Wales,1.0,0.0,0.0,3.0,0.0,0.0,0.0,4.0,2.0,,,0.0,Matches,8d62d31a,,,,,,,,,,,,,,,,,,,,,,,,,,,270.0,3.0,0.0,0.0,0.0,0.0,0.0,3.0,3.0,0.0,0.0,126.0,4.0,0.0,0.0,0.0,0.0,0.0,0.0,0.0,0.0,0.0,0.0,1.0,0.0,0.0,42.0,1.3333333333333333,0.0,0.0,Joe Rodon,exact,7.666666666666667,0.0,4.333333333333333,0.0,0.0,2.3333333333333335,1.6666666666666667,45.666666666666664,0.0,0.0,0.0,0.0,4.0,5.666666666666667,0.0,1.3333333333333333,0.0,0.0,0.0,0.0,0.0,54.0,18.0,18.333333333333332,0.9074074074074074,1.0,1.0,0.0,0.0,0.3333333333333333,4.666666666666667,1.3333333333333333,2.3333333333333335,0.5384615384615384,1.0,0.0,0.0,0.0,0.0,0.0,0.0,0.0,0.6666666666666666,0.6666666666666666,CB,0.0,0.0,0.0,0.0,0.0,1.3333333333333333,0.6666666666666666,1.0,0.0,0.0,,,,0.0,0.0,,,0.0,0.3333333333333333,0.0,90.0,1.0,1.0,,0.0,0.0,0.0,DF,DF,CB
100,Joel Campbell,MFFW,cr Costa Rica,29.0,1.mx León,1992.0,3.0,3.0,269.0,3.0,0.0,0.0,0.0,0.0,0.0,0.0,1.0,0.0,0.0,0.0,0.0,0.0,0.0,Matches,895ff3ca,100,Joel Campbell,MFFW,cr Costa Rica,0.0,1.0,0.0,0.0,0.33,0.0,0.0,,0.0,0.0,Matches,895ff3ca,100,Joel Campbell,MFFW,cr Costa Rica,1.0,0.0,0.0,3.0,11.0,3.0,7.0,0.0,5.0,,,0.0,Matches,895ff3ca,,,,,,,,,,,,,,,,,,,,,,,,,,,274.0,3.0,0.0,0.0,1.0,4.0,1.0,0.0,3.0,13.0,7.0,134.0,5.0,0.0,0.0,0.0,0.0,0.0,0.0,0.0,0.3333333333333333,1.3333333333333333,0.3333333333333333,0.0,4.333333333333333,2.333333333333333,44.66666666666666,1.6666666666666667,0.0,0.0,Joel Nathaniel Campbell Samuels,token-subset,14.666666666666666,3.3333333333333335,7.666666666666667,0.0,0.0,0.0,5.333333333333333,53.666666666666664,0.3333333333333333,0.0,0.0,0.0,28.333333333333332,12.666666666666666,0.3333333333333333,8.0,0.3333333333333333,0.0,0.0,0.5,0.0,45.666666666666664,11.666666666666666,12.666666666666666,0.7664233576642335,5.666666666666667,3.6666666666666665,0.3333333333333333,0.0,4.666666666666667,0.3333333333333333,1.6666666666666667,1.3333333333333333,0.4444444444444444,2.0,0.0,0.3333333333333333,0.017096175666666668,0.0,0.051288527,0.0,0.3333333333333333,0.6666666666666666,12.0,ST,0.0,0.0,0.3333333333333333,0.0,2.3333333333333335,0.0,1.6666666666666667,1.0,3.6666666666666665,1.0,,,,0.0,0.0,,,0.0,0.3333333333333333,0.0,89.66666666666667,1.0,1.0,,0.0,0.0,0.5384615384615384,FW,MFFW,ST
588,John Stones,DF,eng England,28.0,1.eng Manchester City,1994.0,5.0,5.0,434.0,4.8,0.0,0.0,0.0,0.0,0.0,0.0,0.0,0.0,0.0,0.0,0.0,0.0,0.0,Matches,5eecec3d,588,John Stones,DF,eng England,0.0,4.0,1.0,25.0,0.83,0.21,0.0,0.0,0.0,0.0,Matches,5eecec3d,588,John Stones,DF,eng England,0.0,0.0,0.0,4.0,3.0,0.0,0.0,1.0,2.0,,,0.0,Matches,5eecec3d,,,,,,,,,,,,,,,,,,,,,,,,,,,443.0,4.9,0.0,0.0,4.0,0.0,0.0,2.0,4.0,1.0,1.0,380.0,22.0,0.0,0.0,0.0,0.0,0.0,0.0,0.0,0.8163265306122448,0.0,0.0,0.4081632653061224,0.2040816326530612,0.2040816326530612,77.55102040816325,4.489795918367347,0.0,0.0,John Stones,exact-name,2.916666666666667,0.4166666666666667,0.625,0.0,0.0,1.0416666666666667,2.0833333333333335,86.66666666666667,0.20833333333333334,0.0,0.0,0.0,9.375,20.625,0.0,6.875,0.0,0.0,0.0,0.0,0.4166666666666667,93.75,34.16666666666667,33.125,0.9555555555555556,5.833333333333334,2.916666666666667,0.20833333333333334,0.0,0.8333333333333334,2.0833333333333335,1.25,1.875,0.6923076923076923,0.4166666666666667,0.0,0.8333333333333334,0.122378898125,0.20833333333333334,0.14685467775,0.0,0.20833333333333334,1.25,1.6666666666666667,CB,0.0,0.0,0.8333333333333334,0.20833333333333334,0.0,0.20833333333333334,0.4166666666666667,0.8333333333333334,0.625,0.0,,,,0.0,0.0,,,0.0,0.0,0.0,90.41666666666667,1.0416666666666667,1.0416666666666667,,0.0,0.25,1.0,DF,DF,CB
252,Jordan Henderson,MF,eng England,31.0,1.eng Liverpool,1990.0,4.0,3.0,271.0,3.0,1.0,0.0,1.0,1.0,0.0,0.0,0.0,0.0,0.33,0.0,0.33,0.33,0.33,Matches,935e6b8f,252,Jordan Henderson,MF,eng England,1.0,2.0,1.0,50.0,0.66,0.33,0.5,1.0,0.0,0.0,Matches,935e6b8f,252,Jordan Henderson,MF,eng England,0.0,0.0,0.0,5.0,4.0,0.0,8.0,1.0,2.0,,,0.0,Matches,935e6b8f,,,,,,,,,,,,,,,,,,,,,,,,,,,271.0,3.0,1.0,0.0,2.0,8.0,2.0,1.0,6.0,2.0,0.0,133.0,5.0,0.0,0.0,0.0,0.0,0.0,0.3333333333333333,0.0,0.6666666666666666,2.6666666666666665,0.6666666666666666,0.3333333333333333,0.6666666666666666,0.0,44.333333333333336,1.6666666666666667,0.0,0.0,Jordan Brian Henderson,token-subset,11.666666666666666,3.3333333333333335,6.333333333333333,0.0,0.0,0.0,2.0,54.333333333333336,0.6666666666666666,0.0,0.0,0.0,28.0,10.0,0.3333333333333333,4.666666666666667,0.3333333333333333,0.0,0.0,0.375,0.0,55.333333333333336,12.333333333333334,18.333333333333332,0.8493975903614458,3.3333333333333335,0.3333333333333333,1.3333333333333333,0.6666666666666666,6.333333333333333,0.0,1.6666666666666667,0.6666666666666666,0.4,1.0,0.0,0.6666666666666666,0.04965033133333333,0.3333333333333333,0.074475497,0.0,1.3333333333333333,2.0,18.666666666666668,MF,0.3333333333333333,0.0,0.6666666666666666,0.3333333333333333,2.6666666666666665,0.3333333333333333,0.6666666666666666,1.6666666666666667,1.3333333333333333,0.0,,,,0.0,0.0,,,0.0,0.0,0.0,90.33333333333333,1.3333333333333333,1.0,,0.5,0.5,0.0,MF,MF,CM
493,Jordan Pickford,GK,eng England,28.0,1.eng Everton,1994.0,5.0,5.0,450.0,5.0,0.0,0.0,0.0,0.0,0.0,0.0,0.0,0.0,0.0,0.0,0.0,0.0,0.0,Matches,4806ec67,493,Jordan Pickford,GK,eng England,0.0,0.0,0.0,,0.0,0.0,,,0.0,0.0,Matches,4806ec67,493,Jordan Pickford,GK,eng England,0.0,0.0,0.0,0.0,0.0,0.0,0.0,0.0,0.0,,,0.0,Matches,4806ec67,30,Jordan Pickford,GK,eng England,1.eng Everton,5.0,5.0,450.0,5.0,4.0,0.8,11.0,7.0,63.6,3.0,1.0,1.0,3.0,60.0,1.0,1.0,0.0,0.0,0.0,Matches,4806ec67,450.0,5.0,0.0,0.0,0.0,0.0,0.0,0.0,0.0,0.0,0.0,104.0,0.0,7.0,4.0,11.0,63.6,3.0,0.0,0.0,0.0,0.0,0.0,0.0,0.0,0.0,20.8,0.0,1.4,0.6,Jordan Pickford,exact,0.0,0.0,0.0,0.4,0.2,0.0,3.2,20.4,0.0,11.6,18.2,38.86953488372097,0.2,1.0,0.0,5.0,0.0,-0.18709558286000005,0.0,0.0,0.0,32.2,17.8,15.8,0.782608695652174,5.0,0.8,0.0,0.0,0.2,0.0,0.0,0.0,0.0,0.0,0.0,0.0,0.0,0.0,0.0,0.0,0.0,0.0,0.0,GK,0.0,0.0,0.0,0.0,0.0,0.0,0.0,0.0,0.0,0.0,1.4,0.8,0.6,0.0,0.0,,,0.0,0.0,0.0,90.0,1.0,1.0,0.6363636363636364,0.0,0.0,0.0,GK,GK,GK
371,José María Giménez,DF,uy Uruguay,27.0,1.es Atlético Madrid,1995.0,3.0,3.0,270.0,3.0,0.0,0.0,0.0,0.0,0.0,0.0,1.0,0.0,0.0,0.0,0.0,0.0,0.0,Matches,f0da930c,371,José María Giménez,DF,uy Uruguay,0.0,3.0,0.0,0.0,1.0,0.0,0.0,,0.0,0.0,Matches,f0da930c,371,José María Giménez,DF,uy Uruguay,1.0,0.0,0.0,4.0,3.0,1.0,2.0,7.0,1.0,,,0.0,Matches,f0da930c,,,,,,,,,,,,,,,,,,,,,,,,,,,270.0,3.0,0.0,0.0,3.0,2.0,2.0,6.0,4.0,2.0,1.0,117.0,3.0,0.0,0.0,0.0,0.0,0.0,0.0,0.0,1.0,0.6666666666666666,0.6666666666666666,2.0,0.6666666666666666,0.3333333333333333,39.0,1.0,0.0,0.0,José María Giménez de Vargas,token-subset,8.333333333333334,0.3333333333333333,4.333333333333333,0.0,0.0,2.3333333333333335,2.0,43.0,0.0,0.0,0.0,0.0,11.0,17.333333333333332,0.0,8.0,0.0,0.0,0.0,0.0,1.0,55.666666666666664,26.0,25.666666666666668,0.8383233532934131,7.333333333333333,2.6666666666666665,0.3333333333333333,0.0,1.6666666666666667,4.333333333333333,5.0,3.3333333333333335,0.8333333333333334,1.3333333333333333,0.0,1.0,0.04312276366666667,0.0,0.04312276366666667,0.0,0.3333333333333333,1.3333333333333333,2.3333333333333335,CB,0.0,0.0,1.0,0.0,0.6666666666666666,2.3333333333333335,0.3333333333333333,1.3333333333333333,1.0,0.3333333333333333,,,,0.0,0.0,,,0.0,0.3333333333333333,0.0,90.0,1.0,1.0,,0.0,0.0,0.5,DF,DF,CB
314,Joshua Kimmich,MFDF,de Germany,27.0,1.de Bayern Munich,1995.0,3.0,3.0,270.0,3.0,0.0,0.0,0.0,0.0,0.0,0.0,1.0,0.0,0.0,0.0,0.0,0.0,0.0,Matches,49296448,314,Joshua Kimmich,MFDF,de Germany,0.0,7.0,4.0,57.1,2.33,1.33,0.0,0.0,0.0,0.0,Matches,49296448,314,Joshua Kimmich,MFDF,de Germany,1.0,0.0,0.0,2.0,2.0,0.0,21.0,4.0,2.0,,,0.0,Matches,49296448,,,,,,,,,,,,,,,,,,,,,,,,,,,270.0,3.0,0.0,0.0,7.0,5.0,0.0,7.0,3.0,3.0,1.0,180.0,8.0,0.0,0.0,0.0,0.0,0.0,0.0,0.0,2.333333333333333,1.6666666666666667,0.0,2.333333333333333,1.0,0.3333333333333333,60.0,2.6666666666666665,0.0,0.0,Joshua Kimmich,exact-name,11.666666666666666,4.666666666666667,5.666666666666667,0.0,0.0,0.3333333333333333,5.666666666666667,74.33333333333333,1.3333333333333333,0.0,0.0,0.0,20.666666666666668,19.666666666666668,0.0,15.0,0.0,0.0,0.0,0.4,0.0,90.33333333333333,26.333333333333332,35.333333333333336,0.8450184501845018,10.666666666666666,4.333333333333333,2.6666666666666665,1.0,11.333333333333334,1.0,1.6666666666666667,1.6666666666666667,0.7142857142857143,0.0,0.0,2.3333333333333335,0.111506066,1.3333333333333333,0.047788314,0.0,2.6666666666666665,0.6666666666666666,18.333333333333332,MF,0.0,0.0,2.3333333333333335,1.3333333333333333,7.0,1.3333333333333333,0.6666666666666666,0.6666666666666666,0.6666666666666666,0.0,,,,0.0,0.0,,,0.0,0.3333333333333333,0.0,90.0,1.0,1.0,,0.0,0.5714285714285714,0.3333333333333333,DF,MFDF,DM
298,Josip Juranović,DF,hr Croatia,26.0,1.sct Celtic,1995.0,6.0,6.0,600.0,6.7,0.0,1.0,1.0,0.0,0.0,0.0,0.0,0.0,0.0,0.15,0.15,0.0,0.15,Matches,0a084b35,298,Josip Juranović,DF,hr Croatia,0.0,1.0,0.0,0.0,0.15,0.0,0.0,,0.0,0.0,Matches,0a084b35,298,Josip Juranović,DF,hr Croatia,0.0,0.0,0.0,1.0,6.0,0.0,24.0,2.0,7.0,,,0.0,Matches,0a084b35,,,,,,,,,,,,,,,,,,,,,,,,,,,540.0,6.0,0.0,1.0,1.0,15.0,2.0,6.0,1.0,4.0,2.0,299.0,18.0,0.0,0.0,0.0,0.0,0.0,0.0,0.1666666666666666,0.1666666666666666,2.5,0.3333333333333333,1.0,0.6666666666666666,0.3333333333333333,49.833333333333336,3.0,0.0,0.0,Josip Juranović,exact,7.462686567164179,0.29850746268656714,2.9850746268656714,0.0,0.0,1.791044776119403,4.776119402985074,46.417910447761194,0.14925373134328357,0.0,0.0,0.0,37.76119402985074,5.820895522388059,0.0,7.313432835820896,0.14925373134328357,0.0,0.0,0.4,0.0,60.59701492537313,18.65671641791045,15.970149253731343,0.8029556650246306,5.671641791044776,1.044776119402985,0.8955223880597015,0.0,5.970149253731343,2.6865671641791042,2.08955223880597,0.5970149253731343,0.4,1.044776119402985,0.0,0.14925373134328357,0.006165160895522387,0.0,0.041306578,0.0,0.8955223880597015,0.29850746268656714,12.835820895522387,FB/WB,0.0,0.14925373134328357,0.14925373134328357,0.0,3.582089552238806,0.29850746268656714,1.044776119402985,0.14925373134328357,0.8955223880597015,0.0,,,,0.0,0.0,,,0.0,0.0,0.0,89.55223880597015,0.8955223880597015,0.8955223880597015,,0.0,0.0,0.5,DF,DF,RB
239,Joško Gvardiol,DF,hr Croatia,20.0,1.de RB Leipzig,2002.0,7.0,7.0,690.0,7.7,1.0,0.0,1.0,1.0,0.0,0.0,0.0,0.0,0.13,0.0,0.13,0.13,0.13,Matches,5ad50391,239,Joško Gvardiol,DF,hr Croatia,1.0,2.0,1.0,50.0,0.26,0.13,0.5,1.0,0.0,0.0,Matches,5ad50391,239,Joško Gvardiol,DF,hr Croatia,0.0,0.0,0.0,8.0,6.0,0.0,1.0,12.0,7.0,,,0.0,Matches,5ad50391,,,,,,,,,,,,,,,,,,,,,,,,,,,630.0,7.0,1.0,0.0,2.0,1.0,3.0,14.0,9.0,2.0,2.0,422.0,16.0,0.0,0.0,0.0,0.0,0.0,0.1428571428571428,0.0,0.2857142857142857,0.1428571428571428,0.4285714285714285,2.0,0.2857142857142857,0.2857142857142857,60.285714285714285,2.2857142857142856,0.0,0.0,Joško Gvardiol,exact-name,10.0,0.6493506493506493,3.6363636363636362,0.0,0.0,2.0779220779220777,4.545454545454545,55.19480519480519,0.12987012987012986,0.0,0.0,0.0,13.376623376623376,14.155844155844155,0.12987012987012986,7.402597402597403,0.12987012987012986,0.0,0.0,0.0,0.12987012987012986,66.23376623376623,26.883116883116884,23.896103896103895,0.907843137254902,6.753246753246753,1.4285714285714286,0.12987012987012986,0.38961038961038963,0.9090909090909091,5.584415584415584,1.6883116883116882,0.9090909090909091,0.4666666666666667,1.4285714285714286,0.0,0.2597402597402597,0.024169495844155845,0.12987012987012986,0.093052559,0.12987012987012986,0.12987012987012986,0.9090909090909091,1.6883116883116882,CB,0.12987012987012986,0.0,0.2597402597402597,0.12987012987012986,0.12987012987012986,1.5584415584415585,0.9090909090909091,1.0389610389610389,0.7792207792207793,0.0,,,,0.0,0.0,,,0.0,0.0,0.0,89.6103896103896,0.9090909090909091,0.9090909090909091,,0.5,0.5,1.0,DF,DF,CB
71,Jude Bellingham,MF,eng England,18.0,1.de Dortmund,2003.0,5.0,5.0,414.0,4.6,1.0,1.0,2.0,1.0,0.0,0.0,0.0,0.0,0.22,0.22,0.43,0.22,0.43,Matches,57d88cf9,71,Jude Bellingham,MF,eng England,1.0,5.0,3.0,60.0,1.09,0.65,0.2,0.33,0.0,0.0,Matches,57d88cf9,71,Jude Bellingham,MF,eng England,0.0,0.0,0.0,5.0,5.0,0.0,4.0,6.0,14.0,,,0.0,Matches,57d88cf9,,,,,,,,,,,,,,,,,,,,,,,,,,,413.0,4.6,1.0,1.0,5.0,6.0,5.0,4.0,5.0,11.0,4.0,232.0,10.0,0.0,0.0,0.0,0.0,0.0,0.2173913043478261,0.2173913043478261,1.0869565217391306,1.3043478260869563,1.0869565217391306,0.8695652173913044,2.391304347826088,0.8695652173913044,50.434782608695656,2.173913043478261,0.0,0.0,Jude Bellingham,exact,15.217391304347828,4.782608695652175,5.869565217391305,0.0,0.0,0.2173913043478261,7.173913043478262,58.69565217391305,0.6521739130434783,0.0,0.0,0.0,22.17391304347826,12.82608695652174,0.2173913043478261,8.043478260869566,0.8695652173913044,0.0,0.0,0.0,0.4347826086956522,59.78260869565218,12.82608695652174,15.869565217391306,0.88,6.086956521739131,1.956521739130435,0.6521739130434783,0.0,3.695652173913044,0.2173913043478261,2.3913043478260874,1.3043478260869565,0.375,1.5217391304347827,0.0,1.0869565217391306,0.18288182043478265,0.6521739130434783,0.16825127480000002,0.2173913043478261,0.6521739130434783,3.91304347826087,17.17391304347826,MF,0.2173913043478261,0.2173913043478261,1.0869565217391306,0.6521739130434783,0.8695652173913044,1.3043478260869565,3.0434782608695654,1.0869565217391306,1.0869565217391306,0.0,,,,0.0,0.0,,,0.0,0.0,0.0,90.0,1.0869565217391306,1.0869565217391306,,0.2,0.6,0.36363636363636354,MF,MF,CM
327,Jules Koundé,DF,fr France,23.0,1.es Barcelona,1998.0,6.0,5.0,480.0,5.3,0.0,0.0,0.0,0.0,0.0,0.0,1.0,0.0,0.0,0.0,0.0,0.0,0.0,Matches,4d1666ff,327,Jules Koundé,DF,fr France,0.0,4.0,2.0,50.0,0.75,0.37,0.0,0.0,0.0,0.0,Matches,4d1666ff,327,Jules Koundé,DF,fr France,1.0,0.0,0.0,4.0,2.0,0.0,2.0,6.0,8.0,,,0.0,Matches,4d1666ff,,,,,,,,,,,,,,,,,,,,,,,,,,,483.0,5.4,0.0,0.0,4.0,3.0,3.0,3.0,5.0,4.0,3.0,207.0,9.0,0.0,0.0,0.0,0.0,0.0,0.0,0.0,0.7407407407407407,0.5555555555555555,0.5555555555555555,0.5555555555555555,0.7407407407407407,0.5555555555555555,38.33333333333333,1.6666666666666663,0.0,0.0,Jules Koundé,exact,9.81132075471698,1.1320754716981132,3.207547169811321,0.0,0.0,0.9433962264150944,2.8301886792452833,43.0188679245283,0.0,0.0,0.0,0.0,32.264150943396224,7.735849056603774,0.0,5.849056603773585,0.0,0.0,0.0,0.3333333333333333,0.18867924528301888,58.113207547169814,19.245283018867926,15.849056603773585,0.8376623376623377,5.283018867924529,0.0,0.37735849056603776,0.0,1.1320754716981132,2.452830188679245,2.452830188679245,2.0754716981132075,0.6111111111111112,1.3207547169811322,0.0,0.7547169811320755,0.032001099245283014,0.18867924528301888,0.0424014565,0.0,0.37735849056603776,0.7547169811320755,8.11320754716981,FB/WB,0.0,0.0,0.7547169811320755,0.37735849056603776,0.37735849056603776,1.1320754716981132,1.509433962264151,0.7547169811320755,0.37735849056603776,0.0,,,,0.0,0.0,,,0.0,0.18867924528301888,0.0,90.56603773584906,1.1320754716981132,0.9433962264150944,,0.0,0.5,0.7499999999999999,DF,DF,RB
31,Julián Álvarez,FW,ar Argentina,22.0,1.eng Manchester City,2000.0,7.0,5.0,464.0,5.2,4.0,0.0,4.0,4.0,0.0,0.0,0.0,0.0,0.78,0.0,0.78,0.78,0.78,Matches,15ab5a2b,31,Julián Álvarez,FW,ar Argentina,4.0,11.0,8.0,72.7,2.13,1.55,0.36,0.5,0.0,0.0,Matches,15ab5a2b,31,Julián Álvarez,FW,ar Argentina,0.0,0.0,0.0,13.0,2.0,5.0,3.0,0.0,2.0,,,0.0,Matches,15ab5a2b,,,,,,,,,,,,,,,,,,,,,,,,,,,463.0,5.1,4.0,0.0,11.0,4.0,3.0,2.0,16.0,4.0,0.0,106.0,9.0,0.0,0.0,0.0,0.0,0.0,0.7843137254901962,0.0,2.1568627450980395,0.7843137254901962,0.5882352941176471,0.3921568627450981,0.7843137254901962,0.0,20.7843137254902,1.7647058823529411,0.0,0.0,Julián Álvarez,exact-name,22.69230769230769,8.461538461538462,11.346153846153845,0.0,0.0,0.3846153846153846,3.0769230769230766,37.11538461538461,0.3846153846153846,0.0,0.0,0.0,13.076923076923077,11.73076923076923,0.5769230769230769,2.8846153846153846,1.7307692307692306,0.0,0.0,0.5,0.1923076923076923,23.846153846153847,2.692307692307692,4.038461538461538,0.75,0.9615384615384615,0.5769230769230769,0.3846153846153846,0.0,2.8846153846153846,0.5769230769230769,2.1153846153846154,0.5769230769230769,0.2,0.7692307692307692,0.0,2.1153846153846154,0.3669860448076923,1.5384615384615383,0.1734843120909091,0.0,0.3846153846153846,4.423076923076923,22.115384615384613,ST,0.7692307692307692,0.0,2.1153846153846154,1.5384615384615383,0.5769230769230769,0.0,0.3846153846153846,2.5,0.3846153846153846,0.9615384615384615,,,,0.0,0.0,,,0.0,0.0,0.0,89.23076923076923,1.346153846153846,0.9615384615384615,,0.36363636363636365,0.7272727272727273,0.0,FW,FW,ST
659,Jung Woo-young,MF,kr Korea Republic,32.0,1.qa Al Sadd,1989.0,4.0,4.0,303.0,3.4,0.0,0.0,0.0,0.0,0.0,0.0,2.0,0.0,0.0,0.0,0.0,0.0,0.0,Matches,858a34b8,659,Jung Woo-young,MF,kr Korea Republic,0.0,1.0,0.0,0.0,0.3,0.0,0.0,,0.0,0.0,Matches,858a34b8,659,Jung Woo-young,MF,kr Korea Republic,2.0,0.0,0.0,11.0,0.0,0.0,1.0,2.0,4.0,,,0.0,Matches,858a34b8,,,,,,,,,,,,,,,,,,,,,,,,,,,303.0,3.4,0.0,0.0,1.0,1.0,1.0,6.0,12.0,0.0,0.0,158.0,1.0,0.0,0.0,0.0,0.0,0.0,0.0,0.0,0.2941176470588235,0.2941176470588235,0.2941176470588235,1.7647058823529411,0.0,0.0,46.47058823529412,0.2941176470588235,0.0,0.0,Woo-Young Jung,token-subset,13.823529411764707,1.7647058823529411,6.470588235294118,0.0,0.0,1.7647058823529411,5.0,51.470588235294116,0.0,0.0,0.0,0.0,15.294117647058824,15.882352941176471,0.0,13.23529411764706,0.0,0.0,0.0,0.0,0.0,61.1764705882353,22.647058823529413,21.764705882352942,0.8605769230769231,12.058823529411764,5.0,0.5882352941176471,0.0,0.8823529411764706,2.6470588235294117,1.1764705882352942,2.6470588235294117,0.8181818181818182,1.1764705882352942,0.0,0.29411764705882354,0.0032196976470588233,0.0,0.010946972,0.0,0.5882352941176471,0.0,5.882352941176471,MF,0.0,0.0,0.29411764705882354,0.0,0.29411764705882354,0.5882352941176471,1.1764705882352942,3.235294117647059,0.0,0.0,,,,0.0,0.0,,,0.0,0.5882352941176471,0.0,89.11764705882354,1.1764705882352942,1.1764705882352942,,0.0,0.0,0.0,MF,MF,DM
274,Junya Itō,MF,jp Japan,29.0,1.fr Reims,1993.0,4.0,3.0,324.0,3.6,0.0,1.0,1.0,0.0,0.0,0.0,0.0,0.0,0.0,0.28,0.28,0.0,0.28,Matches,dbd3a428,274,Junya Itō,MF,jp Japan,0.0,2.0,1.0,50.0,0.56,0.28,0.0,0.0,0.0,0.0,Matches,dbd3a428,274,Junya Itō,MF,jp Japan,0.0,0.0,0.0,0.0,5.0,1.0,14.0,4.0,4.0,,,0.0,Matches,dbd3a428,,,,,,,,,,,,,,,,,,,,,,,,,,,294.0,3.3,0.0,1.0,2.0,7.0,1.0,5.0,1.0,6.0,3.0,78.0,8.0,0.0,0.0,0.0,0.0,0.0,0.0,0.303030303030303,0.6060606060606061,2.121212121212121,0.303030303030303,1.5151515151515151,1.8181818181818183,0.9090909090909092,23.63636363636364,2.4242424242424243,0.0,0.0,Junya Ito,exact-name,12.777777777777777,2.7777777777777777,5.0,0.0,0.0,1.1111111111111112,4.166666666666667,27.22222222222222,0.0,0.0,0.0,0.0,22.22222222222222,3.0555555555555554,0.0,3.333333333333333,0.2777777777777778,0.0,0.0,0.14285714285714285,0.0,27.22222222222222,6.111111111111111,8.333333333333334,0.6428571428571429,2.5,0.2777777777777778,0.8333333333333333,0.0,4.166666666666667,1.6666666666666665,2.5,1.1111111111111112,0.36363636363636365,0.8333333333333333,0.0,0.5555555555555556,0.030721266666666663,0.2777777777777778,0.05529828,0.0,0.8333333333333333,1.1111111111111112,13.055555555555555,FB/WB,0.0,0.2777777777777778,0.5555555555555556,0.2777777777777778,3.888888888888889,1.1111111111111112,1.1111111111111112,0.0,1.3888888888888888,0.2777777777777778,,,,0.0,0.0,,,0.0,0.0,0.0,90.0,1.1111111111111112,0.8333333333333333,,0.0,0.5,0.5,MF,MF,RWB
611,Jurriën Timber,DF,nl Netherlands,20.0,1.nl Ajax,2001.0,4.0,4.0,390.0,4.3,0.0,0.0,0.0,0.0,0.0,0.0,1.0,0.0,0.0,0.0,0.0,0.0,0.0,Matches,41034650,611,Jurriën Timber,DF,nl Netherlands,0.0,0.0,0.0,,0.0,0.0,,,0.0,0.0,Matches,41034650,611,Jurriën Timber,DF,nl Netherlands,1.0,0.0,0.0,17.0,4.0,0.0,1.0,9.0,8.0,,,0.0,Matches,41034650,,,,,,,,,,,,,,,,,,,,,,,,,,,360.0,4.0,0.0,0.0,0.0,0.0,7.0,5.0,16.0,5.0,4.0,261.0,11.0,0.0,0.0,0.0,0.0,0.0,0.0,0.0,0.0,0.0,1.75,1.25,1.25,1.0,65.25,2.75,0.0,0.0,Jurriën David Norman Timber,token-subset,16.976744186046513,0.6976744186046512,9.767441860465116,0.0,0.0,2.0930232558139537,3.488372093023256,61.627906976744185,0.0,0.0,0.0,0.0,33.25581395348837,15.58139534883721,0.0,9.534883720930234,0.0,0.0,0.0,0.0,0.0,73.48837209302326,24.186046511627907,20.0,0.9050632911392406,7.906976744186047,0.23255813953488372,0.0,0.23255813953488372,0.9302325581395349,4.186046511627907,1.8604651162790697,1.8604651162790697,0.5333333333333333,2.0930232558139537,0.0,0.0,0.0,0.0,0.0,0.0,0.0,0.0,1.8604651162790697,CB,0.0,0.0,0.0,0.0,0.23255813953488372,2.0930232558139537,1.8604651162790697,3.9534883720930236,0.9302325581395349,0.0,,,,0.0,0.0,,,0.0,0.23255813953488372,0.0,90.69767441860465,0.9302325581395349,0.9302325581395349,,0.0,0.0,0.8,DF,DF,CB
326,Kalidou Koulibaly,DF,sn Senegal,30.0,1.eng Chelsea,1991.0,4.0,4.0,360.0,4.0,1.0,0.0,1.0,1.0,0.0,0.0,1.0,0.0,0.25,0.0,0.25,0.25,0.25,Matches,da974c7b,326,Kalidou Koulibaly,DF,sn Senegal,1.0,2.0,1.0,50.0,0.5,0.25,0.5,1.0,0.0,0.0,Matches,da974c7b,326,Kalidou Koulibaly,DF,sn Senegal,1.0,0.0,0.0,3.0,3.0,0.0,0.0,2.0,9.0,,,0.0,Matches,da974c7b,,,,,,,,,,,,,,,,,,,,,,,,,,,360.0,4.0,1.0,0.0,1.0,0.0,2.0,6.0,3.0,1.0,1.0,141.0,7.0,0.0,0.0,0.0,0.0,0.0,0.25,0.0,0.25,0.0,0.5,1.5,0.25,0.25,35.25,1.75,0.0,0.0,Kalidou Koulibaly,exact,8.5,0.5,2.75,0.0,0.0,4.25,5.0,36.0,0.25,0.0,0.0,0.0,7.5,11.75,0.0,8.25,0.0,0.0,0.0,0.0,0.0,49.0,27.0,24.0,0.7755102040816326,7.75,2.25,0.25,0.0,0.75,9.25,1.75,3.0,0.8,1.75,0.0,0.25,0.0585699975,0.25,0.23427999,0.0,0.25,0.75,1.25,CB,0.25,0.0,0.5,0.25,0.0,0.5,2.25,0.75,0.75,0.0,,,,0.0,0.0,,,0.0,0.25,0.0,90.0,1.0,1.0,,0.5,0.5,1.0,DF,DF,CB
406,Kamal Miller,DF,ca Canada,25.0,1.us CF Montréal,1997.0,3.0,3.0,270.0,3.0,0.0,0.0,0.0,0.0,0.0,0.0,1.0,0.0,0.0,0.0,0.0,0.0,0.0,Matches,0646bd8a,406,Kamal Miller,DF,ca Canada,0.0,0.0,0.0,,0.0,0.0,,,0.0,0.0,Matches,0646bd8a,406,Kamal Miller,DF,ca Canada,1.0,0.0,0.0,0.0,3.0,0.0,0.0,3.0,4.0,,,0.0,Matches,0646bd8a,,,,,,,,,,,,,,,,,,,,,,,,,,,270.0,3.0,0.0,0.0,0.0,0.0,0.0,8.0,0.0,2.0,2.0,161.0,0.0,0.0,0.0,0.0,0.0,0.0,0.0,0.0,0.0,0.0,0.0,2.6666666666666665,0.6666666666666666,0.6666666666666666,53.66666666666666,0.0,0.0,0.0,Kamal Miller,exact-name,5.0,0.0,1.6666666666666667,0.0,0.0,3.0,3.6666666666666665,58.0,0.0,0.0,0.0,0.0,25.333333333333332,20.666666666666668,0.0,12.0,0.0,0.0,0.0,0.0,0.0,66.33333333333333,28.333333333333332,23.0,0.9246231155778895,11.666666666666666,1.3333333333333333,0.0,0.0,1.0,4.333333333333333,0.3333333333333333,2.3333333333333335,0.5384615384615384,0.6666666666666666,0.0,0.0,0.0,0.0,0.0,0.0,0.0,0.3333333333333333,2.0,CB,0.0,0.0,0.0,0.0,0.0,1.0,1.3333333333333333,0.0,1.0,0.0,,,,0.0,0.0,,,0.0,0.3333333333333333,0.0,90.0,1.0,1.0,,0.0,0.0,1.0,DF,DF,CB
215,Kamil Glik,DF,pl Poland,34.0,2.it Benevento,1988.0,4.0,4.0,360.0,4.0,0.0,0.0,0.0,0.0,0.0,0.0,0.0,0.0,0.0,0.0,0.0,0.0,0.0,Matches,c6056d58,215,Kamil Glik,DF,pl Poland,0.0,3.0,0.0,0.0,0.75,0.0,0.0,,0.0,0.0,Matches,c6056d58,215,Kamil Glik,DF,pl Poland,0.0,0.0,0.0,2.0,0.0,0.0,0.0,3.0,1.0,,,0.0,Matches,c6056d58,,,,,,,,,,,,,,,,,,,,,,,,,,,360.0,4.0,0.0,0.0,3.0,0.0,0.0,4.0,2.0,0.0,0.0,95.0,1.0,0.0,0.0,0.0,0.0,0.0,0.0,0.0,0.75,0.0,0.0,1.0,0.0,0.0,23.75,0.25,0.0,0.0,Kamil Glik,exact-name,3.75,0.0,1.25,0.0,0.0,2.75,1.75,27.25,0.25,0.0,0.0,0.0,3.25,7.0,0.75,1.25,0.0,0.0,0.0,0.0,0.5,32.5,8.0,14.0,0.9384615384615385,1.25,0.25,0.0,0.0,0.25,6.5,1.75,1.25,0.625,0.25,0.0,0.75,0.03765804675,0.0,0.050210729,0.0,0.0,1.25,1.5,CB,0.0,0.0,0.75,0.0,0.0,0.75,0.25,0.5,0.0,0.0,,,,0.0,0.0,,,0.0,0.0,0.0,90.0,1.0,1.0,,0.0,0.0,0.0,DF,DF,CB
556,Kasper Schmeichel,GK,dk Denmark,35.0,1.fr Nice,1986.0,3.0,3.0,270.0,3.0,0.0,0.0,0.0,0.0,0.0,0.0,0.0,0.0,0.0,0.0,0.0,0.0,0.0,Matches,53af52f3,556,Kasper Schmeichel,GK,dk Denmark,0.0,0.0,0.0,,0.0,0.0,,,0.0,0.0,Matches,53af52f3,556,Kasper Schmeichel,GK,dk Denmark,0.0,0.0,0.0,0.0,0.0,0.0,0.0,0.0,0.0,,,0.0,Matches,53af52f3,33,Kasper Schmeichel,GK,dk Denmark,1.fr Nice,3.0,3.0,270.0,3.0,3.0,1.0,11.0,8.0,72.7,0.0,1.0,2.0,1.0,33.3,0.0,0.0,0.0,0.0,,Matches,53af52f3,270.0,3.0,0.0,0.0,0.0,0.0,0.0,0.0,0.0,0.0,0.0,53.0,0.0,8.0,3.0,11.0,72.7,1.0,0.0,0.0,0.0,0.0,0.0,0.0,0.0,0.0,17.666666666666668,0.0,2.6666666666666665,0.3333333333333333,Kasper Schmeichel,exact,0.0,0.0,0.0,0.3333333333333333,1.0,0.0,5.0,15.0,0.0,8.0,13.0,41.29718875502014,0.0,0.0,0.0,4.0,0.0,-0.2554588006666669,0.3333333333333333,0.0,0.0,29.0,18.333333333333332,14.666666666666666,0.8275862068965517,4.0,0.6666666666666666,0.0,0.0,0.6666666666666666,0.0,0.0,0.0,0.0,0.0,0.0,0.0,0.0,0.0,0.0,0.0,0.0,0.0,0.0,GK,0.0,0.0,0.0,0.0,0.0,0.0,0.0,0.0,0.0,0.0,2.6666666666666665,1.0,0.3333333333333333,0.0,0.0,,,0.0,0.0,0.0,90.0,1.0,1.0,0.7272727272727273,0.0,0.0,0.0,GK,GK,GK
144,Kevin De Bruyne,FWMF,be Belgium,30.0,1.eng Manchester City,1991.0,3.0,3.0,270.0,3.0,0.0,0.0,0.0,0.0,0.0,0.0,0.0,0.0,0.0,0.0,0.0,0.0,0.0,Matches,e46012d4,144,Kevin De Bruyne,FWMF,be Belgium,0.0,7.0,2.0,28.6,2.33,0.67,0.0,0.0,0.0,0.0,Matches,e46012d4,144,Kevin De Bruyne,FWMF,be Belgium,0.0,0.0,0.0,0.0,2.0,0.0,19.0,0.0,1.0,,,0.0,Matches,e46012d4,,,,,,,,,,,,,,,,,,,,,,,,,,,270.0,3.0,0.0,0.0,7.0,12.0,0.0,1.0,0.0,7.0,5.0,116.0,15.0,0.0,0.0,0.0,0.0,0.0,0.0,0.0,2.333333333333333,4.0,0.0,0.3333333333333333,2.333333333333333,1.6666666666666667,38.66666666666666,5.0,0.0,0.0,Kevin De Bruyne,exact-name,8.333333333333334,3.3333333333333335,4.0,0.0,0.0,0.3333333333333333,5.0,43.666666666666664,0.6666666666666666,0.0,0.0,0.0,17.0,11.333333333333334,0.0,12.0,0.3333333333333333,0.0,0.0,0.4166666666666667,0.0,46.666666666666664,18.0,17.0,0.7142857142857143,7.0,2.6666666666666665,2.6666666666666665,1.3333333333333333,11.0,0.3333333333333333,1.0,1.3333333333333333,0.5,0.3333333333333333,0.0,2.3333333333333335,0.05932210826666667,0.6666666666666666,0.025423760685714288,0.0,2.6666666666666665,1.0,16.0,Wide,0.0,0.0,2.3333333333333335,0.6666666666666666,6.333333333333333,0.0,0.3333333333333333,0.0,0.6666666666666666,0.0,,,,0.0,0.0,,,0.0,0.0,0.0,90.0,1.0,1.0,,0.0,0.2857142857142857,0.7142857142857144,FW,FWMF,RW
442,Keylor Navas,GK,cr Costa Rica,35.0,1.fr PSG,1986.0,3.0,3.0,270.0,3.0,0.0,0.0,0.0,0.0,0.0,0.0,0.0,0.0,0.0,0.0,0.0,0.0,0.0,Matches,ecada4fc,442,Keylor Navas,GK,cr Costa Rica,0.0,0.0,0.0,,0.0,0.0,,,0.0,0.0,Matches,ecada4fc,442,Keylor Navas,GK,cr Costa Rica,0.0,0.0,0.0,0.0,0.0,0.0,0.0,1.0,0.0,,,0.0,Matches,ecada4fc,24,Keylor Navas,GK,cr Costa Rica,1.fr PSG,3.0,3.0,270.0,3.0,11.0,3.67,22.0,11.0,50.0,1.0,0.0,2.0,1.0,33.3,1.0,1.0,0.0,0.0,0.0,Matches,ecada4fc,270.0,3.0,0.0,0.0,0.0,0.0,0.0,0.0,0.0,0.0,0.0,37.0,0.0,11.0,11.0,22.0,50.0,1.0,0.0,0.0,0.0,0.0,0.0,0.0,0.0,0.0,12.333333333333334,0.0,3.6666666666666665,0.3333333333333333,Keylor Navas Gamboa,token-subset,0.3333333333333333,0.0,0.0,0.0,2.0,0.0,6.333333333333333,11.0,0.0,20.0,3.0,40.28625954198473,0.0,0.6666666666666666,0.0,6.333333333333333,0.0,-2.253248560333333,0.3333333333333333,0.0,0.0,33.666666666666664,24.333333333333332,26.666666666666668,0.5445544554455446,6.333333333333333,1.3333333333333333,0.0,0.0,0.3333333333333333,0.3333333333333333,0.0,0.0,0.0,0.0,0.0,0.0,0.0,0.0,0.0,0.0,0.0,0.0,0.0,GK,0.0,0.0,0.0,0.0,0.0,0.3333333333333333,0.0,0.0,0.0,0.0,3.6666666666666665,3.6666666666666665,0.3333333333333333,0.0,0.0,,,0.0,0.0,0.0,90.0,1.0,1.0,0.5,0.0,0.0,0.0,GK,GK,GK
290,Kim Jin-su,DF,kr Korea Republic,30.0,1.kr Jeonbuk,1992.0,4.0,4.0,315.0,3.5,0.0,1.0,1.0,0.0,0.0,0.0,0.0,0.0,0.0,0.29,0.29,0.0,0.29,Matches,8e6ff136,290,Kim Jin-su,DF,kr Korea Republic,0.0,4.0,1.0,25.0,1.14,0.29,0.0,0.0,0.0,0.0,Matches,8e6ff136,290,Kim Jin-su,DF,kr Korea Republic,0.0,0.0,0.0,1.0,6.0,1.0,16.0,4.0,5.0,,,0.0,Matches,8e6ff136,,,,,,,,,,,,,,,,,,,,,,,,,,,315.0,3.5,0.0,1.0,3.0,14.0,2.0,7.0,1.0,2.0,1.0,89.0,2.0,0.0,0.0,0.0,0.0,0.0,0.0,0.2857142857142857,0.8571428571428571,4.0,0.5714285714285714,2.0,0.5714285714285714,0.2857142857142857,25.428571428571427,0.5714285714285714,0.0,0.0,Jin-Su Kim,token-subset,6.285714285714286,1.4285714285714286,1.4285714285714286,0.0,0.0,1.4285714285714286,3.4285714285714284,31.142857142857142,0.2857142857142857,0.0,0.0,0.0,25.714285714285715,4.0,0.0,5.142857142857143,0.2857142857142857,0.0,0.0,0.35714285714285715,0.2857142857142857,40.285714285714285,14.0,15.428571428571429,0.723404255319149,4.571428571428571,1.4285714285714286,1.1428571428571428,0.0,6.0,2.2857142857142856,1.7142857142857142,2.5714285714285716,0.5294117647058824,0.8571428571428571,0.0,0.8571428571428571,0.08150687599999999,0.0,0.09509135533333334,0.0,1.1428571428571428,2.0,16.857142857142858,FB/WB,0.0,0.2857142857142857,1.1428571428571428,0.2857142857142857,4.571428571428571,1.1428571428571428,1.4285714285714286,0.2857142857142857,1.7142857142857142,0.2857142857142857,,,,0.0,0.0,,,0.0,0.0,0.0,90.0,1.1428571428571428,1.1428571428571428,,0.0,0.25,0.5,DF,DF,LB
407,Kim Min-jae,DF,kr Korea Republic,25.0,1.it Napoli,1996.0,3.0,3.0,269.0,3.0,0.0,0.0,0.0,0.0,0.0,0.0,0.0,0.0,0.0,0.0,0.0,0.0,0.0,Matches,e0f8151c,407,Kim Min-jae,DF,kr Korea Republic,0.0,2.0,0.0,0.0,0.67,0.0,0.0,,0.0,0.0,Matches,e0f8151c,407,Kim Min-jae,DF,kr Korea Republic,0.0,0.0,0.0,0.0,0.0,0.0,1.0,2.0,1.0,,,0.0,Matches,e0f8151c,,,,,,,,,,,,,,,,,,,,,,,,,,,271.0,3.0,0.0,0.0,2.0,0.0,1.0,4.0,0.0,1.0,1.0,142.0,10.0,0.0,0.0,0.0,0.0,0.0,0.0,0.0,0.6666666666666666,0.0,0.3333333333333333,1.3333333333333333,0.3333333333333333,0.3333333333333333,47.333333333333336,3.333333333333333,0.0,0.0,Min Jae Kim,token-subset,5.666666666666667,0.3333333333333333,2.0,0.0,0.0,2.6666666666666665,4.0,51.333333333333336,0.0,0.0,0.0,0.0,20.0,14.333333333333334,0.3333333333333333,9.666666666666666,0.0,0.0,0.0,0.0,0.3333333333333333,62.333333333333336,26.333333333333332,25.666666666666668,0.8823529411764706,7.333333333333333,3.6666666666666665,0.0,0.3333333333333333,1.3333333333333333,3.3333333333333335,1.6666666666666667,3.6666666666666665,0.7857142857142857,0.3333333333333333,0.0,0.6666666666666666,0.035302295000000004,0.0,0.0529534425,0.0,0.0,0.6666666666666666,4.0,CB,0.0,0.0,0.6666666666666666,0.0,0.3333333333333333,0.6666666666666666,0.3333333333333333,0.0,0.0,0.0,,,,0.0,0.0,,,0.0,0.0,0.0,89.66666666666667,1.0,1.0,,0.0,0.0,1.0,DF,DF,CB
420,Kim Moon-hwan,DF,kr Korea Republic,26.0,1.kr Jeonbuk,1995.0,4.0,4.0,360.0,4.0,0.0,0.0,0.0,0.0,0.0,0.0,0.0,0.0,0.0,0.0,0.0,0.0,0.0,Matches,6bce7dd8,420,Kim Moon-hwan,DF,kr Korea Republic,0.0,0.0,0.0,,0.0,0.0,,,0.0,0.0,Matches,6bce7dd8,420,Kim Moon-hwan,DF,kr Korea Republic,0.0,0.0,0.0,1.0,0.0,0.0,15.0,4.0,5.0,,,0.0,Matches,6bce7dd8,,,,,,,,,,,,,,,,,,,,,,,,,,,360.0,4.0,0.0,0.0,0.0,12.0,3.0,9.0,1.0,3.0,2.0,165.0,5.0,0.0,0.0,0.0,0.0,0.0,0.0,0.0,0.0,3.0,0.75,2.25,0.75,0.5,41.25,1.25,0.0,0.0,Moon-Hwan Kim,token-subset,10.0,2.5,3.25,0.0,0.0,2.5,4.75,44.75,0.0,0.0,0.0,0.0,39.5,3.75,0.0,8.0,0.0,0.0,0.0,0.5,0.0,60.5,14.0,17.25,0.8471074380165289,5.25,1.25,0.5,0.0,4.0,3.75,2.25,2.0,0.7272727272727273,1.75,0.0,0.0,0.0,0.0,0.0,0.0,0.5,1.5,20.25,FB/WB,0.0,0.0,0.0,0.0,3.75,1.0,1.25,0.25,0.0,0.0,,,,0.0,0.0,,,0.0,0.0,0.0,90.0,1.0,1.0,,0.0,0.0,0.6666666666666666,DF,DF,RB
560,Kim Seung-gyu,GK,kr Korea Republic,31.0,1.sa Al-Shabab,1990.0,4.0,4.0,360.0,4.0,0.0,0.0,0.0,0.0,0.0,0.0,0.0,0.0,0.0,0.0,0.0,0.0,0.0,Matches,eabaafa6,560,Kim Seung-gyu,GK,kr Korea Republic,0.0,0.0,0.0,,0.0,0.0,,,0.0,0.0,Matches,eabaafa6,560,Kim Seung-gyu,GK,kr Korea Republic,0.0,0.0,0.0,0.0,0.0,0.0,0.0,2.0,0.0,,,0.0,Matches,eabaafa6,34,Kim Seung-gyu,GK,kr Korea Republic,1.sa Al-Shabab,4.0,4.0,360.0,4.0,8.0,2.0,19.0,11.0,57.9,1.0,1.0,2.0,1.0,25.0,1.0,1.0,0.0,0.0,0.0,Matches,eabaafa6,360.0,4.0,0.0,0.0,0.0,0.0,0.0,0.0,0.0,0.0,0.0,67.0,1.0,12.0,8.0,20.0,60.0,1.0,0.0,0.0,0.0,0.0,0.0,0.0,0.0,0.0,16.75,0.25,3.0,0.25,Seung-Gyu Kim,token-subset,0.0,0.0,0.0,0.5,0.75,0.0,3.75,15.75,0.0,11.0,13.0,40.01752265861027,0.25,1.0,0.0,6.25,0.0,-1.29606260025,0.75,0.0,0.0,32.0,19.75,17.75,0.734375,6.25,1.0,0.0,0.0,0.25,0.25,0.0,0.0,0.0,0.0,0.0,0.0,0.0,0.0,0.0,0.0,0.0,0.0,0.0,GK,0.0,0.0,0.0,0.0,0.0,0.5,0.0,0.0,0.0,0.0,2.75,2.0,0.25,0.0,0.0,,,0.0,0.0,0.0,90.0,1.0,1.0,0.5789473684210527,0.0,0.0,0.0,GK,GK,GK
670,Kim Young-gwon,DF,kr Korea Republic,32.0,1.kr Ulsan Hyundai,1990.0,4.0,4.0,350.0,3.9,1.0,0.0,1.0,1.0,0.0,0.0,1.0,0.0,0.26,0.0,0.26,0.26,0.26,Matches,9459ace1,670,Kim Young-gwon,DF,kr Korea Republic,1.0,2.0,1.0,50.0,0.51,0.26,0.5,1.0,0.0,0.0,Matches,9459ace1,670,Kim Young-gwon,DF,kr Korea Republic,1.0,0.0,0.0,1.0,2.0,0.0,1.0,3.0,2.0,,,0.0,Matches,9459ace1,,,,,,,,,,,,,,,,,,,,,,,,,,,350.0,3.9,1.0,0.0,2.0,1.0,0.0,5.0,1.0,0.0,0.0,165.0,7.0,0.0,0.0,0.0,0.0,0.0,0.2564102564102564,0.0,0.5128205128205129,0.2564102564102564,0.0,1.2820512820512822,0.0,0.0,42.30769230769231,1.794871794871795,0.0,0.0,Young-Gwon Kim,token-subset,4.102564102564103,0.25641025641025644,0.7692307692307693,0.0,0.0,2.307692307692308,2.0512820512820515,45.12820512820513,0.25641025641025644,0.0,0.0,0.0,15.384615384615385,12.051282051282051,0.0,7.6923076923076925,0.0,0.0,0.0,0.0,0.0,53.84615384615385,26.666666666666668,26.923076923076923,0.8571428571428571,7.6923076923076925,4.102564102564103,0.5128205128205129,0.0,1.5384615384615385,3.3333333333333335,1.0256410256410258,1.794871794871795,0.7777777777777778,0.5128205128205129,0.0,0.5128205128205129,0.1767288117948718,0.25641025641025644,0.344621183,0.0,0.5128205128205129,0.25641025641025644,0.7692307692307693,CB,0.25641025641025644,0.0,0.5128205128205129,0.25641025641025644,0.25641025641025644,0.7692307692307693,0.5128205128205129,0.25641025641025644,0.5128205128205129,0.0,,,,0.0,0.0,,,0.0,0.25641025641025644,0.0,89.74358974358975,1.0256410256410258,1.0256410256410258,,0.5,0.5,0.0,DF,DF,CB
272,Ko Itakura,DF,jp Japan,25.0,1.de Gladbach,1997.0,3.0,3.0,270.0,3.0,0.0,1.0,1.0,0.0,0.0,0.0,2.0,0.0,0.0,0.33,0.33,0.0,0.33,Matches,97d545ae,272,Ko Itakura,DF,jp Japan,0.0,3.0,1.0,33.3,1.0,0.33,0.0,0.0,0.0,0.0,Matches,97d545ae,272,Ko Itakura,DF,jp Japan,2.0,0.0,0.0,5.0,0.0,0.0,0.0,3.0,5.0,,,0.0,Matches,97d545ae,,,,,,,,,,,,,,,,,,,,,,,,,,,270.0,3.0,0.0,1.0,3.0,0.0,2.0,4.0,5.0,3.0,0.0,85.0,3.0,0.0,0.0,0.0,0.0,0.0,0.0,0.3333333333333333,1.0,0.0,0.6666666666666666,1.3333333333333333,1.0,0.0,28.33333333333333,1.0,0.0,0.0,Ko Itakura,exact-name,10.666666666666666,0.0,4.0,0.0,0.0,2.3333333333333335,2.0,30.333333333333332,0.0,0.0,0.0,0.0,5.0,10.333333333333334,0.0,4.666666666666667,0.0,0.0,0.0,0.0,0.6666666666666666,37.0,11.333333333333334,12.666666666666666,0.918918918918919,4.333333333333333,0.0,0.0,0.6666666666666666,0.6666666666666666,4.333333333333333,1.3333333333333333,0.3333333333333333,0.16666666666666666,1.3333333333333333,0.0,1.0,0.05408135833333333,0.3333333333333333,0.05408135833333333,0.0,0.0,1.0,1.0,CB,0.0,0.3333333333333333,1.0,0.3333333333333333,0.0,1.0,1.6666666666666667,1.6666666666666667,0.0,0.0,,,,0.0,0.0,,,0.0,0.6666666666666666,0.0,90.0,1.0,1.0,,0.0,0.3333333333333333,0.0,DF,DF,CB
532,Kye Rowles,DF,au Australia,23.0,1.sct Hearts,1998.0,4.0,4.0,360.0,4.0,0.0,0.0,0.0,0.0,0.0,0.0,0.0,0.0,0.0,0.0,0.0,0.0,0.0,Matches,8caf6772,532,Kye Rowles,DF,au Australia,0.0,0.0,0.0,,0.0,0.0,,,0.0,0.0,Matches,8caf6772,532,Kye Rowles,DF,au Australia,0.0,0.0,0.0,1.0,2.0,0.0,0.0,7.0,2.0,,,0.0,Matches,8caf6772,,,,,,,,,,,,,,,,,,,,,,,,,,,360.0,4.0,0.0,0.0,0.0,0.0,0.0,5.0,1.0,0.0,0.0,127.0,2.0,0.0,0.0,0.0,0.0,0.0,0.0,0.0,0.0,0.0,0.0,1.25,0.0,0.0,31.75,0.5,0.0,0.0,Kye Rowles,exact-name,8.75,0.25,3.5,0.0,0.0,0.75,1.0,37.0,0.0,0.0,0.0,0.0,9.75,8.25,0.0,1.75,0.0,0.0,0.0,0.0,0.0,48.75,18.25,19.5,0.8717948717948718,1.75,0.25,0.0,0.0,0.0,2.75,2.75,1.5,0.6666666666666666,0.5,0.0,0.0,0.0,0.0,0.0,0.0,0.0,0.0,0.0,CB,0.0,0.0,0.0,0.0,0.0,1.75,0.5,0.25,0.5,0.0,,,,0.0,0.0,,,0.0,0.0,0.0,90.0,1.0,1.0,,0.0,0.0,0.0,DF,DF,CB
384,Kylian Mbappé,MFFW,fr France,23.0,1.fr PSG,1998.0,7.0,6.0,598.0,6.6,8.0,2.0,10.0,6.0,2.0,2.0,0.0,0.0,1.2,0.3,1.51,0.9,1.2,Matches,42fd9c7f,384,Kylian Mbappé,MFFW,fr France,8.0,31.0,14.0,45.2,4.67,2.11,0.19,0.43,2.0,2.0,Matches,42fd9c7f,384,Kylian Mbappé,MFFW,fr France,0.0,0.0,0.0,7.0,7.0,6.0,24.0,0.0,0.0,,,0.0,Matches,42fd9c7f,,,,,,,,,,,,,,,,,,,,,,,,,,,568.0,6.3,8.0,2.0,31.0,27.0,0.0,1.0,8.0,50.0,30.0,298.0,39.0,0.0,0.0,0.0,0.0,0.0,1.2698412698412698,0.3174603174603174,4.920634920634921,4.285714285714286,0.0,0.1587301587301587,7.936507936507937,4.761904761904762,47.3015873015873,6.190476190476191,0.0,0.0,Kylian Mbappé Lottin,token-subset,5.606060606060606,2.121212121212121,2.4242424242424243,0.0,0.0,0.0,4.545454545454546,54.6969696969697,1.6666666666666667,0.0,0.0,0.0,29.242424242424246,13.484848484848486,0.30303030303030304,7.121212121212122,4.848484848484849,0.0,0.0,0.48148148148148145,0.15151515151515152,35.303030303030305,6.818181818181818,8.333333333333334,0.7725321888412017,2.7272727272727275,1.0606060606060606,1.3636363636363638,0.15151515151515152,7.7272727272727275,0.0,0.30303030303030304,0.15151515151515152,0.14285714285714285,0.0,0.0,4.848484848484849,0.7601139207575759,2.121212121212121,0.09193971989655174,0.15151515151515152,1.3636363636363638,5.454545454545455,33.18181818181819,Wide,1.2121212121212122,0.30303030303030304,4.696969696969697,2.121212121212121,3.6363636363636367,0.0,0.0,1.0606060606060606,1.0606060606060606,0.9090909090909092,,,,0.30303030303030304,0.30303030303030304,,,0.0,0.0,0.0,90.60606060606061,1.0606060606060606,0.9090909090909092,,0.25806451612903225,0.45161290322580644,0.6,FW,MFFW,LW
49,Lawrence Ati-Zigi,GK,gh Ghana,25.0,1.ch St. Gallen,1996.0,3.0,3.0,270.0,3.0,0.0,0.0,0.0,0.0,0.0,0.0,0.0,0.0,0.0,0.0,0.0,0.0,0.0,Matches,a12402c3,49,Lawrence Ati-Zigi,GK,gh Ghana,0.0,0.0,0.0,,0.0,0.0,,,0.0,0.0,Matches,a12402c3,49,Lawrence Ati-Zigi,GK,gh Ghana,0.0,0.0,0.0,0.0,0.0,0.0,0.0,0.0,0.0,,,0.0,Matches,a12402c3,2,Lawrence Ati-Zigi,GK,gh Ghana,1.ch St. Gallen,3.0,3.0,270.0,3.0,7.0,2.33,17.0,10.0,58.8,1.0,0.0,2.0,0.0,0.0,1.0,1.0,0.0,0.0,0.0,Matches,a12402c3,270.0,3.0,0.0,0.0,0.0,0.0,0.0,0.0,0.0,0.0,0.0,24.0,0.0,10.0,7.0,17.0,58.8,0.0,0.0,0.0,0.0,0.0,0.0,0.0,0.0,0.0,8.0,0.0,3.333333333333333,0.0,Lawrence Ati-Zigi,exact,0.0,0.0,0.0,1.0,0.6666666666666666,0.0,2.6666666666666665,8.0,0.0,12.0,3.3333333333333335,40.73131868131868,0.0,1.3333333333333333,0.0,2.6666666666666665,0.0,-1.4570060583333335,0.0,0.0,0.0,25.333333333333332,16.333333333333332,13.333333333333334,0.6710526315789473,2.6666666666666665,0.0,0.0,0.0,1.3333333333333333,0.0,0.0,0.0,0.0,0.0,0.0,0.0,0.0,0.0,0.0,0.0,0.0,0.0,0.0,GK,0.0,0.0,0.0,0.0,0.0,0.0,0.0,0.0,0.0,0.0,3.3333333333333335,2.3333333333333335,0.0,0.0,0.0,,,0.0,0.0,0.0,90.0,1.0,1.0,0.5882352941176471,0.0,0.0,0.0,GK,GK,GK
398,Lionel Messi,FW,ar Argentina,34.0,1.fr PSG,1987.0,7.0,7.0,690.0,7.7,7.0,3.0,10.0,3.0,4.0,5.0,1.0,0.0,0.91,0.39,1.3,0.39,0.78,Matches,d70ce98e,398,Lionel Messi,FW,ar Argentina,7.0,32.0,18.0,56.3,4.17,2.35,0.09,0.17,4.0,5.0,Matches,d70ce98e,398,Lionel Messi,FW,ar Argentina,1.0,0.0,0.0,10.0,22.0,3.0,20.0,0.0,4.0,,,0.0,Matches,d70ce98e,,,,,,,,,,,,,,,,,,,,,,,,,,,630.0,7.0,7.0,3.0,32.0,7.0,1.0,0.0,11.0,36.0,26.0,391.0,28.0,0.0,0.0,0.0,0.0,0.0,1.0,0.4285714285714285,4.571428571428571,1.0,0.1428571428571428,0.0,5.142857142857143,3.7142857142857135,55.85714285714285,4.0,0.0,0.0,Lionel Andrés Messi Cuccittini,token-subset,11.558441558441558,4.285714285714286,5.844155844155844,0.0,0.0,0.0,4.415584415584416,62.857142857142854,0.6493506493506493,0.0,0.0,0.0,18.96103896103896,14.805194805194805,0.0,11.03896103896104,1.8181818181818181,0.0,0.0,0.2857142857142857,0.12987012987012986,48.18181818181818,14.545454545454545,13.246753246753247,0.8247978436657682,5.454545454545454,1.4285714285714286,2.0779220779220777,1.0389610389610389,7.142857142857142,0.12987012987012986,0.5194805194805194,0.6493506493506493,0.3333333333333333,0.5194805194805194,0.0,4.415584415584416,0.9868375616883116,2.5974025974025974,0.07830182314814814,0.0,2.0779220779220777,3.766233766233766,26.103896103896105,ST,0.9090909090909091,0.38961038961038963,4.1558441558441555,2.3376623376623376,2.5974025974025974,0.0,0.5194805194805194,1.2987012987012987,2.857142857142857,0.38961038961038963,,,,0.5194805194805194,0.6493506493506493,,,0.0,0.12987012987012986,0.0,89.6103896103896,0.9090909090909091,0.9090909090909091,,0.21875,0.5625,0.722222222222222,FW,FW,ST
379,Lisandro Martínez,DF,ar Argentina,24.0,1.eng Manchester Utd,1998.0,5.0,2.0,303.0,3.4,0.0,0.0,0.0,0.0,0.0,0.0,1.0,0.0,0.0,0.0,0.0,0.0,0.0,Matches,bac46a10,379,Lisandro Martínez,DF,ar Argentina,0.0,1.0,0.0,0.0,0.3,0.0,0.0,,0.0,0.0,Matches,bac46a10,379,Lisandro Martínez,DF,ar Argentina,1.0,0.0,0.0,2.0,3.0,0.0,1.0,3.0,2.0,,,0.0,Matches,bac46a10,,,,,,,,,,,,,,,,,,,,,,,,,,,303.0,3.4,0.0,0.0,1.0,0.0,1.0,3.0,2.0,0.0,0.0,114.0,3.0,0.0,0.0,0.0,0.0,0.0,0.0,0.0,0.2941176470588235,0.0,0.2941176470588235,0.8823529411764706,0.0,0.0,33.529411764705884,0.8823529411764706,0.0,0.0,Lisandro Martínez,exact-name,6.764705882352941,0.29411764705882354,2.6470588235294117,0.0,0.0,1.1764705882352942,1.7647058823529411,37.35294117647059,0.29411764705882354,0.0,0.0,0.0,14.705882352941178,10.294117647058824,0.0,7.352941176470589,0.0,0.0,0.0,0.0,0.0,45.294117647058826,17.647058823529413,15.0,0.8571428571428571,5.882352941176471,1.1764705882352942,0.0,0.0,0.5882352941176471,4.11764705882353,0.8823529411764706,1.4705882352941178,0.5,1.1764705882352942,0.0,0.29411764705882354,0.0975180205882353,0.0,0.33156127,0.0,0.0,0.29411764705882354,1.4705882352941178,CB,0.0,0.0,0.29411764705882354,0.0,0.29411764705882354,0.8823529411764706,0.5882352941176471,0.5882352941176471,0.8823529411764706,0.0,,,,0.0,0.0,,,0.0,0.29411764705882354,0.0,89.11764705882354,1.4705882352941178,0.5882352941176471,,0.0,0.0,0.0,DF,DF,CB
477,Lucas Paquetá,MF,br Brazil,24.0,1.eng West Ham,1997.0,4.0,4.0,314.0,3.5,1.0,1.0,2.0,1.0,0.0,0.0,0.0,0.0,0.29,0.29,0.57,0.29,0.57,Matches,9b6f7fd5,477,Lucas Paquetá,MF,br Brazil,1.0,4.0,4.0,100.0,1.15,1.15,0.25,0.25,0.0,0.0,Matches,9b6f7fd5,477,Lucas Paquetá,MF,br Brazil,0.0,0.0,0.0,4.0,2.0,0.0,4.0,2.0,5.0,,,0.0,Matches,9b6f7fd5,,,,,,,,,,,,,,,,,,,,,,,,,,,314.0,3.5,1.0,1.0,4.0,2.0,4.0,2.0,4.0,3.0,1.0,152.0,2.0,0.0,0.0,0.0,0.0,0.0,0.2857142857142857,0.2857142857142857,1.1428571428571428,0.5714285714285714,1.1428571428571428,0.5714285714285714,0.8571428571428571,0.2857142857142857,43.42857142857143,0.5714285714285714,0.0,0.0,Lucas Tolentino Coelho de Lima,nickname,16.857142857142858,3.4285714285714284,8.571428571428571,0.0,0.0,0.0,2.857142857142857,57.714285714285715,1.1428571428571428,0.0,0.0,0.0,22.571428571428573,14.0,0.0,6.571428571428571,0.2857142857142857,0.0,0.0,0.0,0.0,57.714285714285715,14.0,12.285714285714286,0.8514851485148515,6.0,0.2857142857142857,1.4285714285714286,0.0,3.4285714285714284,0.2857142857142857,2.0,1.1428571428571428,0.5,1.7142857142857142,0.0,1.1428571428571428,0.20123807857142856,1.1428571428571428,0.17608331875,0.0,1.4285714285714286,2.857142857142857,20.571428571428573,MF,0.2857142857142857,0.2857142857142857,1.1428571428571428,1.1428571428571428,1.1428571428571428,0.5714285714285714,1.4285714285714286,1.1428571428571428,0.5714285714285714,0.0,,,,0.0,0.0,,,0.0,0.0,0.0,89.71428571428571,1.1428571428571428,1.1428571428571428,,0.25,1.0,0.3333333333333333,MF,MF,DM
117,Luis Chávez,MF,mx Mexico,26.0,1.mx Pachuca,1996.0,3.0,3.0,270.0,3.0,1.0,0.0,1.0,1.0,0.0,0.0,0.0,0.0,0.33,0.0,0.33,0.33,0.33,Matches,e50949ea,117,Luis Chávez,MF,mx Mexico,1.0,10.0,4.0,40.0,3.33,1.33,0.1,0.25,0.0,0.0,Matches,e50949ea,117,Luis Chávez,MF,mx Mexico,0.0,0.0,0.0,3.0,8.0,0.0,19.0,0.0,0.0,,,0.0,Matches,e50949ea,,,,,,,,,,,,,,,,,,,,,,,,,,,270.0,3.0,1.0,0.0,10.0,6.0,2.0,4.0,3.0,3.0,3.0,107.0,7.0,0.0,0.0,0.0,0.0,0.0,0.3333333333333333,0.0,3.333333333333333,2.0,0.6666666666666666,1.3333333333333333,1.0,1.0,35.666666666666664,2.333333333333333,0.0,0.0,Luis Gerardo Chávez Magallón,token-subset,13.333333333333334,2.0,6.333333333333333,0.0,0.0,0.3333333333333333,4.666666666666667,41.0,1.0,0.0,0.0,0.0,18.666666666666668,8.0,0.0,9.666666666666666,0.0,0.0,0.0,0.5,0.0,48.0,18.0,21.666666666666668,0.7222222222222222,8.0,3.0,1.3333333333333333,0.0,7.333333333333333,1.0,2.0,2.0,0.46153846153846156,0.6666666666666666,0.0,3.3333333333333335,0.0718838595,1.3333333333333333,0.02156515785,0.0,1.3333333333333333,1.3333333333333333,12.0,MF,0.3333333333333333,0.0,3.3333333333333335,1.3333333333333333,6.333333333333333,0.0,0.0,1.0,2.6666666666666665,0.0,,,,0.0,0.0,,,0.0,0.0,0.0,90.0,1.0,1.0,,0.1,0.4,1.0,MF,MF,DM
413,Luka Modrić,MF,hr Croatia,36.0,1.es Real Madrid,1985.0,7.0,7.0,653.0,7.3,0.0,0.0,0.0,0.0,0.0,0.0,1.0,0.0,0.0,0.0,0.0,0.0,0.0,Matches,6025fab1,413,Luka Modrić,MF,hr Croatia,0.0,6.0,4.0,66.7,0.83,0.55,0.0,0.0,0.0,0.0,Matches,6025fab1,413,Luka Modrić,MF,hr Croatia,1.0,0.0,0.0,13.0,15.0,1.0,33.0,8.0,11.0,,,0.0,Matches,6025fab1,,,,,,,,,,,,,,,,,,,,,,,,,,,623.0,6.9,0.0,0.0,6.0,18.0,3.0,17.0,15.0,10.0,5.0,458.0,27.0,0.0,0.0,0.0,0.0,0.0,0.0,0.0,0.8695652173913043,2.608695652173913,0.4347826086956521,2.463768115942029,1.4492753623188406,0.7246376811594203,66.37681159420289,3.913043478260869,0.0,0.0,Luka Modrić,exact,15.753424657534246,3.8356164383561646,8.082191780821917,0.0,0.0,0.136986301369863,5.342465753424658,66.84931506849315,0.136986301369863,0.0,0.0,0.0,24.65753424657534,19.589041095890412,0.0,12.32876712328767,0.8219178082191781,0.0,0.0,0.2222222222222222,0.0,75.2054794520548,26.164383561643834,21.506849315068493,0.843351548269581,10.273972602739727,2.0547945205479454,0.8219178082191781,0.0,7.397260273972603,0.273972602739726,0.684931506849315,0.684931506849315,0.5,0.9589041095890412,0.0,0.9589041095890412,0.15443251506849315,0.684931506849315,0.05730956,0.0,0.8219178082191781,0.8219178082191781,13.972602739726028,MF,0.0,0.0,0.8219178082191781,0.547945205479452,4.52054794520548,1.095890410958904,1.5068493150684932,1.7808219178082192,2.0547945205479454,0.136986301369863,,,,0.0,0.0,,,0.0,0.136986301369863,0.0,89.45205479452055,0.9589041095890412,0.9589041095890412,,0.0,0.6666666666666666,0.5,MF,MF,CM
565,Luke Shaw,DF,eng England,26.0,1.eng Manchester Utd,1995.0,5.0,5.0,424.0,4.7,0.0,1.0,1.0,0.0,0.0,0.0,0.0,0.0,0.0,0.21,0.21,0.0,0.21,Matches,9c94165b,565,Luke Shaw,DF,eng England,0.0,3.0,1.0,33.3,0.64,0.21,0.0,0.0,0.0,0.0,Matches,9c94165b,565,Luke Shaw,DF,eng England,0.0,0.0,0.0,5.0,4.0,0.0,22.0,5.0,1.0,,,0.0,Matches,9c94165b,,,,,,,,,,,,,,,,,,,,,,,,,,,424.0,4.7,0.0,1.0,3.0,14.0,1.0,3.0,5.0,1.0,1.0,302.0,10.0,0.0,0.0,0.0,0.0,0.0,0.0,0.2127659574468085,0.6382978723404255,2.978723404255319,0.2127659574468085,0.6382978723404255,0.2127659574468085,0.2127659574468085,64.25531914893617,2.127659574468085,0.0,0.0,Luke Shaw,exact,6.595744680851063,1.9148936170212765,3.6170212765957444,0.0,0.0,0.6382978723404255,3.1914893617021276,68.51063829787233,0.2127659574468085,0.0,0.0,0.0,54.680851063829785,8.936170212765957,0.0,9.574468085106382,0.425531914893617,0.0,0.0,0.35714285714285715,0.0,85.53191489361701,24.04255319148936,19.361702127659573,0.8432835820895522,7.0212765957446805,1.702127659574468,1.4893617021276595,0.0,7.234042553191489,1.276595744680851,0.851063829787234,1.276595744680851,0.42857142857142855,0.425531914893617,0.0,0.6382978723404255,0.01795626574468085,0.2127659574468085,0.028131483,0.0,1.4893617021276595,1.9148936170212765,17.23404255319149,FB/WB,0.0,0.2127659574468085,0.6382978723404255,0.2127659574468085,4.680851063829787,1.0638297872340425,0.2127659574468085,1.0638297872340425,0.851063829787234,0.0,,,,0.0,0.0,,,0.0,0.0,0.0,90.2127659574468,1.0638297872340425,1.0638297872340425,,0.0,0.3333333333333333,1.0,DF,DF,LB
264,Majid Hosseini,DF,ir IR Iran,25.0,1.tr Kayserispor,1996.0,3.0,3.0,270.0,3.0,0.0,0.0,0.0,0.0,0.0,0.0,1.0,0.0,0.0,0.0,0.0,0.0,0.0,Matches,d2161bae,264,Majid Hosseini,DF,ir IR Iran,0.0,0.0,0.0,,0.0,0.0,,,0.0,0.0,Matches,d2161bae,264,Majid Hosseini,DF,ir IR Iran,1.0,0.0,0.0,4.0,1.0,1.0,0.0,6.0,3.0,,,0.0,Matches,d2161bae,,,,,,,,,,,,,,,,,,,,,,,,,,,270.0,3.0,0.0,0.0,0.0,0.0,2.0,4.0,5.0,1.0,0.0,72.0,1.0,0.0,0.0,0.0,0.0,0.0,0.0,0.0,0.0,0.0,0.6666666666666666,1.3333333333333333,0.3333333333333333,0.0,24.0,0.3333333333333333,0.0,0.0,Seyed Majid Hosseini,token-subset,10.333333333333334,0.0,4.333333333333333,0.0,0.0,0.3333333333333333,6.666666666666667,21.666666666666668,0.0,0.0,0.0,0.0,4.0,7.333333333333333,0.0,3.3333333333333335,0.0,0.0,0.0,0.0,0.0,36.0,14.666666666666666,20.666666666666668,0.8055555555555556,3.3333333333333335,0.6666666666666666,0.0,0.0,0.0,2.6666666666666665,1.3333333333333333,1.6666666666666667,0.4166666666666667,1.3333333333333333,0.0,0.0,0.0,0.0,0.0,0.0,0.0,0.3333333333333333,0.3333333333333333,CB,0.0,0.0,0.0,0.0,0.0,2.0,1.0,1.3333333333333333,0.3333333333333333,0.3333333333333333,,,,0.0,0.0,,,0.0,0.3333333333333333,0.0,90.0,1.0,1.0,,0.0,0.0,0.0,DF,DF,CB
19,Manuel Akanji,DF,ch Switzerland,26.0,1.eng Manchester City,1995.0,4.0,4.0,360.0,4.0,1.0,0.0,1.0,1.0,0.0,0.0,1.0,0.0,0.25,0.0,0.25,0.25,0.25,Matches,89ac64a6,19,Manuel Akanji,DF,ch Switzerland,1.0,4.0,1.0,25.0,1.0,0.25,0.25,1.0,0.0,0.0,Matches,89ac64a6,19,Manuel Akanji,DF,ch Switzerland,1.0,0.0,0.0,4.0,1.0,0.0,1.0,3.0,2.0,,,0.0,Matches,89ac64a6,,,,,,,,,,,,,,,,,,,,,,,,,,,360.0,4.0,1.0,0.0,4.0,2.0,1.0,4.0,6.0,1.0,1.0,194.0,15.0,0.0,0.0,0.0,0.0,0.0,0.25,0.0,1.0,0.5,0.25,1.0,0.25,0.25,48.5,3.75,0.0,0.0,Manuel Obafemi Akanji,token-subset,6.5,1.0,2.0,0.0,0.0,2.25,2.5,54.0,0.5,0.0,0.0,0.0,13.0,18.25,0.5,5.75,0.0,0.0,0.0,0.5,0.5,63.75,27.0,25.0,0.8980392156862745,5.25,2.75,0.25,0.25,1.0,3.75,1.5,2.75,0.7333333333333333,0.25,0.0,1.0,0.22066735799999998,0.25,0.22066735799999998,0.0,0.25,1.0,1.75,CB,0.25,0.0,1.0,0.25,0.25,0.75,0.5,1.0,0.25,0.0,,,,0.0,0.0,,,0.0,0.25,0.0,90.0,1.0,1.0,,0.25,0.25,1.0,DF,DF,CB
445,Manuel Neuer,GK,de Germany,36.0,1.de Bayern Munich,1986.0,3.0,3.0,270.0,3.0,0.0,0.0,0.0,0.0,0.0,0.0,0.0,0.0,0.0,0.0,0.0,0.0,0.0,Matches,8778c910,445,Manuel Neuer,GK,de Germany,0.0,0.0,0.0,,0.0,0.0,,,0.0,0.0,Matches,8778c910,445,Manuel Neuer,GK,de Germany,0.0,0.0,0.0,0.0,0.0,0.0,0.0,0.0,0.0,,,1.0,Matches,8778c910,25,Manuel Neuer,GK,de Germany,1.de Bayern Munich,3.0,3.0,270.0,3.0,5.0,1.67,13.0,8.0,61.5,1.0,1.0,1.0,0.0,0.0,0.0,0.0,0.0,0.0,,Matches,8778c910,270.0,3.0,0.0,0.0,0.0,0.0,0.0,0.0,0.0,0.0,0.0,78.0,0.0,8.0,4.0,12.0,66.7,0.0,0.0,0.0,0.0,0.0,0.0,0.0,0.0,0.0,26.0,0.0,2.6666666666666665,0.0,Manuel Neuer,exact,0.0,0.0,0.0,0.6666666666666666,1.3333333333333333,0.0,3.0,29.666666666666668,0.0,8.333333333333334,21.333333333333332,39.568656716417934,0.3333333333333333,3.0,0.0,0.3333333333333333,0.0,-0.9908609663333333,0.3333333333333333,0.0,0.0,41.0,27.666666666666668,21.666666666666668,0.9024390243902439,0.3333333333333333,2.0,0.0,0.0,0.3333333333333333,0.0,0.3333333333333333,0.0,0.0,0.0,0.0,0.0,0.0,0.0,0.0,0.0,0.0,0.0,0.0,GK,0.0,0.0,0.0,0.0,0.0,0.0,0.0,0.0,0.0,0.0,2.6666666666666665,1.6666666666666667,0.0,0.0,0.0,,,0.3333333333333333,0.0,0.0,90.0,1.0,1.0,0.6153846153846154,0.0,0.0,0.0,GK,GK,GK
89,Marcelo Brozović,MF,hr Croatia,29.0,1.it Inter,1992.0,6.0,6.0,552.0,6.1,0.0,0.0,0.0,0.0,0.0,0.0,1.0,0.0,0.0,0.0,0.0,0.0,0.0,Matches,33b8d077,89,Marcelo Brozović,MF,hr Croatia,0.0,4.0,2.0,50.0,0.65,0.33,0.0,0.0,0.0,0.0,Matches,33b8d077,89,Marcelo Brozović,MF,hr Croatia,1.0,0.0,0.0,12.0,11.0,0.0,4.0,4.0,7.0,,,0.0,Matches,33b8d077,,,,,,,,,,,,,,,,,,,,,,,,,,,522.0,5.8,0.0,0.0,4.0,2.0,2.0,10.0,14.0,8.0,5.0,440.0,9.0,0.0,0.0,0.0,0.0,0.0,0.0,0.0,0.6896551724137931,0.3448275862068966,0.3448275862068966,1.7241379310344829,1.3793103448275863,0.8620689655172414,75.86206896551724,1.5517241379310345,0.0,0.0,Marcelo Brozović,exact,15.737704918032788,1.9672131147540985,6.721311475409837,0.0,0.0,0.819672131147541,5.573770491803279,77.37704918032787,0.49180327868852464,0.0,0.0,0.0,24.262295081967213,22.459016393442624,0.0,10.819672131147541,0.0,0.0,0.0,0.0,0.0,86.72131147540983,21.475409836065577,23.77049180327869,0.8922495274102079,8.196721311475411,2.7868852459016393,0.819672131147541,0.1639344262295082,1.3114754098360657,1.3114754098360657,2.9508196721311477,1.639344262295082,0.625,0.819672131147541,0.0,0.819672131147541,0.22439653983606558,0.49180327868852464,0.14632972325000002,0.0,0.819672131147541,0.6557377049180328,11.311475409836067,MF,0.0,0.0,0.6557377049180328,0.3278688524590164,0.6557377049180328,0.6557377049180328,1.1475409836065575,1.9672131147540985,1.8032786885245902,0.0,,,,0.0,0.0,,,0.0,0.1639344262295082,0.0,90.49180327868854,0.9836065573770493,0.9836065573770493,,0.0,0.5,0.625,MF,MF,DM
11,Marcos Acuña,DFMF,ar Argentina,30.0,1.es Sevilla,1991.0,6.0,4.0,373.0,4.1,0.0,0.0,0.0,0.0,0.0,0.0,3.0,0.0,0.0,0.0,0.0,0.0,0.0,Matches,81442ecb,11,Marcos Acuña,DFMF,ar Argentina,0.0,2.0,0.0,0.0,0.48,0.0,0.0,,0.0,0.0,Matches,81442ecb,11,Marcos Acuña,DFMF,ar Argentina,3.0,0.0,0.0,9.0,9.0,0.0,17.0,2.0,8.0,,,0.0,Matches,81442ecb,,,,,,,,,,,,,,,,,,,,,,,,,,,343.0,3.8,0.0,0.0,2.0,14.0,4.0,3.0,9.0,5.0,1.0,168.0,13.0,0.0,0.0,0.0,0.0,0.0,0.0,0.0,0.5263157894736842,3.68421052631579,1.0526315789473684,0.7894736842105263,1.3157894736842106,0.2631578947368421,44.21052631578947,3.421052631578948,0.0,0.0,Marcos Javier Acuña,token-subset,12.682926829268293,3.1707317073170733,3.9024390243902443,0.0,0.0,1.4634146341463417,4.634146341463415,46.09756097560976,0.0,0.0,0.0,0.0,34.63414634146342,7.560975609756098,0.0,4.634146341463415,0.7317073170731708,0.0,0.0,0.14285714285714285,0.0,52.926829268292686,12.926829268292684,14.878048780487806,0.783410138248848,3.1707317073170733,1.2195121951219514,1.2195121951219514,0.24390243902439027,5.121951219512195,1.707317073170732,3.414634146341464,2.439024390243903,0.5555555555555556,1.9512195121951221,0.0,0.48780487804878053,0.018566359024390244,0.0,0.038061036,0.0,1.2195121951219514,2.1951219512195124,19.02439024390244,FB/WB,0.0,0.0,0.48780487804878053,0.0,4.146341463414634,0.48780487804878053,1.9512195121951221,2.1951219512195124,2.1951219512195124,0.0,,,,0.0,0.0,,,0.0,0.7317073170731708,0.0,90.97560975609757,1.4634146341463417,0.9756097560975611,,0.0,0.0,0.19999999999999998,DF,DFMF,LB
480,Mario Pašalić,FW,hr Croatia,27.0,1.it Atalanta,1995.0,7.0,2.0,271.0,3.0,0.0,0.0,0.0,0.0,0.0,0.0,0.0,0.0,0.0,0.0,0.0,0.0,0.0,Matches,e599253a,480,Mario Pašalić,FW,hr Croatia,0.0,3.0,0.0,0.0,1.0,0.0,0.0,,0.0,0.0,Matches,e599253a,480,Mario Pašalić,FW,hr Croatia,0.0,0.0,0.0,4.0,1.0,2.0,1.0,3.0,6.0,,,0.0,Matches,e599253a,,,,,,,,,,,,,,,,,,,,,,,,,,,240.0,2.7,0.0,0.0,3.0,1.0,3.0,3.0,4.0,5.0,2.0,87.0,3.0,0.0,0.0,0.0,0.0,0.0,0.0,0.0,1.111111111111111,0.3703703703703703,1.111111111111111,1.111111111111111,1.851851851851852,0.7407407407407407,32.22222222222222,1.111111111111111,0.0,0.0,Mario Pašalić,exact-name,17.666666666666668,5.0,8.333333333333334,0.0,0.0,0.3333333333333333,4.0,39.333333333333336,0.3333333333333333,0.0,0.0,0.0,20.0,8.333333333333334,0.3333333333333333,4.666666666666667,0.3333333333333333,0.0,0.0,1.0,0.6666666666666666,31.0,7.666666666666667,7.666666666666667,0.8279569892473119,3.0,0.0,0.3333333333333333,0.3333333333333333,1.6666666666666667,1.0,3.3333333333333335,2.0,0.4,2.6666666666666665,0.0,1.3333333333333333,0.316735897,0.3333333333333333,0.05556923033333333,0.0,0.3333333333333333,2.6666666666666665,12.666666666666666,Wide,0.0,0.0,1.0,0.0,0.3333333333333333,1.0,2.0,1.3333333333333333,0.3333333333333333,0.6666666666666666,,,,0.0,0.0,,,0.0,0.0,0.0,90.33333333333333,2.3333333333333335,0.6666666666666666,,0.0,0.0,0.3999999999999999,FW,FW,RW
373,Marquinhos,DF,br Brazil,28.0,1.fr PSG,1994.0,5.0,4.0,426.0,4.7,0.0,0.0,0.0,0.0,0.0,0.0,1.0,0.0,0.0,0.0,0.0,0.0,0.0,Matches,d5f2f82b,373,Marquinhos,DF,br Brazil,0.0,2.0,0.0,0.0,0.42,0.0,0.0,,0.0,0.0,Matches,d5f2f82b,373,Marquinhos,DF,br Brazil,1.0,0.0,0.0,1.0,2.0,0.0,1.0,2.0,4.0,,,0.0,Matches,d5f2f82b,,,,,,,,,,,,,,,,,,,,,,,,,,,396.0,4.4,0.0,0.0,1.0,1.0,1.0,3.0,1.0,2.0,0.0,289.0,19.0,0.0,0.0,0.0,0.0,0.0,0.0,0.0,0.2272727272727272,0.2272727272727272,0.2272727272727272,0.6818181818181818,0.4545454545454545,0.0,65.68181818181817,4.3181818181818175,0.0,0.0,Marcos Aoás Corrêa,nickname,4.468085106382978,0.6382978723404255,2.3404255319148937,0.0,0.0,1.276595744680851,3.1914893617021276,66.59574468085106,0.0,0.0,0.0,0.0,11.27659574468085,18.72340425531915,0.6382978723404255,9.361702127659575,0.2127659574468085,0.0,0.0,1.0,0.2127659574468085,76.38297872340425,21.70212765957447,19.78723404255319,0.9610027855153204,7.872340425531915,1.276595744680851,1.0638297872340425,0.2127659574468085,1.0638297872340425,2.127659574468085,1.276595744680851,1.4893617021276595,0.5,0.6382978723404255,0.0,0.425531914893617,0.18332805106382977,0.0,0.07814184,0.0,1.0638297872340425,1.276595744680851,4.25531914893617,CB,0.0,0.0,0.425531914893617,0.0,0.2127659574468085,0.425531914893617,0.851063829787234,0.2127659574468085,0.425531914893617,0.0,,,,0.0,0.0,,,0.0,0.2127659574468085,0.0,90.63829787234042,1.0638297872340425,0.851063829787234,,0.0,0.0,0.0,DF,DF,CB
329,Mateo Kovačić,MF,hr Croatia,28.0,1.eng Chelsea,1994.0,7.0,7.0,635.0,7.1,0.0,0.0,0.0,0.0,0.0,0.0,2.0,0.0,0.0,0.0,0.0,0.0,0.0,Matches,79c0821a,329,Mateo Kovačić,MF,hr Croatia,0.0,3.0,1.0,33.3,0.43,0.14,0.0,0.0,0.0,0.0,Matches,79c0821a,329,Mateo Kovačić,MF,hr Croatia,2.0,0.0,0.0,3.0,11.0,0.0,3.0,4.0,18.0,,,0.0,Matches,79c0821a,,,,,,,,,,,,,,,,,,,,,,,,,,,636.0,7.1,0.0,0.0,3.0,3.0,6.0,8.0,3.0,14.0,10.0,404.0,26.0,0.0,0.0,0.0,0.0,0.0,0.0,0.0,0.4225352112676057,0.4225352112676057,0.8450704225352114,1.1267605633802815,1.971830985915493,1.4084507042253522,56.90140845070423,3.661971830985916,0.0,0.0,Mateo Kovačić,exact,19.154929577464788,4.788732394366197,8.169014084507042,0.0,0.0,0.4225352112676057,4.507042253521127,60.845070422535215,0.14084507042253522,0.0,0.0,0.0,24.647887323943664,16.056338028169016,0.0,11.126760563380282,0.5633802816901409,0.0,0.0,0.3333333333333333,0.0,64.22535211267606,15.774647887323944,11.267605633802818,0.9122807017543859,9.014084507042254,0.9859154929577465,1.267605633802817,0.14084507042253522,2.9577464788732395,0.8450704225352114,1.1267605633802817,0.8450704225352114,0.75,2.1126760563380285,0.0,0.4225352112676057,0.04861225633802817,0.14084507042253522,0.11504900666666666,0.0,1.267605633802817,0.8450704225352114,10.845070422535212,MF,0.0,0.0,0.4225352112676057,0.14084507042253522,0.4225352112676057,0.5633802816901409,2.535211267605634,0.4225352112676057,1.5492957746478875,0.0,,,,0.0,0.0,,,0.0,0.28169014084507044,0.0,89.43661971830987,0.9859154929577465,0.9859154929577465,,0.0,0.3333333333333333,0.7142857142857143,MF,MF,CM
347,Mathew Leckie,MF,au Australia,31.0,1.au Melb City,1991.0,4.0,4.0,333.0,3.7,1.0,1.0,2.0,1.0,0.0,0.0,0.0,0.0,0.27,0.27,0.54,0.27,0.54,Matches,b93b7882,347,Mathew Leckie,MF,au Australia,1.0,1.0,1.0,100.0,0.27,0.27,1.0,1.0,0.0,0.0,Matches,b93b7882,347,Mathew Leckie,MF,au Australia,0.0,0.0,0.0,8.0,6.0,0.0,4.0,1.0,4.0,,,0.0,Matches,b93b7882,,,,,,,,,,,,,,,,,,,,,,,,,,,333.0,3.7,1.0,1.0,1.0,2.0,2.0,2.0,8.0,14.0,3.0,98.0,6.0,0.0,0.0,0.0,0.0,0.0,0.2702702702702702,0.2702702702702702,0.2702702702702702,0.5405405405405405,0.5405405405405405,0.5405405405405405,3.783783783783784,0.8108108108108107,26.486486486486484,1.6216216216216215,0.0,0.0,Mathew Leckie,exact,18.37837837837838,4.864864864864865,8.91891891891892,0.0,0.0,1.3513513513513513,4.324324324324324,43.51351351351351,0.0,0.0,0.0,0.0,23.783783783783782,9.72972972972973,0.8108108108108107,4.594594594594595,0.5405405405405405,0.0,0.0,0.5,0.0,27.837837837837835,6.756756756756756,8.378378378378377,0.6699029126213593,2.972972972972973,0.27027027027027023,0.27027027027027023,0.0,2.4324324324324325,1.6216216216216215,2.972972972972973,4.594594594594595,0.5666666666666667,0.8108108108108107,0.0,0.27027027027027023,0.030686021621621623,0.27027027027027023,0.11353828,0.0,0.27027027027027023,3.7837837837837838,19.72972972972973,MF,0.27027027027027023,0.27027027027027023,0.27027027027027023,0.27027027027027023,1.081081081081081,0.27027027027027023,1.081081081081081,2.162162162162162,1.6216216216216215,0.0,,,,0.0,0.0,,,0.0,0.0,0.0,90.0,1.081081081081081,1.081081081081081,,1.0,1.0,0.21428571428571425,MF,MF,RM
535,Mathew Ryan,GK,au Australia,30.0,1.dk FC Copenhagen,1992.0,4.0,4.0,360.0,4.0,0.0,0.0,0.0,0.0,0.0,0.0,0.0,0.0,0.0,0.0,0.0,0.0,0.0,Matches,4535e4bb,535,Mathew Ryan,GK,au Australia,0.0,0.0,0.0,,0.0,0.0,,,0.0,0.0,Matches,4535e4bb,535,Mathew Ryan,GK,au Australia,0.0,0.0,0.0,0.0,1.0,0.0,0.0,0.0,0.0,,,0.0,Matches,4535e4bb,32,Mathew Ryan,GK,au Australia,1.dk FC Copenhagen,4.0,4.0,360.0,4.0,6.0,1.5,18.0,12.0,66.7,2.0,0.0,2.0,2.0,50.0,0.0,0.0,0.0,0.0,,Matches,4535e4bb,360.0,4.0,0.0,0.0,0.0,0.0,0.0,0.0,0.0,1.0,1.0,84.0,3.0,13.0,6.0,19.0,68.4,2.0,0.0,0.0,0.0,0.0,0.0,0.0,0.25,0.25,21.0,0.75,3.25,0.5,Mathew Ryan,exact,0.0,0.0,0.0,0.5,1.5,0.0,5.0,19.75,0.0,23.5,17.75,40.626823529411745,0.75,0.75,0.0,6.0,0.0,-0.5509062869999999,0.25,0.0,0.0,40.75,29.25,28.0,0.6871165644171779,6.0,1.5,0.0,0.0,0.0,0.25,0.0,0.0,0.0,0.0,0.0,0.0,0.0,0.0,0.0,0.0,0.0,0.0,0.0,GK,0.0,0.0,0.0,0.0,0.0,0.0,0.0,0.0,0.25,0.0,3.0,1.5,0.5,0.0,0.0,,,0.0,0.0,0.0,90.0,1.0,1.0,0.6666666666666666,0.0,0.0,1.0,GK,GK,GK
622,Matt Turner,GK,us United States,27.0,1.eng Arsenal,1994.0,4.0,4.0,360.0,4.0,0.0,0.0,0.0,0.0,0.0,0.0,0.0,0.0,0.0,0.0,0.0,0.0,0.0,Matches,4a51ba65,622,Matt Turner,GK,us United States,0.0,0.0,0.0,,0.0,0.0,,,0.0,0.0,Matches,4a51ba65,622,Matt Turner,GK,us United States,0.0,0.0,0.0,0.0,4.0,0.0,0.0,0.0,0.0,,,0.0,Matches,4a51ba65,39,Matt Turner,GK,us United States,1.eng Arsenal,4.0,4.0,360.0,4.0,4.0,1.0,13.0,9.0,69.2,1.0,2.0,1.0,2.0,50.0,1.0,1.0,0.0,0.0,0.0,Matches,4a51ba65,360.0,4.0,0.0,0.0,0.0,0.0,0.0,0.0,0.0,0.0,0.0,75.0,1.0,9.0,4.0,13.0,69.2,2.0,0.0,0.0,0.0,0.0,0.0,0.0,0.0,0.0,18.75,0.25,2.25,0.5,Matthew Charles Turner,last-unique,0.0,0.0,0.0,2.0,1.25,0.0,4.25,17.0,0.0,10.5,13.5,40.236826347305445,0.25,1.25,0.0,3.75,0.0,-0.3027781155,0.0,0.0,0.0,31.5,20.25,15.5,0.7777777777777778,3.75,0.25,0.0,0.0,0.5,0.0,0.0,0.0,0.0,0.0,0.0,0.0,0.0,0.0,0.0,0.0,0.0,0.0,0.0,GK,0.0,0.0,0.0,0.0,0.0,0.0,0.0,0.0,1.0,0.0,2.25,1.0,0.5,0.0,0.0,,,0.0,0.0,0.0,90.0,1.0,1.0,0.6923076923076923,0.0,0.0,0.0,GK,GK,GK
108,Matty Cash,DF,pl Poland,24.0,1.eng Aston Villa,1997.0,4.0,4.0,360.0,4.0,0.0,0.0,0.0,0.0,0.0,0.0,2.0,0.0,0.0,0.0,0.0,0.0,0.0,Matches,2389cdc2,108,Matty Cash,DF,pl Poland,0.0,1.0,0.0,0.0,0.25,0.0,0.0,,0.0,0.0,Matches,2389cdc2,108,Matty Cash,DF,pl Poland,2.0,0.0,0.0,7.0,3.0,0.0,8.0,0.0,3.0,,,0.0,Matches,2389cdc2,,,,,,,,,,,,,,,,,,,,,,,,,,,360.0,4.0,0.0,0.0,1.0,7.0,2.0,2.0,7.0,1.0,0.0,99.0,8.0,0.0,0.0,0.0,0.0,0.0,0.0,0.0,0.25,1.75,0.5,0.5,0.25,0.0,24.75,2.0,0.0,0.0,Matty Cash,exact,10.25,1.5,3.0,0.0,0.0,1.75,2.0,31.0,0.25,0.0,0.0,0.0,25.25,4.0,0.0,6.75,0.0,0.0,0.0,0.42857142857142855,0.0,39.0,11.75,14.5,0.7756410256410257,5.75,1.0,0.5,0.0,2.25,3.5,3.0,0.5,0.5,0.75,0.0,0.25,0.0058764945,0.0,0.023505978,0.0,0.5,0.25,9.75,FB/WB,0.0,0.0,0.25,0.0,2.0,0.0,0.75,1.75,0.75,0.0,,,,0.0,0.0,,,0.0,0.5,0.0,90.0,1.0,1.0,,0.0,0.0,0.0,DF,DF,RB
669,Maya Yoshida,DF,jp Japan,33.0,1.de Schalke 04,1988.0,4.0,4.0,390.0,4.3,0.0,1.0,1.0,0.0,0.0,0.0,1.0,0.0,0.0,0.23,0.23,0.0,0.23,Matches,caffaf5a,669,Maya Yoshida,DF,jp Japan,0.0,0.0,0.0,,0.0,0.0,,,0.0,0.0,Matches,caffaf5a,669,Maya Yoshida,DF,jp Japan,1.0,0.0,0.0,3.0,4.0,0.0,0.0,3.0,4.0,,,0.0,Matches,caffaf5a,,,,,,,,,,,,,,,,,,,,,,,,,,,360.0,4.0,0.0,0.0,0.0,0.0,1.0,9.0,4.0,3.0,2.0,163.0,3.0,0.0,0.0,0.0,0.0,0.0,0.0,0.0,0.0,0.0,0.25,2.25,0.75,0.5,40.75,0.75,0.0,0.0,Maya Yoshida,exact,5.116279069767442,0.0,3.7209302325581395,0.0,0.0,3.0232558139534884,2.0930232558139537,43.25581395348837,0.0,0.0,0.0,0.0,4.883720930232558,8.372093023255815,0.0,4.651162790697675,0.0,0.0,0.0,0.0,0.0,52.79069767441861,20.232558139534884,20.232558139534884,0.8854625550660793,4.651162790697675,0.46511627906976744,0.0,0.0,0.23255813953488372,6.046511627906977,2.3255813953488373,2.7906976744186047,0.6,0.46511627906976744,0.0,0.23255813953488372,0.18220930232558138,0.23255813953488372,0.0,0.0,0.0,0.46511627906976744,0.46511627906976744,CB,0.0,0.23255813953488372,0.0,0.0,0.0,0.6976744186046512,0.9302325581395349,0.6976744186046512,0.9302325581395349,0.0,,,,0.0,0.0,,,0.0,0.23255813953488372,0.0,90.69767441860465,0.9302325581395349,0.9302325581395349,,0.0,0.0,0.6666666666666666,DF,DF,CB
603,Mehdi Taremi,FWMF,ir IR Iran,29.0,1.pt Porto,1992.0,3.0,3.0,270.0,3.0,2.0,1.0,3.0,1.0,1.0,1.0,0.0,0.0,0.67,0.33,1.0,0.33,0.67,Matches,4c2a5d34,603,Mehdi Taremi,FWMF,ir IR Iran,2.0,6.0,3.0,50.0,2.0,1.0,0.17,0.33,1.0,1.0,Matches,4c2a5d34,603,Mehdi Taremi,FWMF,ir IR Iran,0.0,0.0,0.0,5.0,4.0,1.0,0.0,2.0,3.0,,,0.0,Matches,4c2a5d34,,,,,,,,,,,,,,,,,,,,,,,,,,,270.0,3.0,2.0,1.0,6.0,0.0,0.0,2.0,5.0,5.0,1.0,71.0,10.0,0.0,0.0,0.0,0.0,0.0,0.6666666666666666,0.3333333333333333,2.0,0.0,0.0,0.6666666666666666,1.6666666666666667,0.3333333333333333,23.666666666666668,3.333333333333333,0.0,0.0,Mehdi Taremi,exact-name,21.333333333333332,10.0,8.333333333333334,0.0,0.0,1.0,4.666666666666667,40.333333333333336,1.3333333333333333,0.0,0.0,0.0,13.333333333333334,9.0,0.0,6.0,1.0,0.0,0.0,0.0,0.0,27.333333333333332,7.0,9.333333333333334,0.7439024390243902,3.6666666666666665,0.3333333333333333,2.0,0.3333333333333333,2.3333333333333335,1.0,3.3333333333333335,2.3333333333333335,0.3888888888888889,0.6666666666666666,0.0,2.0,0.45938123999999997,1.0,0.11892874400000002,0.0,2.0,3.3333333333333335,16.666666666666668,ST,0.6666666666666666,0.3333333333333333,2.0,1.0,0.0,0.6666666666666666,1.0,1.6666666666666667,1.3333333333333333,0.3333333333333333,,,,0.3333333333333333,0.3333333333333333,,,0.0,0.0,0.0,90.0,1.0,1.0,,0.3333333333333333,0.5,0.19999999999999998,FW,FWMF,ST
389,Memphis,FW,nl Netherlands,28.0,1.es Barcelona,1994.0,5.0,3.0,297.0,3.3,1.0,0.0,1.0,1.0,0.0,0.0,1.0,0.0,0.3,0.0,0.3,0.3,0.3,Matches,8f696594,389,Memphis,FW,nl Netherlands,1.0,10.0,5.0,50.0,3.03,1.52,0.1,0.2,0.0,0.0,Matches,8f696594,389,Memphis,FW,nl Netherlands,1.0,0.0,0.0,1.0,5.0,1.0,2.0,1.0,1.0,,,0.0,Matches,8f696594,,,,,,,,,,,,,,,,,,,,,,,,,,,298.0,3.3,1.0,0.0,10.0,2.0,0.0,1.0,4.0,13.0,3.0,111.0,8.0,0.0,0.0,0.0,0.0,0.0,0.303030303030303,0.0,3.0303030303030303,0.6060606060606061,0.0,0.303030303030303,3.939393939393939,0.9090909090909092,33.63636363636364,2.4242424242424243,0.0,0.0,Memphis Depay,token-subset,13.636363636363637,7.272727272727273,5.454545454545455,0.0,0.0,0.0,2.4242424242424243,63.939393939393945,1.8181818181818183,0.0,0.0,0.0,26.060606060606062,18.484848484848484,0.6060606060606061,5.454545454545455,1.2121212121212122,0.0,0.0,0.5,0.30303030303030304,38.484848484848484,5.757575757575758,6.0606060606060606,0.7559055118110236,3.3333333333333335,0.6060606060606061,0.9090909090909092,0.9090909090909092,2.4242424242424243,0.30303030303030304,1.2121212121212122,0.6060606060606061,0.2,0.0,0.0,3.0303030303030303,0.35813817939393944,1.5151515151515151,0.1181855992,0.0,0.9090909090909092,6.0606060606060606,33.93939393939394,ST,0.30303030303030304,0.0,3.0303030303030303,1.5151515151515151,0.6060606060606061,0.30303030303030304,0.30303030303030304,0.30303030303030304,1.5151515151515151,0.30303030303030304,,,,0.0,0.0,,,0.0,0.30303030303030304,0.0,90.0,1.5151515151515151,0.9090909090909092,,0.1,0.5,0.2307692307692308,FW,FW,ST
81,Milan Borjan,GK,ca Canada,34.0,1.rs Red Star,1987.0,3.0,3.0,270.0,3.0,0.0,0.0,0.0,0.0,0.0,0.0,0.0,0.0,0.0,0.0,0.0,0.0,0.0,Matches,5e8936be,81,Milan Borjan,GK,ca Canada,0.0,0.0,0.0,,0.0,0.0,,,0.0,0.0,Matches,5e8936be,81,Milan Borjan,GK,ca Canada,0.0,0.0,0.0,0.0,0.0,0.0,0.0,0.0,0.0,,,0.0,Matches,5e8936be,5,Milan Borjan,GK,ca Canada,1.rs Red Star,3.0,3.0,270.0,3.0,7.0,2.33,15.0,8.0,53.3,0.0,0.0,3.0,0.0,0.0,0.0,0.0,0.0,0.0,,Matches,5e8936be,270.0,3.0,0.0,0.0,0.0,1.0,0.0,0.0,0.0,0.0,0.0,54.0,0.0,8.0,7.0,15.0,53.3,0.0,0.0,0.0,0.0,0.3333333333333333,0.0,0.0,0.0,0.0,18.0,0.0,2.6666666666666665,0.0,Milan Borjan,exact,0.0,0.0,0.0,0.3333333333333333,1.3333333333333333,0.0,6.333333333333333,14.666666666666666,0.0,10.666666666666666,17.333333333333332,41.093650793650845,0.3333333333333333,0.3333333333333333,0.0,1.0,0.0,-2.030067366,0.3333333333333333,0.0,0.0,32.0,23.666666666666668,20.333333333333332,0.78125,1.0,1.3333333333333333,0.0,0.0,0.6666666666666666,0.0,0.0,0.0,0.0,0.0,0.0,0.0,0.0,0.0,0.0,0.0,0.0,0.0,0.3333333333333333,GK,0.0,0.0,0.0,0.0,0.0,0.0,0.0,0.0,0.0,0.0,2.6666666666666665,2.3333333333333335,0.0,0.0,0.0,,,0.0,0.0,0.0,90.0,1.0,1.0,0.5333333333333333,0.0,0.0,0.0,GK,GK,GK
168,Mitchell Duke,FW,au Australia,31.0,2.jp F. Okayama,1991.0,4.0,4.0,270.0,3.0,1.0,0.0,1.0,1.0,0.0,0.0,1.0,0.0,0.33,0.0,0.33,0.33,0.33,Matches,293f5bf9,168,Mitchell Duke,FW,au Australia,1.0,7.0,4.0,57.1,2.33,1.33,0.14,0.25,0.0,0.0,Matches,293f5bf9,168,Mitchell Duke,FW,au Australia,1.0,0.0,0.0,6.0,3.0,1.0,1.0,2.0,0.0,,,0.0,Matches,293f5bf9,,,,,,,,,,,,,,,,,,,,,,,,,,,270.0,3.0,1.0,0.0,7.0,0.0,0.0,2.0,7.0,2.0,1.0,41.0,4.0,0.0,0.0,0.0,0.0,0.0,0.3333333333333333,0.0,2.333333333333333,0.0,0.0,0.6666666666666666,0.6666666666666666,0.3333333333333333,13.666666666666666,1.3333333333333333,0.0,0.0,Mitchell Thomas Duke,token-subset,19.666666666666668,10.0,9.0,0.0,0.0,0.0,4.0,43.0,0.0,0.0,0.0,0.0,17.0,9.333333333333334,1.0,3.6666666666666665,0.0,0.0,0.0,0.0,1.6666666666666667,22.666666666666668,6.0,9.333333333333334,0.5294117647058824,2.6666666666666665,0.0,0.3333333333333333,0.3333333333333333,2.3333333333333335,0.3333333333333333,2.6666666666666665,4.666666666666667,0.4666666666666667,0.0,0.0,2.3333333333333335,0.08491070633333335,1.3333333333333333,0.03639030271428572,0.3333333333333333,0.3333333333333333,7.333333333333333,25.666666666666668,ST,0.3333333333333333,0.0,2.3333333333333335,1.3333333333333333,0.3333333333333333,0.6666666666666666,0.0,2.0,1.0,0.3333333333333333,,,,0.0,0.0,,,0.0,0.3333333333333333,0.0,90.0,1.3333333333333333,1.3333333333333333,,0.14285714285714285,0.5714285714285714,0.5,FW,FW,ST
304,Mohamed Kanno,MF,sa Saudi Arabia,27.0,1.sa Al-Hilal,1994.0,3.0,3.0,270.0,3.0,0.0,0.0,0.0,0.0,0.0,0.0,0.0,0.0,0.0,0.0,0.0,0.0,0.0,Matches,74ccf212,304,Mohamed Kanno,MF,sa Saudi Arabia,0.0,6.0,1.0,16.7,2.0,0.33,0.0,0.0,0.0,0.0,Matches,74ccf212,304,Mohamed Kanno,MF,sa Saudi Arabia,0.0,0.0,0.0,8.0,3.0,1.0,0.0,2.0,3.0,,,0.0,Matches,74ccf212,,,,,,,,,,,,,,,,,,,,,,,,,,,270.0,3.0,0.0,0.0,6.0,0.0,0.0,2.0,8.0,8.0,5.0,110.0,7.0,0.0,0.0,0.0,0.0,0.0,0.0,0.0,2.0,0.0,0.0,0.6666666666666666,2.6666666666666665,1.6666666666666667,36.66666666666666,2.333333333333333,0.0,0.0,Mohammed Kanoo,edit-dist,12.0,2.0,6.0,0.0,0.0,2.6666666666666665,6.0,47.666666666666664,1.0,0.0,0.0,0.0,18.333333333333332,12.333333333333334,0.0,6.666666666666667,0.0,0.0,0.0,0.0,0.0,48.333333333333336,17.0,12.0,0.8137931034482758,4.666666666666667,2.0,0.0,0.0,1.0,3.3333333333333335,1.3333333333333333,3.0,0.5625,0.6666666666666666,0.0,2.0,0.10648242933333334,0.3333333333333333,0.05324121466666667,0.0,0.0,2.6666666666666665,15.666666666666666,MF,0.0,0.0,2.0,0.3333333333333333,0.0,0.6666666666666666,1.0,2.6666666666666665,1.0,0.3333333333333333,,,,0.0,0.0,,,0.0,0.0,0.0,90.0,1.0,1.0,,0.0,0.16666666666666666,0.6250000000000001,MF,MF,DM
473,Mohammed Al-Owais,GK,sa Saudi Arabia,30.0,1.sa Al-Hilal,1991.0,3.0,3.0,270.0,3.0,0.0,0.0,0.0,0.0,0.0,0.0,1.0,0.0,0.0,0.0,0.0,0.0,0.0,Matches,f2c060c6,473,Mohammed Al-Owais,GK,sa Saudi Arabia,0.0,0.0,0.0,,0.0,0.0,,,0.0,0.0,Matches,f2c060c6,473,Mohammed Al-Owais,GK,sa Saudi Arabia,1.0,0.0,0.0,0.0,3.0,0.0,0.0,0.0,0.0,,,0.0,Matches,f2c060c6,29,Mohammed Al-Owais,GK,sa Saudi Arabia,1.sa Al-Hilal,3.0,3.0,270.0,3.0,5.0,1.67,19.0,14.0,73.7,1.0,0.0,2.0,0.0,0.0,1.0,1.0,0.0,0.0,0.0,Matches,f2c060c6,270.0,3.0,0.0,0.0,0.0,0.0,0.0,0.0,0.0,0.0,0.0,31.0,0.0,14.0,5.0,19.0,73.7,0.0,0.0,0.0,0.0,0.0,0.0,0.0,0.0,0.0,10.333333333333334,0.0,4.666666666666667,0.0,Mohammed Khalil Al Owais,token-subset,0.3333333333333333,0.0,0.0,1.0,2.3333333333333335,0.0,5.0,8.0,0.0,21.333333333333332,13.333333333333334,39.956485355648496,0.3333333333333333,0.0,0.0,7.0,0.0,-0.4240974600333332,0.3333333333333333,0.0,0.0,32.666666666666664,24.666666666666668,24.666666666666668,0.5408163265306123,7.0,2.3333333333333335,0.0,0.0,0.6666666666666666,0.0,0.0,0.0,0.0,0.0,0.0,0.0,0.0,0.0,0.0,0.0,0.0,0.0,0.0,GK,0.0,0.0,0.0,0.0,0.0,0.0,0.0,0.0,1.0,0.0,4.666666666666667,1.6666666666666667,0.0,0.0,0.0,,,0.0,0.3333333333333333,0.0,90.0,1.0,1.0,0.7368421052631579,0.0,0.0,0.0,GK,GK,GK
543,Mohammed Salisu,DF,gh Ghana,23.0,1.eng Southampton,1999.0,3.0,3.0,270.0,3.0,1.0,0.0,1.0,1.0,0.0,0.0,0.0,0.0,0.33,0.0,0.33,0.33,0.33,Matches,0b33f6ad,543,Mohammed Salisu,DF,gh Ghana,1.0,2.0,1.0,50.0,0.67,0.33,0.5,1.0,0.0,0.0,Matches,0b33f6ad,543,Mohammed Salisu,DF,gh Ghana,0.0,0.0,0.0,6.0,1.0,0.0,0.0,3.0,1.0,,,0.0,Matches,0b33f6ad,,,,,,,,,,,,,,,,,,,,,,,,,,,270.0,3.0,1.0,0.0,2.0,0.0,2.0,3.0,6.0,0.0,0.0,102.0,5.0,0.0,0.0,0.0,0.0,0.0,0.3333333333333333,0.0,0.6666666666666666,0.0,0.6666666666666666,1.0,0.0,0.0,34.0,1.6666666666666667,0.0,0.0,Mohamed Salisu,last-unique,6.666666666666667,0.6666666666666666,2.0,0.0,0.0,4.666666666666667,2.6666666666666665,39.666666666666664,0.3333333333333333,0.0,0.0,0.0,11.0,12.333333333333334,0.6666666666666666,9.666666666666666,0.0,0.0,0.0,0.0,0.3333333333333333,49.666666666666664,26.666666666666668,22.333333333333332,0.7114093959731543,9.0,0.3333333333333333,0.0,0.6666666666666666,2.3333333333333335,7.333333333333333,2.6666666666666665,2.6666666666666665,0.5,1.3333333333333333,0.0,0.6666666666666666,0.14280464,0.3333333333333333,0.21420696,0.0,0.0,2.0,2.6666666666666665,CB,0.3333333333333333,0.0,0.6666666666666666,0.3333333333333333,0.0,1.0,0.3333333333333333,2.0,0.3333333333333333,0.0,,,,0.0,0.0,,,0.0,0.0,0.0,90.0,1.0,1.0,,0.5,0.5,0.0,DF,DF,CB
97,Moisés Caicedo,MF,ec Ecuador,20.0,1.eng Brighton,2001.0,3.0,3.0,269.0,3.0,1.0,0.0,1.0,1.0,0.0,0.0,1.0,0.0,0.33,0.0,0.33,0.33,0.33,Matches,16264a81,97,Moisés Caicedo,MF,ec Ecuador,1.0,3.0,1.0,33.3,1.0,0.33,0.33,1.0,0.0,0.0,Matches,16264a81,97,Moisés Caicedo,MF,ec Ecuador,1.0,0.0,0.0,4.0,5.0,0.0,0.0,2.0,3.0,,,0.0,Matches,16264a81,,,,,,,,,,,,,,,,,,,,,,,,,,,269.0,3.0,1.0,0.0,3.0,1.0,3.0,2.0,4.0,1.0,1.0,105.0,5.0,0.0,0.0,0.0,0.0,0.0,0.3333333333333333,0.0,1.0,0.3333333333333333,1.0,0.6666666666666666,0.3333333333333333,0.3333333333333333,35.0,1.6666666666666667,0.0,0.0,Moisés Isaac Caicedo Corozo,token-subset,14.333333333333334,2.0,8.0,0.0,0.0,1.0,5.333333333333333,45.0,0.3333333333333333,0.0,0.0,0.0,16.333333333333332,12.333333333333334,0.6666666666666666,6.333333333333333,0.6666666666666666,0.0,0.0,0.0,0.0,51.333333333333336,14.333333333333334,9.333333333333334,0.8311688311688312,5.666666666666667,0.0,0.0,0.3333333333333333,1.6666666666666667,1.3333333333333333,2.6666666666666665,1.3333333333333333,0.8,2.0,0.0,1.0,0.21777518299999998,0.3333333333333333,0.21777518299999998,0.0,0.0,0.6666666666666666,7.333333333333333,MF,0.3333333333333333,0.0,1.0,0.3333333333333333,0.0,0.6666666666666666,1.0,1.3333333333333333,1.6666666666666667,0.0,,,,0.0,0.0,,,0.0,0.3333333333333333,0.0,89.66666666666667,1.0,1.0,,0.3333333333333333,0.3333333333333333,1.0,MF,MF,DM
599,Montassar Talbi,DF,tn Tunisia,24.0,1.fr Lorient,1998.0,3.0,3.0,270.0,3.0,0.0,0.0,0.0,0.0,0.0,0.0,0.0,0.0,0.0,0.0,0.0,0.0,0.0,Matches,a4a44eb0,599,Montassar Talbi,DF,tn Tunisia,0.0,1.0,1.0,100.0,0.33,0.33,0.0,0.0,0.0,0.0,Matches,a4a44eb0,599,Montassar Talbi,DF,tn Tunisia,0.0,0.0,0.0,4.0,2.0,0.0,0.0,1.0,2.0,,,0.0,Matches,a4a44eb0,,,,,,,,,,,,,,,,,,,,,,,,,,,270.0,3.0,0.0,0.0,1.0,1.0,2.0,3.0,3.0,1.0,1.0,100.0,4.0,0.0,0.0,0.0,0.0,0.0,0.0,0.0,0.3333333333333333,0.3333333333333333,0.6666666666666666,1.0,0.3333333333333333,0.3333333333333333,33.333333333333336,1.3333333333333333,0.0,0.0,Montassar Omar Talbi,token-subset,8.333333333333334,0.6666666666666666,2.6666666666666665,0.0,0.0,5.333333333333333,5.333333333333333,31.666666666666668,0.3333333333333333,0.0,0.0,0.0,10.666666666666666,10.0,0.0,4.666666666666667,0.0,0.0,0.0,1.0,0.0,44.333333333333336,18.666666666666668,18.333333333333332,0.8646616541353384,4.0,2.0,0.0,0.3333333333333333,1.3333333333333333,7.0,4.0,4.0,0.5714285714285714,0.6666666666666666,0.0,0.3333333333333333,0.004053268333333333,0.3333333333333333,0.012159805,0.0,0.0,0.6666666666666666,1.6666666666666667,CB,0.0,0.0,0.3333333333333333,0.3333333333333333,0.0,0.3333333333333333,0.6666666666666666,1.3333333333333333,0.6666666666666666,0.0,,,,0.0,0.0,,,0.0,0.0,0.0,90.0,1.0,1.0,,0.0,1.0,1.0,DF,DF,CB
497,Morteza Pouraliganji,DF,ir IR Iran,30.0,1.ir Persepolis,1992.0,3.0,3.0,270.0,3.0,0.0,0.0,0.0,0.0,0.0,0.0,1.0,0.0,0.0,0.0,0.0,0.0,0.0,Matches,2c2066f4,497,Morteza Pouraliganji,DF,ir IR Iran,0.0,2.0,0.0,0.0,0.67,0.0,0.0,,0.0,0.0,Matches,2c2066f4,497,Morteza Pouraliganji,DF,ir IR Iran,1.0,0.0,0.0,5.0,1.0,0.0,2.0,6.0,2.0,,,0.0,Matches,2c2066f4,,,,,,,,,,,,,,,,,,,,,,,,,,,270.0,3.0,0.0,0.0,2.0,2.0,1.0,8.0,6.0,0.0,0.0,75.0,1.0,0.0,0.0,0.0,0.0,0.0,0.0,0.0,0.6666666666666666,0.6666666666666666,0.3333333333333333,2.6666666666666665,0.0,0.0,25.0,0.3333333333333333,0.0,0.0,Morteza Pouraliganji,exact,9.333333333333334,0.3333333333333333,3.0,0.0,0.0,1.3333333333333333,2.6666666666666665,30.333333333333332,0.3333333333333333,0.0,0.0,0.0,9.666666666666666,9.0,0.3333333333333333,3.6666666666666665,0.0,0.0,0.0,0.0,0.3333333333333333,42.666666666666664,22.666666666666668,24.0,0.7265625,3.6666666666666665,2.3333333333333335,0.6666666666666666,0.0,2.3333333333333335,3.0,1.6666666666666667,3.6666666666666665,0.7333333333333333,0.3333333333333333,0.0,0.6666666666666666,0.08961263000000001,0.0,0.134418945,0.0,0.6666666666666666,1.3333333333333333,3.0,CB,0.0,0.0,0.6666666666666666,0.0,0.6666666666666666,2.0,0.6666666666666666,1.6666666666666667,0.3333333333333333,0.0,,,,0.0,0.0,,,0.0,0.3333333333333333,0.0,90.0,1.0,1.0,,0.0,0.0,0.0,DF,DF,CB
417,Nahuel Molina,DFMF,ar Argentina,24.0,1.es Atlético Madrid,1998.0,7.0,6.0,567.0,6.3,1.0,1.0,2.0,1.0,0.0,0.0,0.0,0.0,0.16,0.16,0.32,0.16,0.32,Matches,23610943,417,Nahuel Molina,DFMF,ar Argentina,1.0,2.0,1.0,50.0,0.32,0.16,0.5,1.0,0.0,0.0,Matches,23610943,417,Nahuel Molina,DFMF,ar Argentina,0.0,0.0,0.0,3.0,0.0,1.0,6.0,3.0,4.0,,,0.0,Matches,23610943,,,,,,,,,,,,,,,,,,,,,,,,,,,567.0,6.3,1.0,1.0,2.0,6.0,1.0,9.0,2.0,3.0,1.0,238.0,12.0,0.0,0.0,0.0,0.0,0.0,0.1587301587301587,0.1587301587301587,0.3174603174603174,0.9523809523809524,0.1587301587301587,1.4285714285714286,0.4761904761904762,0.1587301587301587,37.77777777777778,1.9047619047619049,0.0,0.0,Nahuel Molina Lucero,token-subset,11.428571428571429,2.5396825396825395,4.444444444444445,0.0,0.0,0.4761904761904762,3.015873015873016,45.23809523809524,0.15873015873015872,0.0,0.0,0.0,36.19047619047619,6.984126984126984,0.0,6.34920634920635,0.15873015873015872,0.0,0.0,0.5,0.0,57.142857142857146,15.396825396825397,11.587301587301587,0.8222222222222222,5.079365079365079,0.9523809523809524,0.31746031746031744,0.15873015873015872,1.5873015873015874,1.2698412698412698,1.5873015873015874,0.0,0.0,0.6349206349206349,0.0,0.31746031746031744,0.07703483603174603,0.15873015873015872,0.2426597335,0.0,0.31746031746031744,0.7936507936507937,11.904761904761905,FB/WB,0.15873015873015872,0.15873015873015872,0.31746031746031744,0.15873015873015872,0.9523809523809524,0.4761904761904762,0.6349206349206349,0.4761904761904762,0.0,0.15873015873015872,,,,0.0,0.0,,,0.0,0.0,0.0,90.0,1.1111111111111112,0.9523809523809524,,0.5,0.5,0.33333333333333326,DF,DFMF,RB
393,Nampalys Mendy,MF,sn Senegal,29.0,1.eng Leicester City,1992.0,4.0,3.0,272.0,3.0,0.0,0.0,0.0,0.0,0.0,0.0,1.0,0.0,0.0,0.0,0.0,0.0,0.0,Matches,1598599e,393,Nampalys Mendy,MF,sn Senegal,0.0,2.0,0.0,0.0,0.66,0.0,0.0,,0.0,0.0,Matches,1598599e,393,Nampalys Mendy,MF,sn Senegal,1.0,0.0,0.0,5.0,2.0,0.0,2.0,3.0,4.0,,,0.0,Matches,1598599e,,,,,,,,,,,,,,,,,,,,,,,,,,,273.0,3.0,0.0,0.0,2.0,0.0,0.0,1.0,5.0,3.0,2.0,116.0,5.0,0.0,0.0,0.0,0.0,0.0,0.0,0.0,0.6666666666666666,0.0,0.0,0.3333333333333333,1.0,0.6666666666666666,38.66666666666666,1.6666666666666667,0.0,0.0,Nampalys Mendy,exact,13.0,1.3333333333333333,7.0,0.0,0.0,0.3333333333333333,6.333333333333333,43.333333333333336,0.0,0.0,0.0,0.0,14.333333333333334,11.333333333333334,0.0,6.666666666666667,0.0,0.0,0.0,0.0,0.0,54.0,14.666666666666666,20.666666666666668,0.8950617283950617,4.666666666666667,5.0,0.3333333333333333,0.0,1.6666666666666667,1.3333333333333333,1.6666666666666667,0.0,0.0,0.6666666666666666,0.0,0.6666666666666666,0.031123502666666664,0.0,0.046685253999999995,0.0,0.3333333333333333,0.3333333333333333,9.333333333333334,MF,0.0,0.0,0.6666666666666666,0.0,0.6666666666666666,1.0,1.3333333333333333,1.6666666666666667,0.6666666666666666,0.0,,,,0.0,0.0,,,0.0,0.3333333333333333,0.0,90.66666666666667,1.3333333333333333,1.0,,0.0,0.0,0.6666666666666666,MF,MF,DM
20,Nathan Aké,DF,nl Netherlands,27.0,1.eng Manchester City,1995.0,5.0,5.0,479.0,5.3,0.0,0.0,0.0,0.0,0.0,0.0,1.0,0.0,0.0,0.0,0.0,0.0,0.0,Matches,eaeca114,20,Nathan Aké,DF,nl Netherlands,0.0,0.0,0.0,,0.0,0.0,,,0.0,0.0,Matches,eaeca114,20,Nathan Aké,DF,nl Netherlands,1.0,0.0,0.0,4.0,6.0,0.0,0.0,8.0,3.0,,,0.0,Matches,eaeca114,,,,,,,,,,,,,,,,,,,,,,,,,,,452.0,5.0,0.0,0.0,0.0,1.0,3.0,10.0,5.0,0.0,0.0,276.0,20.0,0.0,0.0,0.0,0.0,0.0,0.0,0.0,0.0,0.2,0.6,2.0,0.0,0.0,55.2,4.0,0.0,0.0,Nathan Aké,exact,9.245283018867925,0.9433962264150944,3.207547169811321,0.0,0.0,2.452830188679245,2.2641509433962264,56.79245283018868,0.0,0.0,0.0,0.0,18.67924528301887,23.39622641509434,0.0,8.867924528301888,0.0,0.0,0.0,0.0,0.0,66.41509433962264,23.20754716981132,19.433962264150946,0.90625,7.735849056603774,1.1320754716981132,0.0,0.0,1.1320754716981132,3.207547169811321,2.6415094339622645,2.0754716981132075,0.5,0.7547169811320755,0.0,0.0,0.0,0.0,0.0,0.0,0.0,0.18867924528301888,2.0754716981132075,CB,0.0,0.0,0.0,0.0,0.0,1.509433962264151,0.5660377358490566,0.7547169811320755,1.1320754716981132,0.0,,,,0.0,0.0,,,0.0,0.18867924528301888,0.0,90.37735849056604,0.9433962264150944,0.9433962264150944,,0.0,0.0,0.0,DF,DF,CB
16,Nayef Aguerd,DF,ma Morocco,26.0,1.eng West Ham,1996.0,4.0,4.0,353.0,3.9,0.0,0.0,0.0,0.0,0.0,0.0,0.0,0.0,0.0,0.0,0.0,0.0,0.0,Matches,288e1e13,16,Nayef Aguerd,DF,ma Morocco,0.0,1.0,0.0,0.0,0.25,0.0,0.0,,0.0,0.0,Matches,288e1e13,16,Nayef Aguerd,DF,ma Morocco,0.0,0.0,0.0,2.0,0.0,1.0,0.0,3.0,2.0,,,1.0,Matches,288e1e13,,,,,,,,,,,,,,,,,,,,,,,,,,,354.0,3.9,0.0,0.0,1.0,0.0,1.0,4.0,2.0,0.0,0.0,116.0,6.0,0.0,0.0,0.0,0.0,0.0,0.0,0.0,0.2564102564102564,0.0,0.2564102564102564,1.0256410256410258,0.0,0.0,29.743589743589745,1.5384615384615383,0.0,0.0,Nayef Aguerd,exact-name,4.102564102564103,0.0,1.794871794871795,0.0,0.0,2.5641025641025643,1.5384615384615385,31.28205128205128,0.0,0.0,0.0,0.0,8.461538461538462,13.076923076923077,0.0,3.58974358974359,0.0,0.0,0.0,0.0,0.25641025641025644,39.48717948717949,16.666666666666668,15.897435897435898,0.8636363636363636,3.58974358974359,2.307692307692308,0.25641025641025644,0.0,0.5128205128205129,4.102564102564103,0.7692307692307693,1.5384615384615385,0.75,0.7692307692307693,0.0,0.25641025641025644,0.06446552564102564,0.0,0.25141555,0.0,0.25641025641025644,0.5128205128205129,0.5128205128205129,CB,0.0,0.0,0.25641025641025644,0.0,0.0,0.7692307692307693,0.5128205128205129,0.5128205128205129,0.0,0.25641025641025644,,,,0.0,0.0,,,0.25641025641025644,0.0,0.0,90.51282051282051,1.0256410256410258,1.0256410256410258,,0.0,0.0,0.0,DF,DF,CB
447,Neymar,MFFW,br Brazil,30.0,1.fr PSG,1992.0,3.0,3.0,279.0,3.1,2.0,0.0,2.0,1.0,1.0,1.0,0.0,0.0,0.65,0.0,0.65,0.32,0.32,Matches,69384e5d,447,Neymar,MFFW,br Brazil,2.0,11.0,6.0,54.5,3.55,1.94,0.09,0.17,1.0,1.0,Matches,69384e5d,447,Neymar,MFFW,br Brazil,0.0,0.0,0.0,4.0,16.0,2.0,8.0,1.0,0.0,,,0.0,Matches,69384e5d,,,,,,,,,,,,,,,,,,,,,,,,,,,249.0,2.8,2.0,0.0,12.0,2.0,0.0,0.0,4.0,21.0,10.0,169.0,8.0,0.0,0.0,0.0,0.0,0.0,0.7142857142857143,0.0,4.285714285714286,0.7142857142857143,0.0,0.0,7.500000000000001,3.571428571428572,60.35714285714286,2.857142857142857,0.0,0.0,Neymar da Silva Santos Junior,token-subset,7.741935483870967,4.193548387096774,2.5806451612903225,0.0,0.0,0.0,4.193548387096774,61.61290322580645,1.2903225806451613,0.0,0.0,0.0,24.193548387096772,18.064516129032256,0.6451612903225806,10.96774193548387,1.6129032258064515,0.0,0.0,0.0,0.0,50.32258064516129,13.548387096774194,9.67741935483871,0.7884615384615384,6.774193548387097,0.3225806451612903,1.2903225806451613,0.0,7.096774193548387,0.0,1.9354838709677418,0.3225806451612903,0.2,0.0,0.0,3.8709677419354835,0.6868573925806452,2.258064516129032,0.1223416288181818,0.0,1.2903225806451613,4.193548387096774,27.419354838709676,MF,0.6451612903225806,0.0,3.5483870967741935,1.9354838709677418,2.5806451612903225,0.3225806451612903,0.0,1.2903225806451613,5.161290322580645,0.6451612903225806,,,,0.3225806451612903,0.3225806451612903,,,0.0,0.0,0.0,90.0,0.9677419354838709,0.9677419354838709,,0.18181818181818182,0.5454545454545454,0.4761904761904762,FW,MFFW,AM
468,Nicolás Otamendi,DF,ar Argentina,34.0,1.pt Benfica,1988.0,7.0,7.0,690.0,7.7,0.0,1.0,1.0,0.0,0.0,0.0,2.0,0.0,0.0,0.13,0.13,0.0,0.13,Matches,0d267745,468,Nicolás Otamendi,DF,ar Argentina,0.0,1.0,0.0,0.0,0.13,0.0,0.0,,0.0,0.0,Matches,0d267745,468,Nicolás Otamendi,DF,ar Argentina,2.0,0.0,0.0,13.0,5.0,1.0,0.0,9.0,6.0,,,0.0,Matches,0d267745,,,,,,,,,,,,,,,,,,,,,,,,,,,630.0,7.0,0.0,1.0,1.0,1.0,1.0,10.0,13.0,0.0,0.0,445.0,15.0,0.0,0.0,0.0,0.0,0.0,0.0,0.1428571428571428,0.1428571428571428,0.1428571428571428,0.1428571428571428,1.4285714285714286,0.0,0.0,63.57142857142857,2.142857142857143,0.0,0.0,Nicolás Hernán Otamendi,token-subset,7.012987012987013,0.2597402597402597,2.3376623376623376,0.0,0.0,3.116883116883117,3.6363636363636362,61.688311688311686,0.0,0.0,0.0,0.0,12.727272727272727,17.662337662337663,0.38961038961038963,4.545454545454545,0.0,0.0,0.0,1.0,0.12987012987012986,73.37662337662337,24.155844155844154,23.246753246753247,0.9345132743362832,4.285714285714286,1.1688311688311688,0.12987012987012986,0.0,0.5194805194805194,4.415584415584416,1.0389610389610389,3.3766233766233764,0.6046511627906976,0.5194805194805194,0.0,0.12987012987012986,0.006245877402597403,0.0,0.048093256,0.0,0.12987012987012986,1.0389610389610389,1.6883116883116882,CB,0.0,0.12987012987012986,0.12987012987012986,0.0,0.0,1.1688311688311688,0.7792207792207793,1.6883116883116882,0.6493506493506493,0.12987012987012986,,,,0.0,0.0,,,0.0,0.2597402597402597,0.0,89.6103896103896,0.9090909090909091,0.9090909090909091,,0.0,0.0,0.0,DF,DF,CB
598,Nicolás Tagliafico,DF,ar Argentina,29.0,1.fr Lyon,1992.0,6.0,3.0,373.0,4.1,0.0,0.0,0.0,0.0,0.0,0.0,0.0,0.0,0.0,0.0,0.0,0.0,0.0,Matches,f0661424,598,Nicolás Tagliafico,DF,ar Argentina,0.0,3.0,2.0,66.7,0.72,0.48,0.0,0.0,0.0,0.0,Matches,f0661424,598,Nicolás Tagliafico,DF,ar Argentina,0.0,0.0,0.0,6.0,6.0,1.0,1.0,9.0,7.0,,,0.0,Matches,f0661424,,,,,,,,,,,,,,,,,,,,,,,,,,,344.0,3.8,0.0,0.0,3.0,2.0,3.0,4.0,7.0,3.0,1.0,122.0,3.0,0.0,0.0,0.0,0.0,0.0,0.0,0.0,0.7894736842105263,0.5263157894736842,0.7894736842105263,1.0526315789473684,0.7894736842105263,0.2631578947368421,32.10526315789474,0.7894736842105263,0.0,0.0,Nicolás Alejandro Tagliafico,token-subset,13.658536585365855,2.9268292682926833,5.365853658536586,0.0,0.0,1.2195121951219514,3.1707317073170733,33.65853658536586,0.24390243902439027,0.0,0.0,0.0,26.09756097560976,6.585365853658537,0.0,2.9268292682926833,0.24390243902439027,0.0,0.0,0.0,0.0,44.390243902439025,11.219512195121952,10.487804878048781,0.8406593406593407,2.682926829268293,0.0,0.48780487804878053,0.24390243902439027,1.707317073170732,2.1951219512195124,3.1707317073170733,1.9512195121951221,0.8888888888888888,1.2195121951219514,0.0,0.7317073170731708,0.2224929390243903,0.48780487804878053,0.30407368333333334,0.0,0.48780487804878053,2.1951219512195124,12.439024390243903,FB/WB,0.0,0.0,0.7317073170731708,0.48780487804878053,0.24390243902439027,2.1951219512195124,1.707317073170732,1.4634146341463417,1.4634146341463417,0.24390243902439027,,,,0.0,0.0,,,0.0,0.0,0.0,90.97560975609757,1.4634146341463417,0.7317073170731708,,0.0,0.6666666666666666,0.3333333333333333,DF,DF,LB
590,Niklas Süle,DF,de Germany,26.0,1.de Dortmund,1995.0,3.0,3.0,269.0,3.0,0.0,0.0,0.0,0.0,0.0,0.0,0.0,0.0,0.0,0.0,0.0,0.0,0.0,Matches,e33c06cf,590,Niklas Süle,DF,de Germany,0.0,1.0,0.0,0.0,0.33,0.0,0.0,,0.0,0.0,Matches,e33c06cf,590,Niklas Süle,DF,de Germany,0.0,0.0,0.0,0.0,2.0,0.0,1.0,0.0,4.0,,,0.0,Matches,e33c06cf,,,,,,,,,,,,,,,,,,,,,,,,,,,273.0,3.0,0.0,0.0,1.0,1.0,3.0,1.0,0.0,0.0,0.0,189.0,8.0,0.0,0.0,0.0,0.0,0.0,0.0,0.0,0.3333333333333333,0.3333333333333333,1.0,0.3333333333333333,0.0,0.0,63.0,2.6666666666666665,0.0,0.0,Niklas Süle,exact,8.0,1.0,4.333333333333333,0.0,0.0,1.6666666666666667,4.333333333333333,70.66666666666667,0.0,0.0,0.0,0.0,25.666666666666668,23.0,0.0,12.666666666666666,0.3333333333333333,0.0,0.0,0.0,0.0,84.0,33.333333333333336,22.0,0.9246031746031746,10.333333333333334,2.0,0.0,0.3333333333333333,1.3333333333333333,2.6666666666666665,1.3333333333333333,1.6666666666666667,0.8333333333333334,1.0,0.0,0.3333333333333333,0.025368453333333332,0.0,0.07610536,0.0,0.0,0.3333333333333333,8.666666666666666,CB,0.0,0.0,0.3333333333333333,0.0,0.3333333333333333,0.0,1.3333333333333333,0.0,0.6666666666666666,0.0,,,,0.0,0.0,,,0.0,0.0,0.0,89.66666666666667,1.0,1.0,,0.0,0.0,0.0,DF,DF,CB
400,Nikola Milenković,DF,rs Serbia,24.0,1.it Fiorentina,1997.0,3.0,3.0,270.0,3.0,0.0,0.0,0.0,0.0,0.0,0.0,2.0,0.0,0.0,0.0,0.0,0.0,0.0,Matches,bee704fc,400,Nikola Milenković,DF,rs Serbia,0.0,3.0,0.0,0.0,1.0,0.0,0.0,,0.0,0.0,Matches,bee704fc,400,Nikola Milenković,DF,rs Serbia,2.0,0.0,0.0,8.0,2.0,0.0,1.0,5.0,6.0,,,0.0,Matches,bee704fc,,,,,,,,,,,,,,,,,,,,,,,,,,,270.0,3.0,0.0,0.0,3.0,0.0,2.0,6.0,9.0,0.0,0.0,109.0,4.0,0.0,0.0,0.0,0.0,0.0,0.0,0.0,1.0,0.0,0.6666666666666666,2.0,0.0,0.0,36.333333333333336,1.3333333333333333,0.0,0.0,Nikola Milenković,exact-name,9.333333333333334,1.3333333333333333,2.3333333333333335,0.0,0.0,1.6666666666666667,2.0,40.0,0.0,0.0,0.0,0.0,21.666666666666668,10.666666666666666,0.0,5.333333333333333,0.0,0.0,0.0,0.0,0.6666666666666666,52.333333333333336,19.333333333333332,16.333333333333332,0.8662420382165605,3.6666666666666665,1.6666666666666667,0.0,0.0,0.0,4.0,2.6666666666666665,3.6666666666666665,0.8461538461538461,1.6666666666666667,0.0,1.0,0.04105469233333333,0.0,0.04105469233333333,0.0,0.0,0.6666666666666666,4.0,CB,0.0,0.0,1.0,0.0,0.3333333333333333,1.6666666666666667,2.0,2.6666666666666665,0.6666666666666666,0.0,,,,0.0,0.0,,,0.0,0.6666666666666666,0.0,90.0,1.0,1.0,,0.0,0.0,0.0,DF,DF,CB
613,Nouhou Tolo,DF,cm Cameroon,24.0,1.us Seattle Sounders,1997.0,3.0,3.0,270.0,3.0,0.0,0.0,0.0,0.0,0.0,0.0,1.0,0.0,0.0,0.0,0.0,0.0,0.0,Matches,0796512f,613,Nouhou Tolo,DF,cm Cameroon,0.0,0.0,0.0,,0.0,0.0,,,0.0,0.0,Matches,0796512f,613,Nouhou Tolo,DF,cm Cameroon,1.0,0.0,0.0,3.0,1.0,0.0,7.0,6.0,6.0,,,0.0,Matches,0796512f,,,,,,,,,,,,,,,,,,,,,,,,,,,270.0,3.0,0.0,0.0,0.0,4.0,3.0,9.0,3.0,2.0,1.0,58.0,5.0,0.0,0.0,0.0,0.0,0.0,0.0,0.0,0.0,1.3333333333333333,1.0,3.0,0.6666666666666666,0.3333333333333333,19.33333333333333,1.6666666666666667,0.0,0.0,Nouhou Tolo,exact,12.666666666666666,2.0,4.0,0.0,0.0,1.3333333333333333,2.6666666666666665,23.666666666666668,0.0,0.0,0.0,0.0,15.666666666666666,5.666666666666667,0.0,4.333333333333333,0.0,0.0,0.0,0.25,0.0,35.333333333333336,13.0,12.666666666666666,0.7641509433962265,4.333333333333333,1.0,0.0,0.0,2.6666666666666665,2.6666666666666665,2.3333333333333335,2.0,0.6,1.3333333333333333,0.0,0.0,0.0,0.0,0.0,0.0,0.0,0.6666666666666666,6.666666666666667,FB/WB,0.0,0.0,0.0,0.0,2.3333333333333335,2.0,2.0,1.0,0.3333333333333333,0.0,,,,0.0,0.0,,,0.0,0.3333333333333333,0.0,90.0,1.0,1.0,,0.0,0.0,0.5,DF,DF,LB
383,Noussair Mazraoui,DF,ma Morocco,24.0,1.de Bayern Munich,1997.0,5.0,5.0,365.0,4.1,0.0,0.0,0.0,0.0,0.0,0.0,0.0,0.0,0.0,0.0,0.0,0.0,0.0,Matches,b74277a0,383,Noussair Mazraoui,DF,ma Morocco,0.0,4.0,2.0,50.0,0.99,0.49,0.0,0.0,0.0,0.0,Matches,b74277a0,383,Noussair Mazraoui,DF,ma Morocco,0.0,0.0,0.0,3.0,1.0,1.0,2.0,1.0,9.0,,,0.0,Matches,b74277a0,,,,,,,,,,,,,,,,,,,,,,,,,,,366.0,4.1,0.0,0.0,4.0,2.0,3.0,1.0,3.0,2.0,0.0,85.0,3.0,0.0,0.0,0.0,0.0,0.0,0.0,0.0,0.9756097560975612,0.4878048780487805,0.7317073170731708,0.2439024390243902,0.4878048780487805,0.0,20.731707317073173,0.7317073170731708,0.0,0.0,Noussair Mazraoui,exact,10.731707317073171,1.2195121951219514,4.634146341463415,0.0,0.0,1.707317073170732,3.414634146341464,22.439024390243905,0.24390243902439027,0.0,0.0,0.0,17.073170731707318,3.9024390243902443,0.0,2.1951219512195124,0.0,0.0,0.0,0.5,0.24390243902439027,29.512195121951223,10.487804878048781,9.756097560975611,0.8512396694214877,1.707317073170732,0.7317073170731708,0.24390243902439027,0.0,0.7317073170731708,3.9024390243902443,2.439024390243903,0.48780487804878053,0.4,1.9512195121951221,0.0,0.9756097560975611,0.03691279731707318,0.48780487804878053,0.03783561725,0.0,0.24390243902439027,0.24390243902439027,4.878048780487806,FB/WB,0.0,0.0,0.9756097560975611,0.48780487804878053,0.48780487804878053,0.24390243902439027,2.1951219512195124,0.7317073170731708,0.24390243902439027,0.24390243902439027,,,,0.0,0.0,,,0.0,0.0,0.0,89.02439024390245,1.2195121951219514,1.2195121951219514,,0.0,0.5,0.0,DF,DF,LB
214,Olivier Giroud,FW,fr France,35.0,1.it Milan,1986.0,6.0,6.0,419.0,4.7,4.0,0.0,4.0,4.0,0.0,0.0,1.0,0.0,0.86,0.0,0.86,0.86,0.86,Matches,16ceb862,214,Olivier Giroud,FW,fr France,4.0,16.0,6.0,37.5,3.44,1.29,0.25,0.67,0.0,0.0,Matches,16ceb862,214,Olivier Giroud,FW,fr France,1.0,0.0,0.0,2.0,4.0,3.0,0.0,1.0,0.0,,,0.0,Matches,16ceb862,,,,,,,,,,,,,,,,,,,,,,,,,,,419.0,4.7,4.0,0.0,17.0,0.0,0.0,1.0,4.0,0.0,0.0,37.0,2.0,0.0,0.0,0.0,0.0,0.0,0.851063829787234,0.0,3.617021276595744,0.0,0.0,0.2127659574468085,0.0,0.0,7.872340425531915,0.425531914893617,0.0,0.0,Olivier Giroud,exact,12.76595744680851,5.957446808510638,5.74468085106383,0.0,0.0,0.6382978723404255,0.6382978723404255,27.659574468085104,1.4893617021276595,0.0,0.0,0.0,7.872340425531915,6.595744680851063,0.851063829787234,3.404255319148936,0.2127659574468085,0.0,0.0,0.0,1.702127659574468,15.957446808510637,4.25531914893617,4.25531914893617,0.6533333333333333,3.1914893617021276,0.2127659574468085,0.425531914893617,0.2127659574468085,0.851063829787234,1.0638297872340425,0.6382978723404255,3.829787234042553,0.4864864864864865,0.0,0.0,3.6170212765957444,0.6459479302127661,1.276595744680851,0.17858560423529415,0.425531914893617,0.425531914893617,5.531914893617021,12.127659574468085,ST,0.851063829787234,0.0,3.404255319148936,1.276595744680851,0.0,0.2127659574468085,0.0,0.425531914893617,0.851063829787234,0.6382978723404255,,,,0.0,0.0,,,0.0,0.2127659574468085,0.0,89.14893617021276,1.276595744680851,1.276595744680851,,0.25,0.375,0.0,FW,FW,ST
167,Óscar Duarte,DF,cr Costa Rica,33.0,1.sa Al-Wehda,1989.0,3.0,3.0,270.0,3.0,0.0,0.0,0.0,0.0,0.0,0.0,1.0,0.0,0.0,0.0,0.0,0.0,0.0,Matches,aa0ac32d,167,Óscar Duarte,DF,cr Costa Rica,0.0,0.0,0.0,,0.0,0.0,,,0.0,0.0,Matches,aa0ac32d,167,Óscar Duarte,DF,cr Costa Rica,1.0,0.0,0.0,1.0,0.0,0.0,0.0,7.0,2.0,,,0.0,Matches,aa0ac32d,,,,,,,,,,,,,,,,,,,,,,,,,,,270.0,3.0,0.0,0.0,0.0,0.0,0.0,4.0,4.0,0.0,0.0,63.0,1.0,0.0,0.0,0.0,0.0,0.0,0.0,0.0,0.0,0.0,0.0,1.3333333333333333,0.0,0.0,21.0,0.3333333333333333,0.0,0.0,Óscar Esau Duarte Gaitán,token-subset,9.0,0.3333333333333333,2.3333333333333335,0.0,0.0,1.0,3.6666666666666665,23.333333333333332,0.0,0.0,0.0,0.0,3.3333333333333335,6.333333333333333,0.0,4.333333333333333,0.0,0.0,0.0,0.0,0.0,32.333333333333336,14.666666666666666,18.666666666666668,0.7010309278350515,4.333333333333333,1.0,0.3333333333333333,0.6666666666666666,1.3333333333333333,5.333333333333333,2.0,0.6666666666666666,0.5,1.0,0.0,0.0,0.0,0.0,0.0,0.0,0.3333333333333333,0.0,0.3333333333333333,CB,0.0,0.0,0.0,0.0,0.0,2.3333333333333335,0.6666666666666666,0.3333333333333333,0.0,0.0,,,,0.0,0.0,,,0.0,0.3333333333333333,0.0,90.0,1.0,1.0,,0.0,0.0,0.0,DF,DF,CB
150,Ousmane Dembélé,MFFW,fr France,25.0,1.es Barcelona,1997.0,7.0,6.0,433.0,4.8,0.0,2.0,2.0,0.0,0.0,0.0,1.0,0.0,0.0,0.42,0.42,0.0,0.42,Matches,b19db005,150,Ousmane Dembélé,MFFW,fr France,0.0,8.0,2.0,25.0,1.66,0.42,0.0,0.0,0.0,0.0,Matches,b19db005,150,Ousmane Dembélé,MFFW,fr France,1.0,0.0,0.0,6.0,3.0,2.0,19.0,3.0,6.0,,,0.0,Matches,b19db005,,,,,,,,,,,,,,,,,,,,,,,,,,,433.0,4.8,0.0,2.0,8.0,20.0,2.0,3.0,8.0,18.0,8.0,193.0,22.0,0.0,0.0,0.0,0.0,0.0,0.0,0.4166666666666667,1.6666666666666667,4.166666666666667,0.4166666666666667,0.625,3.75,1.6666666666666667,40.208333333333336,4.583333333333334,0.0,0.0,Ousmane Dembélé,exact,18.75,5.0,9.166666666666668,0.0,0.0,0.0,4.583333333333334,44.16666666666667,0.4166666666666667,0.0,0.0,0.0,34.16666666666667,5.833333333333334,0.0,6.875,1.4583333333333335,0.0,0.0,0.5,0.0,39.79166666666667,7.083333333333334,11.25,0.7801047120418848,1.875,1.25,2.0833333333333335,0.20833333333333334,6.875,0.0,0.8333333333333334,0.625,0.5,0.8333333333333334,0.0,1.6666666666666667,0.075514029375,0.4166666666666667,0.045308417625,0.0,2.0833333333333335,2.7083333333333335,23.333333333333336,Wide,0.0,0.4166666666666667,1.6666666666666667,0.4166666666666667,3.9583333333333335,0.625,1.25,1.25,0.625,0.4166666666666667,,,,0.0,0.0,,,0.0,0.20833333333333334,0.0,90.20833333333334,1.4583333333333335,1.25,,0.0,0.25,0.4444444444444445,FW,MFFW,RW
483,Pedri,MF,es Spain,19.0,1.es Barcelona,2002.0,4.0,4.0,356.0,4.0,0.0,0.0,0.0,0.0,0.0,0.0,0.0,0.0,0.0,0.0,0.0,0.0,0.0,Matches,0d9b2d31,483,Pedri,MF,es Spain,0.0,0.0,0.0,,0.0,0.0,,,0.0,0.0,Matches,0d9b2d31,483,Pedri,MF,es Spain,0.0,0.0,0.0,2.0,3.0,0.0,2.0,4.0,2.0,,,0.0,Matches,0d9b2d31,,,,,,,,,,,,,,,,,,,,,,,,,,,326.0,3.6,0.0,0.0,0.0,0.0,2.0,6.0,2.0,10.0,5.0,389.0,10.0,0.0,0.0,0.0,0.0,0.0,0.0,0.0,0.0,0.0,0.5555555555555556,1.6666666666666663,2.7777777777777777,1.3888888888888888,108.05555555555556,2.7777777777777777,0.0,0.0,Pedro González López,nickname,13.5,3.75,5.0,0.0,0.0,0.0,7.25,104.75,0.0,0.0,0.0,0.0,39.5,38.5,0.0,21.0,0.25,0.0,0.0,0.0,0.0,106.5,28.5,31.25,0.9272300469483568,17.25,2.5,1.25,0.5,4.0,0.25,1.5,0.75,0.6,1.0,0.0,0.0,0.0,0.0,0.0,0.0,1.25,0.25,28.75,MF,0.0,0.0,0.0,0.0,0.5,1.0,0.5,0.5,0.75,0.0,,,,0.0,0.0,,,0.0,0.0,0.0,89.0,1.0,1.0,,0.0,0.0,0.5,MF,MF,CM
486,Pepe,DF,pt Portugal,39.0,1.pt Porto,1983.0,4.0,4.0,360.0,4.0,1.0,0.0,1.0,1.0,0.0,0.0,0.0,0.0,0.25,0.0,0.25,0.25,0.25,Matches,c906ce0f,486,Pepe,DF,pt Portugal,1.0,3.0,1.0,33.3,0.75,0.25,0.33,1.0,0.0,0.0,Matches,c906ce0f,486,Pepe,DF,pt Portugal,0.0,0.0,0.0,3.0,5.0,1.0,1.0,6.0,0.0,,,0.0,Matches,c906ce0f,,,,,,,,,,,,,,,,,,,,,,,,,,,360.0,4.0,1.0,0.0,3.0,2.0,1.0,3.0,3.0,1.0,1.0,235.0,5.0,0.0,0.0,0.0,0.0,0.0,0.25,0.0,0.75,0.5,0.25,0.75,0.25,0.25,58.75,1.25,0.0,0.0,Kléper Laveran Lima Ferreira,nickname,4.5,0.25,2.25,0.0,0.0,2.0,4.5,61.25,0.0,0.0,0.0,0.0,18.5,13.75,0.5,11.25,0.0,0.0,0.0,0.5,0.75,73.75,29.75,28.0,0.8542372881355932,10.75,2.0,0.0,0.75,1.5,4.75,1.0,2.0,0.5714285714285714,0.25,0.0,0.75,0.0837660625,0.25,0.11168808333333334,0.25,0.0,1.5,2.5,CB,0.25,0.0,0.75,0.25,0.25,1.5,0.0,0.75,1.25,0.25,,,,0.0,0.0,,,0.0,0.0,0.0,90.0,1.0,1.0,,0.3333333333333333,0.3333333333333333,1.0,DF,DF,CB
179,Pervis Estupiñán,DFMF,ec Ecuador,24.0,1.eng Brighton,1998.0,3.0,3.0,270.0,3.0,0.0,0.0,0.0,0.0,0.0,0.0,0.0,0.0,0.0,0.0,0.0,0.0,0.0,Matches,d38fdf53,179,Pervis Estupiñán,DFMF,ec Ecuador,0.0,1.0,1.0,100.0,0.33,0.33,0.0,0.0,0.0,0.0,Matches,d38fdf53,179,Pervis Estupiñán,DFMF,ec Ecuador,0.0,0.0,0.0,8.0,3.0,2.0,20.0,3.0,4.0,,,0.0,Matches,d38fdf53,,,,,,,,,,,,,,,,,,,,,,,,,,,270.0,3.0,0.0,0.0,2.0,10.0,2.0,5.0,7.0,8.0,3.0,133.0,8.0,0.0,0.0,0.0,0.0,0.0,0.0,0.0,0.6666666666666666,3.333333333333333,0.6666666666666666,1.6666666666666667,2.6666666666666665,1.0,44.333333333333336,2.6666666666666665,0.0,0.0,Pervis Josué Estupiñán Tenorio,token-subset,12.0,1.3333333333333333,4.333333333333333,0.0,0.0,0.6666666666666666,5.666666666666667,49.333333333333336,0.0,0.0,0.0,0.0,38.666666666666664,6.333333333333333,0.0,8.666666666666666,0.3333333333333333,0.0,0.0,0.5,0.0,62.333333333333336,20.0,20.333333333333332,0.7807486631016043,6.666666666666667,2.0,1.3333333333333333,0.0,8.666666666666666,1.3333333333333333,2.6666666666666665,1.3333333333333333,0.5714285714285714,1.3333333333333333,0.0,0.6666666666666666,0.09002422333333333,0.3333333333333333,0.135036335,0.0,1.3333333333333333,3.6666666666666665,14.0,FB/WB,0.0,0.0,0.3333333333333333,0.3333333333333333,6.666666666666667,1.0,1.3333333333333333,2.6666666666666665,1.0,0.6666666666666666,,,,0.0,0.0,,,0.0,0.0,0.0,90.0,1.0,1.0,,0.0,1.0,0.375,DF,DFMF,LB
258,Piero Hincapié,DF,ec Ecuador,20.0,1.de Leverkusen,2002.0,3.0,3.0,270.0,3.0,0.0,0.0,0.0,0.0,0.0,0.0,0.0,0.0,0.0,0.0,0.0,0.0,0.0,Matches,0c7a48f8,258,Piero Hincapié,DF,ec Ecuador,0.0,0.0,0.0,,0.0,0.0,,,0.0,0.0,Matches,0c7a48f8,258,Piero Hincapié,DF,ec Ecuador,0.0,0.0,0.0,5.0,1.0,0.0,1.0,2.0,4.0,,,0.0,Matches,0c7a48f8,,,,,,,,,,,,,,,,,,,,,,,,,,,270.0,3.0,0.0,0.0,0.0,1.0,1.0,5.0,5.0,0.0,0.0,151.0,2.0,0.0,0.0,0.0,0.0,0.0,0.0,0.0,0.0,0.3333333333333333,0.3333333333333333,1.6666666666666667,0.0,0.0,50.333333333333336,0.6666666666666666,0.0,0.0,Piero Martín Hincapié Reyna,token-subset,11.0,0.3333333333333333,4.0,0.0,0.0,2.3333333333333335,2.6666666666666665,56.666666666666664,0.0,0.0,0.0,0.0,22.666666666666668,18.0,0.0,6.666666666666667,0.0,0.0,0.0,0.0,0.0,66.33333333333333,24.333333333333332,28.666666666666668,0.8592964824120602,5.666666666666667,3.0,0.0,0.0,1.6666666666666667,3.3333333333333335,1.3333333333333333,3.0,0.8181818181818182,1.0,0.0,0.0,0.0,0.0,0.0,0.0,0.0,0.0,1.0,CB,0.0,0.0,0.0,0.0,0.3333333333333333,0.6666666666666666,1.3333333333333333,1.6666666666666667,0.3333333333333333,0.0,,,,0.0,0.0,,,0.0,0.0,0.0,90.0,1.0,1.0,,0.0,0.0,0.0,DF,DF,CB
267,Pierre Højbjerg,MF,dk Denmark,26.0,1.eng Tottenham,1995.0,3.0,3.0,270.0,3.0,0.0,0.0,0.0,0.0,0.0,0.0,0.0,0.0,0.0,0.0,0.0,0.0,0.0,Matches,8b04d6c1,267,Pierre Højbjerg,MF,dk Denmark,0.0,2.0,1.0,50.0,0.67,0.33,0.0,0.0,0.0,0.0,Matches,8b04d6c1,267,Pierre Højbjerg,MF,dk Denmark,0.0,0.0,0.0,0.0,1.0,0.0,1.0,4.0,2.0,,,0.0,Matches,8b04d6c1,,,,,,,,,,,,,,,,,,,,,,,,,,,270.0,3.0,0.0,0.0,2.0,1.0,5.0,2.0,0.0,2.0,1.0,195.0,3.0,0.0,0.0,0.0,0.0,0.0,0.0,0.0,0.6666666666666666,0.3333333333333333,1.6666666666666667,0.6666666666666666,0.6666666666666666,0.3333333333333333,65.0,1.0,0.0,0.0,Pierre-Emile Højbjerg,token-subset,9.333333333333334,0.3333333333333333,3.6666666666666665,0.0,0.0,1.0,6.333333333333333,63.0,0.3333333333333333,0.0,0.0,0.0,17.333333333333332,14.333333333333334,0.0,11.0,0.3333333333333333,0.0,0.0,0.0,0.0,74.66666666666667,26.333333333333332,24.666666666666668,0.8928571428571429,10.0,4.333333333333333,0.3333333333333333,0.3333333333333333,1.3333333333333333,2.0,2.0,0.0,0.0,2.3333333333333335,0.0,0.6666666666666666,0.007954214,0.3333333333333333,0.011931321,0.0,0.3333333333333333,0.0,9.0,MF,0.0,0.0,0.6666666666666666,0.3333333333333333,0.3333333333333333,1.3333333333333333,0.6666666666666666,0.0,0.3333333333333333,0.0,,,,0.0,0.0,,,0.0,0.0,0.0,90.0,1.0,1.0,,0.0,0.5,0.5,MF,MF,DM
676,Piotr Zieliński,MF,pl Poland,28.0,1.it Napoli,1994.0,4.0,4.0,328.0,3.6,1.0,0.0,1.0,1.0,0.0,0.0,0.0,0.0,0.27,0.0,0.27,0.27,0.27,Matches,a5296e55,676,Piotr Zieliński,MF,pl Poland,1.0,3.0,2.0,66.7,0.82,0.55,0.33,0.5,0.0,0.0,Matches,a5296e55,676,Piotr Zieliński,MF,pl Poland,0.0,0.0,0.0,4.0,2.0,0.0,16.0,1.0,5.0,,,0.0,Matches,a5296e55,,,,,,,,,,,,,,,,,,,,,,,,,,,329.0,3.7,1.0,0.0,3.0,5.0,0.0,2.0,3.0,4.0,3.0,102.0,7.0,0.0,0.0,0.0,0.0,0.0,0.2702702702702702,0.0,0.8108108108108107,1.351351351351351,0.0,0.5405405405405405,1.081081081081081,0.8108108108108107,27.567567567567565,1.891891891891892,0.0,0.0,Piotr Zieliński,exact,13.055555555555555,3.333333333333333,6.111111111111111,0.0,0.0,0.5555555555555556,4.166666666666667,37.77777777777778,0.8333333333333333,0.0,0.0,0.0,15.833333333333332,6.944444444444445,0.0,8.055555555555555,0.0,0.0,0.0,0.8,0.0,42.5,13.61111111111111,13.61111111111111,0.8104575163398693,7.222222222222222,2.2222222222222223,1.9444444444444444,0.0,5.555555555555555,1.1111111111111112,1.1111111111111112,0.5555555555555556,0.5,1.1111111111111112,0.0,0.8333333333333333,0.16219299444444446,0.5555555555555556,0.19463159333333335,0.0,1.9444444444444444,1.6666666666666665,12.222222222222221,MF,0.2777777777777778,0.0,0.8333333333333333,0.5555555555555556,4.444444444444445,0.2777777777777778,1.3888888888888888,1.1111111111111112,0.5555555555555556,0.0,,,,0.0,0.0,,,0.0,0.0,0.0,91.11111111111111,1.1111111111111112,1.1111111111111112,,0.3333333333333333,0.6666666666666666,0.75,MF,MF,CM
233,Raphaël Guerreiro,DF,pt Portugal,28.0,1.de Dortmund,1993.0,4.0,3.0,279.0,3.1,1.0,2.0,3.0,1.0,0.0,0.0,0.0,0.0,0.32,0.65,0.97,0.32,0.97,Matches,048a1cbc,233,Raphaël Guerreiro,DF,pt Portugal,1.0,3.0,1.0,33.3,0.97,0.32,0.33,1.0,0.0,0.0,Matches,048a1cbc,233,Raphaël Guerreiro,DF,pt Portugal,0.0,0.0,0.0,2.0,1.0,0.0,14.0,3.0,2.0,,,0.0,Matches,048a1cbc,,,,,,,,,,,,,,,,,,,,,,,,,,,279.0,3.1,1.0,2.0,3.0,12.0,0.0,2.0,2.0,1.0,0.0,120.0,8.0,0.0,0.0,0.0,0.0,0.0,0.3225806451612903,0.6451612903225806,0.9677419354838708,3.870967741935484,0.0,0.6451612903225806,0.3225806451612903,0.0,38.70967741935484,2.5806451612903225,0.0,0.0,Raphaël Adelino José Guerreiro,token-subset,8.387096774193548,1.9354838709677418,3.225806451612903,0.0,0.0,0.9677419354838709,2.903225806451613,48.70967741935484,0.3225806451612903,0.0,0.0,0.0,39.03225806451613,7.096774193548387,0.0,7.419354838709677,0.6451612903225806,0.0,0.0,0.16666666666666666,0.0,61.61290322580645,14.516129032258064,15.483870967741934,0.8534031413612565,3.5483870967741935,0.6451612903225806,1.2903225806451613,0.0,4.516129032258064,0.9677419354838709,1.6129032258064515,0.6451612903225806,0.6666666666666666,0.3225806451612903,0.0,0.9677419354838709,0.12888026387096774,0.3225806451612903,0.13317627266666668,0.0,1.2903225806451613,1.9354838709677418,17.741935483870968,FB/WB,0.3225806451612903,0.6451612903225806,0.9677419354838709,0.3225806451612903,4.516129032258064,0.9677419354838709,0.6451612903225806,0.6451612903225806,0.3225806451612903,0.0,,,,0.0,0.0,,,0.0,0.0,0.0,90.0,1.2903225806451613,0.9677419354838709,,0.3333333333333333,0.3333333333333333,0.0,DF,DF,LB
629,Raphaël Varane,DF,fr France,29.0,1.eng Manchester Utd,1993.0,6.0,6.0,518.0,5.8,0.0,0.0,0.0,0.0,0.0,0.0,0.0,0.0,0.0,0.0,0.0,0.0,0.0,Matches,9f8e9423,629,Raphaël Varane,DF,fr France,0.0,3.0,0.0,0.0,0.52,0.0,0.0,,0.0,0.0,Matches,9f8e9423,629,Raphaël Varane,DF,fr France,0.0,0.0,0.0,1.0,1.0,1.0,1.0,5.0,0.0,,,0.0,Matches,9f8e9423,,,,,,,,,,,,,,,,,,,,,,,,,,,517.0,5.7,0.0,0.0,3.0,0.0,0.0,6.0,1.0,1.0,1.0,218.0,23.0,0.0,0.0,0.0,0.0,0.0,0.0,0.0,0.5263157894736842,0.0,0.0,1.0526315789473684,0.175438596491228,0.175438596491228,38.24561403508772,4.035087719298246,0.0,0.0,Raphaël Varane,exact-name,2.7586206896551726,0.5172413793103449,0.6896551724137931,0.0,0.0,1.206896551724138,1.7241379310344829,41.55172413793104,0.1724137931034483,0.0,0.0,0.0,4.482758620689656,13.965517241379311,0.1724137931034483,5.0,0.0,0.0,0.0,0.0,0.3448275862068966,48.275862068965516,16.03448275862069,17.24137931034483,0.8964285714285715,4.482758620689656,1.0344827586206897,0.0,0.0,0.6896551724137931,3.2758620689655173,1.206896551724138,0.8620689655172414,0.45454545454545453,0.1724137931034483,0.0,0.5172413793103449,0.045586353448275864,0.0,0.08813361666666668,0.0,0.0,0.8620689655172414,1.5517241379310345,CB,0.0,0.0,0.5172413793103449,0.0,0.1724137931034483,0.8620689655172414,0.0,0.1724137931034483,0.1724137931034483,0.1724137931034483,,,,0.0,0.0,,,0.0,0.0,0.0,89.3103448275862,1.0344827586206897,1.0344827586206897,,0.0,0.0,1.0,DF,DF,CB
505,Raphinha,FWMF,br Brazil,25.0,1.es Barcelona,1996.0,5.0,4.0,315.0,3.5,0.0,1.0,1.0,0.0,0.0,0.0,0.0,0.0,0.0,0.29,0.29,0.0,0.29,Matches,3423f250,505,Raphinha,FWMF,br Brazil,0.0,8.0,6.0,75.0,2.29,1.71,0.0,0.0,0.0,0.0,Matches,3423f250,505,Raphinha,FWMF,br Brazil,0.0,0.0,0.0,2.0,5.0,0.0,22.0,3.0,6.0,,,0.0,Matches,3423f250,,,,,,,,,,,,,,,,,,,,,,,,,,,315.0,3.5,0.0,0.0,8.0,13.0,2.0,2.0,2.0,11.0,7.0,148.0,14.0,0.0,0.0,0.0,0.0,0.0,0.0,0.0,2.2857142857142856,3.7142857142857135,0.5714285714285714,0.5714285714285714,3.142857142857143,2.0,42.285714285714285,4.0,0.0,0.0,Raphael Dias Belloli,nickname,14.571428571428571,6.285714285714286,6.0,0.0,0.0,0.0,4.857142857142857,49.714285714285715,0.0,0.0,0.0,0.0,34.0,10.857142857142858,0.2857142857142857,4.571428571428571,3.142857142857143,0.0,0.0,0.23076923076923078,0.0,42.857142857142854,8.285714285714286,13.428571428571429,0.7666666666666667,1.4285714285714286,1.1428571428571428,2.2857142857142856,0.0,10.285714285714286,0.2857142857142857,1.1428571428571428,0.0,0.0,1.1428571428571428,0.0,2.2857142857142856,0.2636944745714285,1.7142857142857142,0.11536633262499998,0.0,2.2857142857142856,4.571428571428571,28.857142857142858,Wide,0.0,0.2857142857142857,2.2857142857142856,1.7142857142857142,6.285714285714286,0.8571428571428571,1.7142857142857142,0.5714285714285714,1.4285714285714286,0.0,,,,0.0,0.0,,,0.0,0.0,0.0,90.0,1.4285714285714286,1.1428571428571428,,0.0,0.75,0.6363636363636364,FW,FWMF,RW
201,Remo Freuler,MF,ch Switzerland,30.0,1.eng Nottingham,1992.0,4.0,4.0,323.0,3.6,1.0,0.0,1.0,1.0,0.0,0.0,0.0,0.0,0.28,0.0,0.28,0.28,0.28,Matches,98d2c2c4,201,Remo Freuler,MF,ch Switzerland,1.0,3.0,2.0,66.7,0.84,0.56,0.33,0.5,0.0,0.0,Matches,98d2c2c4,201,Remo Freuler,MF,ch Switzerland,0.0,0.0,0.0,6.0,2.0,0.0,0.0,3.0,5.0,,,0.0,Matches,98d2c2c4,,,,,,,,,,,,,,,,,,,,,,,,,,,323.0,3.6,1.0,0.0,3.0,1.0,1.0,6.0,7.0,4.0,1.0,113.0,5.0,0.0,0.0,0.0,0.0,0.0,0.2777777777777778,0.0,0.8333333333333333,0.2777777777777778,0.2777777777777778,1.6666666666666663,1.1111111111111112,0.2777777777777778,31.38888888888889,1.3888888888888888,0.0,0.0,Remo Freuler,exact,16.666666666666668,2.2222222222222223,8.88888888888889,0.0,0.0,1.1111111111111112,4.722222222222222,37.77777777777778,0.5555555555555556,0.0,0.0,0.0,17.5,7.777777777777778,0.0,5.277777777777778,0.2777777777777778,0.0,0.0,0.0,0.2777777777777778,41.388888888888886,10.0,10.0,0.8456375838926175,5.0,0.5555555555555556,0.0,0.0,0.5555555555555556,2.2222222222222223,1.1111111111111112,1.3888888888888888,0.625,0.8333333333333333,0.0,0.8333333333333333,0.15133192222222222,0.5555555555555556,0.18159830666666665,0.0,0.0,0.8333333333333333,9.444444444444445,MF,0.2777777777777778,0.0,0.8333333333333333,0.5555555555555556,0.0,0.8333333333333333,1.3888888888888888,1.6666666666666665,0.5555555555555556,0.0,,,,0.0,0.0,,,0.0,0.0,0.0,89.72222222222221,1.1111111111111112,1.1111111111111112,,0.3333333333333333,0.6666666666666666,0.25,MF,MF,DM
526,Ricardo Rodríguez,DF,ch Switzerland,29.0,1.it Torino,1992.0,4.0,4.0,359.0,4.0,0.0,0.0,0.0,0.0,0.0,0.0,0.0,0.0,0.0,0.0,0.0,0.0,0.0,Matches,7f78ad23,526,Ricardo Rodríguez,DF,ch Switzerland,0.0,0.0,0.0,,0.0,0.0,,,0.0,0.0,Matches,7f78ad23,526,Ricardo Rodríguez,DF,ch Switzerland,0.0,0.0,0.0,6.0,2.0,0.0,12.0,0.0,2.0,,,0.0,Matches,7f78ad23,,,,,,,,,,,,,,,,,,,,,,,,,,,359.0,4.0,0.0,0.0,0.0,7.0,1.0,1.0,6.0,1.0,0.0,158.0,9.0,0.0,0.0,0.0,0.0,0.0,0.0,0.0,0.0,1.75,0.25,0.25,0.25,0.0,39.5,2.25,0.0,0.0,Ricardo Iván Rodríguez Araya,token-subset,6.5,1.5,2.0,0.0,0.0,1.5,3.0,42.25,0.0,0.0,0.0,0.0,33.25,6.25,0.25,8.5,0.25,0.0,0.0,0.0,0.0,56.75,19.75,19.5,0.7577092511013216,7.25,1.5,0.5,0.25,4.25,3.0,1.5,3.75,0.8333333333333334,0.5,0.0,0.0,0.0,0.0,0.0,0.0,0.5,0.5,10.5,FB/WB,0.0,0.0,0.0,0.0,3.0,0.0,0.5,1.5,0.5,0.0,,,,0.0,0.0,,,0.0,0.0,0.0,89.75,1.0,1.0,,0.0,0.0,0.0,DF,DF,LB
515,Richarlison,FW,br Brazil,25.0,1.eng Tottenham,1997.0,4.0,4.0,323.0,3.6,3.0,0.0,3.0,3.0,0.0,0.0,0.0,0.0,0.84,0.0,0.84,0.84,0.84,Matches,fa031b34,515,Richarlison,FW,br Brazil,3.0,8.0,4.0,50.0,2.23,1.11,0.38,0.75,0.0,0.0,Matches,fa031b34,515,Richarlison,FW,br Brazil,0.0,0.0,0.0,5.0,6.0,1.0,2.0,1.0,2.0,,,0.0,Matches,fa031b34,,,,,,,,,,,,,,,,,,,,,,,,,,,323.0,3.6,3.0,0.0,8.0,3.0,0.0,1.0,6.0,7.0,2.0,66.0,6.0,0.0,0.0,0.0,0.0,0.0,0.8333333333333333,0.0,2.2222222222222223,0.8333333333333333,0.0,0.2777777777777778,1.9444444444444444,0.5555555555555556,18.33333333333333,1.6666666666666663,0.0,0.0,Richarlison de Andrade,token-subset,16.38888888888889,9.444444444444445,5.833333333333333,0.0,0.0,1.1111111111111112,5.0,30.0,0.5555555555555556,0.0,0.0,0.0,6.666666666666666,6.944444444444445,0.2777777777777778,1.9444444444444444,1.1111111111111112,0.0,0.0,0.0,0.5555555555555556,15.0,2.2222222222222223,1.6666666666666665,0.7222222222222222,0.8333333333333333,0.2777777777777778,1.3888888888888888,0.2777777777777778,2.7777777777777777,1.1111111111111112,1.6666666666666665,0.2777777777777778,0.09090909090909091,0.5555555555555556,0.0,2.2222222222222223,0.44934975611111105,1.1111111111111112,0.20220739024999998,0.0,1.3888888888888888,8.055555555555555,19.444444444444443,ST,0.8333333333333333,0.0,2.2222222222222223,1.1111111111111112,0.5555555555555556,0.2777777777777778,0.5555555555555556,1.3888888888888888,1.6666666666666665,0.2777777777777778,,,,0.0,0.0,,,0.0,0.0,0.0,89.72222222222221,1.1111111111111112,1.1111111111111112,,0.375,0.5,0.28571428571428575,FW,FW,ST
348,Robert Lewandowski,FW,pl Poland,33.0,1.es Barcelona,1988.0,4.0,4.0,360.0,4.0,2.0,1.0,3.0,1.0,1.0,2.0,0.0,0.0,0.5,0.25,0.75,0.25,0.5,Matches,8d78e732,348,Robert Lewandowski,FW,pl Poland,2.0,12.0,4.0,33.3,3.0,1.0,0.08,0.25,1.0,2.0,Matches,8d78e732,348,Robert Lewandowski,FW,pl Poland,0.0,0.0,0.0,6.0,9.0,0.0,3.0,2.0,3.0,,,0.0,Matches,8d78e732,,,,,,,,,,,,,,,,,,,,,,,,,,,360.0,4.0,2.0,1.0,12.0,3.0,2.0,3.0,6.0,10.0,4.0,95.0,4.0,0.0,0.0,0.0,0.0,0.0,0.5,0.25,3.0,0.75,0.5,0.75,2.5,1.0,23.75,1.0,0.0,0.0,Robert Lewandowski,exact,9.75,3.0,5.75,0.0,0.0,1.5,3.0,47.0,0.5,0.0,0.0,0.0,17.5,15.0,0.25,5.75,0.75,0.0,0.0,0.3333333333333333,0.5,22.75,6.75,7.75,0.7142857142857143,4.5,0.5,1.0,0.25,1.75,2.25,1.25,3.75,0.4166666666666667,0.75,0.0,3.0,0.7814794505,1.0,0.1558917802,0.0,1.0,4.75,24.25,ST,0.5,0.25,3.0,1.0,0.75,0.5,0.75,1.5,2.25,0.0,,,,0.25,0.5,,,0.0,0.0,0.0,90.0,1.0,1.0,,0.16666666666666666,0.3333333333333333,0.4,FW,FW,ST
522,Rodri,DF,es Spain,25.0,1.eng Manchester City,1996.0,4.0,4.0,390.0,4.3,0.0,0.0,0.0,0.0,0.0,0.0,0.0,0.0,0.0,0.0,0.0,0.0,0.0,Matches,6434f10d,522,Rodri,DF,es Spain,0.0,1.0,0.0,0.0,0.23,0.0,0.0,,0.0,0.0,Matches,6434f10d,522,Rodri,DF,es Spain,0.0,0.0,0.0,5.0,1.0,0.0,2.0,3.0,2.0,,,0.0,Matches,6434f10d,,,,,,,,,,,,,,,,,,,,,,,,,,,360.0,4.0,0.0,0.0,1.0,3.0,1.0,4.0,6.0,0.0,0.0,549.0,24.0,0.0,0.0,0.0,0.0,0.0,0.0,0.0,0.25,0.75,0.25,1.0,0.0,0.0,137.25,6.0,0.0,0.0,Rodrigo Hernández Cascante,nickname,4.4186046511627906,0.46511627906976744,1.1627906976744187,0.0,0.0,2.0930232558139537,4.651162790697675,138.37209302325581,0.0,0.0,0.0,0.0,13.953488372093023,26.511627906976745,0.23255813953488372,15.58139534883721,0.0,0.0,0.0,0.3333333333333333,0.0,157.90697674418604,47.674418604651166,52.55813953488372,0.9484536082474226,13.255813953488373,2.3255813953488373,0.9302325581395349,0.46511627906976744,1.8604651162790697,2.7906976744186047,1.3953488372093024,3.488372093023256,0.75,0.6976744186046512,0.0,0.23255813953488372,0.0013134062093023255,0.0,0.0056476467,0.0,0.9302325581395349,0.9302325581395349,7.209302325581396,CB,0.0,0.0,0.23255813953488372,0.0,0.46511627906976744,0.6976744186046512,0.46511627906976744,1.1627906976744187,0.23255813953488372,0.0,,,,0.0,0.0,,,0.0,0.0,0.0,90.69767441860465,0.9302325581395349,0.9302325581395349,,0.0,0.0,0.0,DF,DF,CB
147,Rodrigo De Paul,MF,ar Argentina,28.0,1.es Atlético Madrid,1994.0,7.0,7.0,599.0,6.7,0.0,0.0,0.0,0.0,0.0,0.0,0.0,0.0,0.0,0.0,0.0,0.0,0.0,Matches,162efffd,147,Rodrigo De Paul,MF,ar Argentina,0.0,7.0,3.0,42.9,1.05,0.45,0.0,0.0,0.0,0.0,Matches,162efffd,147,Rodrigo De Paul,MF,ar Argentina,0.0,0.0,0.0,7.0,15.0,0.0,12.0,7.0,7.0,,,0.0,Matches,162efffd,,,,,,,,,,,,,,,,,,,,,,,,,,,599.0,6.7,0.0,0.0,7.0,15.0,2.0,10.0,10.0,13.0,3.0,461.0,15.0,0.0,0.0,0.0,0.0,0.0,0.0,0.0,1.044776119402985,2.238805970149253,0.2985074626865671,1.4925373134328357,1.9402985074626864,0.4477611940298507,68.80597014925372,2.238805970149253,0.0,0.0,Rodrigo Javier De Paul,token-subset,16.567164179104477,3.2835820895522385,9.253731343283581,0.0,0.0,0.0,5.522388059701492,80.29850746268656,0.5970149253731343,0.0,0.0,0.0,33.88059701492537,20.44776119402985,0.0,11.194029850746269,0.5970149253731343,0.0,0.0,0.06666666666666667,0.0,84.02985074626865,20.597014925373134,21.64179104477612,0.8436944937833037,8.208955223880597,1.6417910447761193,1.044776119402985,1.044776119402985,4.925373134328358,0.5970149253731343,1.1940298507462686,0.29850746268656714,0.3333333333333333,1.1940298507462686,0.0,1.044776119402985,0.08508097179104478,0.44776119402985076,0.08143464442857143,0.0,1.044776119402985,1.3432835820895521,20.746268656716417,MF,0.0,0.0,1.044776119402985,0.44776119402985076,1.791044776119403,1.044776119402985,1.044776119402985,1.044776119402985,2.2388059701492535,0.0,,,,0.0,0.0,,,0.0,0.0,0.0,89.40298507462687,1.044776119402985,1.044776119402985,,0.0,0.42857142857142855,0.23076923076923078,MF,MF,CM
538,Romain Saïss,DF,ma Morocco,32.0,1.tr Beşiktaş,1990.0,6.0,6.0,466.0,5.2,1.0,0.0,1.0,1.0,0.0,0.0,1.0,0.0,0.19,0.0,0.19,0.19,0.19,Matches,9fbbcf39,538,Romain Saïss,DF,ma Morocco,1.0,0.0,0.0,,0.0,0.0,,,0.0,0.0,Matches,9fbbcf39,538,Romain Saïss,DF,ma Morocco,1.0,0.0,0.0,4.0,0.0,2.0,1.0,3.0,1.0,,,0.0,Matches,9fbbcf39,,,,,,,,,,,,,,,,,,,,,,,,,,,436.0,4.8,1.0,0.0,1.0,1.0,3.0,6.0,5.0,1.0,0.0,128.0,7.0,0.0,0.0,0.0,0.0,0.0,0.2083333333333333,0.0,0.2083333333333333,0.2083333333333333,0.625,1.25,0.2083333333333333,0.0,26.666666666666668,1.4583333333333337,0.0,0.0,Romain Saïss,exact,6.730769230769231,0.3846153846153846,2.3076923076923075,0.0,0.0,3.4615384615384612,2.3076923076923075,26.923076923076923,0.0,0.0,0.0,0.0,4.8076923076923075,8.653846153846153,0.3846153846153846,4.8076923076923075,0.0,0.0,0.0,0.0,0.0,37.11538461538461,17.5,19.807692307692307,0.8186528497409327,4.615384615384615,2.3076923076923075,0.0,0.3846153846153846,0.9615384615384615,5.769230769230769,1.346153846153846,1.5384615384615383,0.8,1.5384615384615383,0.0,0.1923076923076923,0.1086446076923077,0.1923076923076923,0.56495196,0.0,0.0,0.3846153846153846,0.5769230769230769,CB,0.1923076923076923,0.0,0.0,0.0,0.1923076923076923,0.5769230769230769,0.1923076923076923,0.7692307692307692,0.0,0.3846153846153846,,,,0.0,0.0,,,0.0,0.1923076923076923,0.0,89.61538461538461,1.1538461538461537,1.1538461538461537,,0.0,0.0,0.0,DF,DF,CB
156,Rúben Dias,DF,pt Portugal,25.0,1.eng Manchester City,1997.0,4.0,4.0,360.0,4.0,0.0,0.0,0.0,0.0,0.0,0.0,1.0,0.0,0.0,0.0,0.0,0.0,0.0,Matches,31c69ef1,156,Rúben Dias,DF,pt Portugal,0.0,1.0,0.0,0.0,0.25,0.0,0.0,,0.0,0.0,Matches,31c69ef1,156,Rúben Dias,DF,pt Portugal,1.0,0.0,0.0,4.0,2.0,0.0,0.0,3.0,3.0,,,0.0,Matches,31c69ef1,,,,,,,,,,,,,,,,,,,,,,,,,,,360.0,4.0,0.0,0.0,1.0,0.0,1.0,3.0,4.0,0.0,0.0,216.0,7.0,0.0,0.0,0.0,0.0,0.0,0.0,0.0,0.25,0.0,0.25,0.75,0.0,0.0,54.0,1.75,0.0,0.0,Rúben Santos Gato Alves Dias,token-subset,4.25,0.25,2.0,0.0,0.0,2.0,3.5,55.75,0.0,0.0,0.0,0.0,9.0,21.25,0.0,4.75,0.0,0.0,0.0,0.0,0.25,66.5,25.25,21.25,0.924812030075188,4.75,0.5,0.0,0.0,0.75,3.75,0.25,2.75,0.7333333333333333,1.25,0.0,0.25,0.00937564,0.0,0.03750256,0.0,0.0,0.5,0.5,CB,0.0,0.0,0.25,0.0,0.0,0.75,0.75,1.0,0.5,0.0,,,,0.0,0.0,,,0.0,0.25,0.0,90.0,1.0,1.0,,0.0,0.0,0.0,DF,DF,CB
446,Rúben Neves,MF,pt Portugal,25.0,1.eng Wolves,1997.0,5.0,4.0,268.0,3.0,0.0,0.0,0.0,0.0,0.0,0.0,1.0,0.0,0.0,0.0,0.0,0.0,0.0,Matches,44bfb6c5,446,Rúben Neves,MF,pt Portugal,0.0,2.0,0.0,0.0,0.67,0.0,0.0,,0.0,0.0,Matches,44bfb6c5,446,Rúben Neves,MF,pt Portugal,1.0,0.0,0.0,5.0,2.0,0.0,2.0,2.0,1.0,,,0.0,Matches,44bfb6c5,,,,,,,,,,,,,,,,,,,,,,,,,,,268.0,3.0,0.0,0.0,2.0,1.0,1.0,2.0,5.0,0.0,0.0,212.0,3.0,0.0,0.0,0.0,0.0,0.0,0.0,0.0,0.6666666666666666,0.3333333333333333,0.3333333333333333,0.6666666666666666,0.0,0.0,70.66666666666667,1.0,0.0,0.0,Rúben Diogo Da Silva Neves,token-subset,12.333333333333334,2.3333333333333335,7.333333333333333,0.0,0.0,0.6666666666666666,4.0,77.66666666666667,0.6666666666666666,0.0,0.0,0.0,14.0,18.666666666666668,0.0,10.666666666666666,0.0,0.0,0.0,0.0,0.0,86.33333333333333,24.666666666666668,33.0,0.918918918918919,10.0,4.333333333333333,1.0,0.0,2.3333333333333335,2.0,1.3333333333333333,1.3333333333333333,0.5,0.3333333333333333,0.0,0.6666666666666666,0.029012391999999998,0.0,0.043518588,0.0,1.0,1.0,8.666666666666666,MF,0.0,0.0,0.6666666666666666,0.0,0.6666666666666666,0.6666666666666666,0.3333333333333333,1.6666666666666667,0.6666666666666666,0.0,,,,0.0,0.0,,,0.0,0.3333333333333333,0.0,89.33333333333333,1.6666666666666667,1.3333333333333333,,0.0,0.0,0.0,MF,MF,DM
631,Ruben Vargas,MFFW,ch Switzerland,23.0,1.de Augsburg,1998.0,4.0,4.0,285.0,3.2,0.0,1.0,1.0,0.0,0.0,0.0,1.0,0.0,0.0,0.32,0.32,0.0,0.32,Matches,6ecbddf6,631,Ruben Vargas,MFFW,ch Switzerland,0.0,3.0,1.0,33.3,0.95,0.32,0.0,0.0,0.0,0.0,Matches,6ecbddf6,631,Ruben Vargas,MFFW,ch Switzerland,1.0,0.0,0.0,4.0,2.0,1.0,15.0,1.0,0.0,,,0.0,Matches,6ecbddf6,,,,,,,,,,,,,,,,,,,,,,,,,,,284.0,3.2,0.0,1.0,3.0,9.0,0.0,1.0,5.0,2.0,1.0,93.0,15.0,0.0,0.0,0.0,0.0,0.0,0.0,0.3125,0.9375,2.8125,0.0,0.3125,0.625,0.3125,29.0625,4.6875,0.0,0.0,Ruben Vargas,exact-name,10.3125,2.5,4.375,0.0,0.0,0.3125,2.8125,40.3125,0.625,0.0,0.0,0.0,27.1875,6.875,0.3125,4.375,0.625,0.0,0.0,0.1111111111111111,0.0,35.625,6.25,9.375,0.7105263157894737,1.25,0.0,1.5625,0.3125,7.8125,1.25,1.25,1.875,0.42857142857142855,0.3125,0.0,0.9375,0.09244571218749999,0.3125,0.09860875966666666,0.0,1.5625,4.0625,22.1875,Wide,0.0,0.3125,0.9375,0.3125,4.6875,0.3125,0.0,1.25,0.625,0.3125,,,,0.0,0.0,,,0.0,0.3125,0.0,89.0625,1.25,1.25,,0.0,0.3333333333333333,0.5,FW,MFFW,LW
143,Salem Al-Dawsari,FW,sa Saudi Arabia,30.0,1.sa Al-Hilal,1991.0,3.0,3.0,270.0,3.0,2.0,0.0,2.0,2.0,0.0,1.0,1.0,0.0,0.67,0.0,0.67,0.67,0.67,Matches,60ee859c,143,Salem Al-Dawsari,FW,sa Saudi Arabia,2.0,7.0,5.0,71.4,2.33,1.67,0.29,0.4,0.0,1.0,Matches,60ee859c,143,Salem Al-Dawsari,FW,sa Saudi Arabia,1.0,0.0,0.0,3.0,3.0,0.0,4.0,1.0,4.0,,,0.0,Matches,60ee859c,,,,,,,,,,,,,,,,,,,,,,,,,,,270.0,3.0,2.0,0.0,7.0,3.0,1.0,0.0,3.0,7.0,5.0,112.0,6.0,0.0,0.0,0.0,0.0,0.0,0.6666666666666666,0.0,2.333333333333333,1.0,0.3333333333333333,0.0,2.333333333333333,1.6666666666666667,37.333333333333336,2.0,0.0,0.0,Salem Mohammed Al Dawsari,token-subset,14.0,2.3333333333333335,7.0,0.0,0.0,0.3333333333333333,5.666666666666667,45.333333333333336,0.0,0.0,0.0,0.0,25.0,9.0,0.0,7.0,0.6666666666666666,0.0,0.0,0.6666666666666666,0.0,39.0,10.0,8.0,0.7863247863247863,3.6666666666666665,1.0,2.0,0.0,5.666666666666667,0.3333333333333333,1.3333333333333333,0.3333333333333333,0.5,0.6666666666666666,0.0,2.3333333333333335,0.5213517816666667,1.6666666666666667,0.1300925575,0.0,2.0,1.6666666666666667,21.0,Wide,0.6666666666666666,0.0,2.3333333333333335,1.6666666666666667,1.3333333333333333,0.3333333333333333,1.3333333333333333,1.0,1.0,0.0,,,,0.0,0.3333333333333333,,,0.0,0.3333333333333333,0.0,90.0,1.0,1.0,,0.2857142857142857,0.7142857142857143,0.7142857142857144,FW,FW,LW
4,Saud Abdulhamid,DFMF,sa Saudi Arabia,22.0,1.sa Al-Hilal,1999.0,3.0,3.0,270.0,3.0,0.0,0.0,0.0,0.0,0.0,0.0,1.0,0.0,0.0,0.0,0.0,0.0,0.0,Matches,caa254e4,4,Saud Abdulhamid,DFMF,sa Saudi Arabia,0.0,1.0,0.0,0.0,0.33,0.0,0.0,,0.0,0.0,Matches,caa254e4,4,Saud Abdulhamid,DFMF,sa Saudi Arabia,1.0,0.0,0.0,7.0,5.0,0.0,9.0,1.0,3.0,,,0.0,Matches,caa254e4,,,,,,,,,,,,,,,,,,,,,,,,,,,270.0,3.0,0.0,0.0,1.0,8.0,0.0,4.0,7.0,4.0,3.0,84.0,8.0,0.0,0.0,0.0,0.0,0.0,0.0,0.0,0.3333333333333333,2.6666666666666665,0.0,1.3333333333333333,1.3333333333333333,1.0,28.0,2.6666666666666665,0.0,0.0,Saud Abdullah Abdul Hamid,nickname,12.666666666666666,2.3333333333333335,5.333333333333333,0.0,0.0,0.3333333333333333,4.0,33.333333333333336,0.0,0.0,0.0,0.0,24.333333333333332,6.333333333333333,0.0,8.0,1.3333333333333333,0.0,0.0,0.125,0.0,39.666666666666664,16.666666666666668,13.666666666666666,0.7647058823529411,4.666666666666667,0.3333333333333333,0.6666666666666666,0.0,6.666666666666667,2.6666666666666665,2.0,1.0,0.3,0.3333333333333333,0.0,0.3333333333333333,0.001971292333333333,0.0,0.005913877,0.0,0.6666666666666666,1.3333333333333333,16.0,FB/WB,0.0,0.0,0.3333333333333333,0.0,3.0,0.3333333333333333,1.0,2.3333333333333335,1.6666666666666667,0.0,,,,0.0,0.0,,,0.0,0.3333333333333333,0.0,90.0,1.0,1.0,,0.0,0.0,0.75,DF,DFMF,RB
34,Selim Amallah,MF,ma Morocco,25.0,1.be Standard Liège,1996.0,7.0,4.0,409.0,4.5,0.0,0.0,0.0,0.0,0.0,0.0,1.0,0.0,0.0,0.0,0.0,0.0,0.0,Matches,00eba9c9,34,Selim Amallah,MF,ma Morocco,0.0,2.0,0.0,0.0,0.44,0.0,0.0,,0.0,0.0,Matches,00eba9c9,34,Selim Amallah,MF,ma Morocco,1.0,0.0,0.0,11.0,8.0,0.0,3.0,8.0,9.0,,,0.0,Matches,00eba9c9,,,,,,,,,,,,,,,,,,,,,,,,,,,420.0,4.7,0.0,0.0,2.0,1.0,3.0,11.0,16.0,10.0,5.0,94.0,4.0,0.0,0.0,0.0,0.0,0.0,0.0,0.0,0.425531914893617,0.2127659574468085,0.6382978723404255,2.3404255319148937,2.127659574468085,1.0638297872340423,20.0,0.851063829787234,0.0,0.0,Selim Amallah,exact-name,23.11111111111111,2.0,14.88888888888889,0.0,0.0,0.4444444444444444,3.3333333333333335,24.444444444444443,0.4444444444444444,0.0,0.0,0.0,8.0,4.222222222222222,0.0,2.2222222222222223,0.2222222222222222,0.0,0.0,0.0,0.0,19.555555555555557,4.888888888888889,4.222222222222222,0.7954545454545454,2.0,0.2222222222222222,0.6666666666666666,0.0,1.1111111111111112,0.8888888888888888,1.5555555555555556,0.0,0.0,2.0,0.0,0.4444444444444444,0.02547505244444444,0.0,0.057318867999999995,0.0,0.6666666666666666,1.5555555555555556,6.444444444444445,MF,0.0,0.0,0.4444444444444444,0.0,0.6666666666666666,1.7777777777777777,2.0,2.4444444444444446,1.7777777777777777,0.0,,,,0.0,0.0,,,0.0,0.2222222222222222,0.0,90.88888888888889,1.5555555555555556,0.8888888888888888,,0.0,0.0,0.4999999999999999,MF,MF,CM
152,Sergiño Dest,DF,us United States,21.0,1.it Milan,2000.0,4.0,4.0,305.0,3.4,0.0,1.0,1.0,0.0,0.0,0.0,1.0,0.0,0.0,0.3,0.3,0.0,0.3,Matches,5976f83e,152,Sergiño Dest,DF,us United States,0.0,6.0,0.0,0.0,1.77,0.0,0.0,,0.0,0.0,Matches,5976f83e,152,Sergiño Dest,DF,us United States,1.0,0.0,0.0,4.0,2.0,0.0,9.0,2.0,2.0,,,0.0,Matches,5976f83e,,,,,,,,,,,,,,,,,,,,,,,,,,,306.0,3.4,0.0,1.0,6.0,8.0,0.0,3.0,4.0,8.0,4.0,184.0,21.0,0.0,0.0,0.0,0.0,0.0,0.0,0.2941176470588235,1.7647058823529411,2.3529411764705883,0.0,0.8823529411764706,2.3529411764705883,1.1764705882352942,54.11764705882353,6.176470588235294,0.0,0.0,Sergino Dest,exact,12.647058823529411,2.9411764705882355,6.176470588235294,0.0,0.0,0.8823529411764706,5.0,56.470588235294116,0.29411764705882354,0.0,0.0,0.0,37.05882352941177,15.294117647058824,0.29411764705882354,9.117647058823529,1.4705882352941178,0.0,0.0,0.25,0.0,59.11764705882353,15.0,13.823529411764707,0.8656716417910447,5.588235294117648,0.29411764705882354,0.5882352941176471,0.0,3.5294117647058822,2.3529411764705883,2.3529411764705883,0.5882352941176471,0.2857142857142857,0.29411764705882354,0.0,1.7647058823529411,0.07407872605882353,0.0,0.041977944766666664,0.0,0.5882352941176471,1.1764705882352942,17.941176470588236,FB/WB,0.0,0.29411764705882354,1.7647058823529411,0.0,2.6470588235294117,0.5882352941176471,0.5882352941176471,1.1764705882352942,0.5882352941176471,0.0,,,,0.0,0.0,,,0.0,0.29411764705882354,0.0,89.70588235294117,1.1764705882352942,1.1764705882352942,,0.0,0.0,0.5,DF,DF,RB
95,Sergio Busquets,MF,es Spain,33.0,1.es Barcelona,1988.0,4.0,4.0,363.0,4.0,0.0,0.0,0.0,0.0,0.0,0.0,1.0,0.0,0.0,0.0,0.0,0.0,0.0,Matches,5ab0ea87,95,Sergio Busquets,MF,es Spain,0.0,2.0,0.0,0.0,0.5,0.0,0.0,,0.0,0.0,Matches,5ab0ea87,95,Sergio Busquets,MF,es Spain,1.0,0.0,0.0,3.0,3.0,0.0,0.0,1.0,4.0,,,0.0,Matches,5ab0ea87,,,,,,,,,,,,,,,,,,,,,,,,,,,333.0,3.7,0.0,0.0,2.0,0.0,2.0,4.0,3.0,2.0,2.0,174.0,7.0,0.0,0.0,0.0,0.0,0.0,0.0,0.0,0.5405405405405405,0.0,0.5405405405405405,1.081081081081081,0.5405405405405405,0.5405405405405405,47.02702702702703,1.891891891891892,0.0,0.0,Sergio Busquets i Burgos,token-subset,10.0,1.5,3.75,0.0,0.0,0.75,3.0,61.75,0.0,0.0,0.0,0.0,3.75,15.25,0.0,8.5,0.25,0.0,0.0,0.0,0.0,72.5,18.0,16.5,0.9137931034482759,7.5,1.0,0.75,0.0,1.25,0.75,1.75,2.5,0.6666666666666666,1.5,0.0,0.75,0.221778955,0.25,0.05180791,0.0,0.75,0.0,13.0,MF,0.0,0.0,0.5,0.0,0.0,0.25,1.0,0.75,0.75,0.0,,,,0.0,0.0,,,0.0,0.25,0.0,90.75,1.0,1.0,,0.0,0.0,1.0,MF,MF,DM
520,Sergio Rochet,GK,uy Uruguay,29.0,1.uy Nacional,1993.0,3.0,3.0,270.0,3.0,0.0,0.0,0.0,0.0,0.0,0.0,0.0,0.0,0.0,0.0,0.0,0.0,0.0,Matches,81b99b9e,520,Sergio Rochet,GK,uy Uruguay,0.0,0.0,0.0,,0.0,0.0,,,0.0,0.0,Matches,81b99b9e,520,Sergio Rochet,GK,uy Uruguay,0.0,0.0,0.0,1.0,0.0,0.0,0.0,0.0,0.0,,,0.0,Matches,81b99b9e,31,Sergio Rochet,GK,uy Uruguay,1.uy Nacional,3.0,3.0,270.0,3.0,2.0,0.67,6.0,4.0,66.7,1.0,1.0,1.0,2.0,66.7,2.0,1.0,1.0,0.0,50.0,Matches,81b99b9e,270.0,3.0,0.0,0.0,0.0,0.0,0.0,0.0,1.0,0.0,0.0,36.0,0.0,5.0,2.0,7.0,71.4,2.0,0.0,0.0,0.0,0.0,0.0,0.0,0.0,0.0,12.0,0.0,1.6666666666666667,0.6666666666666666,Sergio Rochet Álvarez,token-subset,0.3333333333333333,0.0,0.0,0.6666666666666666,0.6666666666666666,0.0,3.6666666666666665,11.666666666666666,0.0,11.0,5.333333333333333,39.33484848484849,0.0,0.0,0.0,2.0,0.0,0.09445998933333333,0.3333333333333333,0.0,0.0,25.333333333333332,18.0,15.333333333333334,0.6973684210526315,2.0,0.0,0.0,0.0,0.0,0.0,0.3333333333333333,0.0,0.0,0.0,0.5,0.0,0.0,0.0,0.0,0.0,0.0,0.0,0.0,GK,0.0,0.0,0.0,0.0,0.0,0.0,0.0,0.3333333333333333,0.0,0.0,1.3333333333333333,0.6666666666666666,0.6666666666666666,0.0,0.0,,,0.0,0.0,0.0,90.0,1.0,1.0,0.6666666666666666,0.0,0.0,0.0,GK,GK,GK
220,Shūichi Gonda,GK,jp Japan,33.0,1.jp Shimizu S-Pulse,1989.0,4.0,4.0,390.0,4.3,0.0,0.0,0.0,0.0,0.0,0.0,0.0,0.0,0.0,0.0,0.0,0.0,0.0,Matches,d8e5492f,220,Shūichi Gonda,GK,jp Japan,0.0,0.0,0.0,,0.0,0.0,,,0.0,0.0,Matches,d8e5492f,220,Shūichi Gonda,GK,jp Japan,0.0,0.0,0.0,1.0,0.0,0.0,0.0,0.0,0.0,,,0.0,Matches,d8e5492f,12,Shūichi Gonda,GK,jp Japan,1.jp Shimizu S-Pulse,4.0,4.0,390.0,4.3,4.0,0.92,19.0,15.0,78.9,2.0,1.0,1.0,0.0,0.0,1.0,1.0,0.0,0.0,0.0,Matches,d8e5492f,360.0,4.0,0.0,0.0,0.0,0.0,0.0,0.0,1.0,0.0,0.0,48.0,0.0,15.0,4.0,19.0,78.9,0.0,0.0,0.0,0.0,0.0,0.0,0.0,0.0,0.0,12.0,0.0,3.75,0.0,Shūichi Gonda,exact,0.23255813953488372,0.0,0.0,0.6976744186046512,0.23255813953488372,0.0,3.255813953488372,11.86046511627907,0.0,13.255813953488373,8.13953488372093,41.1581939799331,0.0,0.6976744186046512,0.0,4.186046511627907,0.0,0.017645965581395445,0.46511627906976744,0.0,0.0,26.27906976744186,19.069767441860467,15.116279069767442,0.6106194690265486,4.186046511627907,0.9302325581395349,0.0,0.0,0.0,0.0,0.0,0.0,0.0,0.0,0.0,0.0,0.0,0.0,0.0,0.0,0.0,0.0,0.0,GK,0.0,0.0,0.0,0.0,0.0,0.0,0.0,0.23255813953488372,0.0,0.0,3.488372093023256,0.9302325581395349,0.0,0.0,0.0,,,0.0,0.0,0.0,90.69767441860465,0.9302325581395349,0.9302325581395349,0.7894736842105263,0.0,0.0,0.0,GK,GK,GK
83,Sofiane Boufal,FWMF,ma Morocco,28.0,1.fr Angers,1993.0,7.0,7.0,475.0,5.3,0.0,0.0,0.0,0.0,0.0,0.0,1.0,0.0,0.0,0.0,0.0,0.0,0.0,Matches,b0c71810,83,Sofiane Boufal,FWMF,ma Morocco,0.0,7.0,1.0,14.3,1.33,0.19,0.0,0.0,0.0,0.0,Matches,b0c71810,83,Sofiane Boufal,FWMF,ma Morocco,1.0,0.0,0.0,11.0,13.0,2.0,7.0,2.0,5.0,,,0.0,Matches,b0c71810,,,,,,,,,,,,,,,,,,,,,,,,,,,473.0,5.3,0.0,0.0,7.0,7.0,3.0,2.0,12.0,20.0,12.0,160.0,24.0,0.0,0.0,0.0,0.0,0.0,0.0,0.0,1.3207547169811322,1.3207547169811322,0.5660377358490566,0.3773584905660377,3.7735849056603774,2.2641509433962264,30.18867924528302,4.528301886792453,0.0,0.0,Sofiane Boufal,exact-name,17.547169811320757,2.2641509433962264,9.622641509433963,0.0,0.0,0.0,3.207547169811321,35.28301886792453,0.37735849056603776,0.0,0.0,0.0,23.58490566037736,7.169811320754717,0.0,6.7924528301886795,0.5660377358490566,0.0,0.0,0.5714285714285714,0.0,25.28301886792453,8.49056603773585,8.11320754716981,0.7985074626865671,2.8301886792452833,1.6981132075471699,0.7547169811320755,0.0,3.018867924528302,0.18867924528301888,2.2641509433962264,0.5660377358490566,0.25,1.1320754716981132,0.0,1.3207547169811322,0.059712081132075476,0.18867924528301888,0.04521057571428572,0.0,0.7547169811320755,1.3207547169811322,14.150943396226415,Wide,0.0,0.0,1.3207547169811322,0.18867924528301888,1.3207547169811322,0.37735849056603776,0.9433962264150944,2.0754716981132075,2.452830188679245,0.37735849056603776,,,,0.0,0.0,,,0.0,0.18867924528301888,0.0,89.62264150943396,1.3207547169811322,1.3207547169811322,,0.0,0.14285714285714285,0.6,FW,FWMF,LW
37,Sofyan Amrabat,MF,ma Morocco,25.0,1.it Fiorentina,1996.0,7.0,7.0,660.0,7.3,0.0,0.0,0.0,0.0,0.0,0.0,1.0,0.0,0.0,0.0,0.0,0.0,0.0,Matches,5a2cb25d,37,Sofyan Amrabat,MF,ma Morocco,0.0,1.0,0.0,0.0,0.14,0.0,0.0,,0.0,0.0,Matches,5a2cb25d,37,Sofyan Amrabat,MF,ma Morocco,1.0,0.0,0.0,14.0,6.0,1.0,2.0,6.0,12.0,,,0.0,Matches,5a2cb25d,,,,,,,,,,,,,,,,,,,,,,,,,,,630.0,7.0,0.0,0.0,1.0,2.0,7.0,9.0,16.0,1.0,0.0,247.0,24.0,0.0,0.0,0.0,0.0,0.0,0.0,0.0,0.1428571428571428,0.2857142857142857,1.0,1.2857142857142858,0.1428571428571428,0.0,35.285714285714285,3.4285714285714284,0.0,0.0,Sofyan Amrabat,exact,16.84931506849315,1.095890410958904,7.671232876712329,0.0,0.0,0.8219178082191781,6.027397260273973,34.38356164383562,0.0,0.0,0.0,0.0,6.438356164383562,10.136986301369863,0.0,5.205479452054795,0.0,0.0,0.0,0.0,0.0,44.24657534246575,15.342465753424658,14.52054794520548,0.848297213622291,5.068493150684931,1.7808219178082192,0.273972602739726,0.273972602739726,0.4109589041095891,1.6438356164383563,1.6438356164383563,0.547945205479452,0.25,1.7808219178082192,0.0,0.136986301369863,0.0028344271232876713,0.0,0.020691318,0.0,0.273972602739726,0.0,1.7808219178082192,MF,0.0,0.0,0.136986301369863,0.0,0.273972602739726,0.8219178082191781,1.6438356164383563,1.9178082191780823,0.8219178082191781,0.136986301369863,,,,0.0,0.0,,,0.0,0.136986301369863,0.0,90.41095890410959,0.9589041095890412,0.9589041095890412,,0.0,0.0,0.0,MF,MF,DM
257,Son Heung-min,MFFW,kr Korea Republic,29.0,1.eng Tottenham,1992.0,4.0,4.0,360.0,4.0,0.0,1.0,1.0,0.0,0.0,0.0,0.0,0.0,0.0,0.25,0.25,0.0,0.25,Matches,92e7e919,257,Son Heung-min,MFFW,kr Korea Republic,0.0,9.0,3.0,33.3,2.25,0.75,0.0,0.0,0.0,0.0,Matches,92e7e919,257,Son Heung-min,MFFW,kr Korea Republic,0.0,0.0,0.0,1.0,6.0,2.0,21.0,2.0,2.0,,,0.0,Matches,92e7e919,,,,,,,,,,,,,,,,,,,,,,,,,,,360.0,4.0,0.0,1.0,9.0,2.0,2.0,1.0,1.0,9.0,4.0,120.0,10.0,0.0,0.0,0.0,0.0,0.0,0.0,0.25,2.25,0.5,0.5,0.25,2.25,1.0,30.0,2.5,0.0,0.0,Heung-Min Son,token-subset,9.0,3.75,2.0,0.0,0.0,0.0,3.5,39.5,0.5,0.0,0.0,0.0,17.0,9.5,0.0,3.0,1.75,0.0,0.0,0.5,0.0,30.5,5.5,11.0,0.6885245901639344,1.0,0.75,1.25,0.25,6.5,0.25,0.75,0.25,0.16666666666666666,0.5,0.0,2.25,0.11345701875,0.75,0.050425341666666665,0.0,1.25,3.75,25.0,Wide,0.0,0.25,2.25,0.75,5.25,0.5,0.5,0.25,1.5,0.5,,,,0.0,0.0,,,0.0,0.0,0.0,90.0,1.0,1.0,,0.0,0.3333333333333333,0.4444444444444444,FW,MFFW,LW
640,Steven Vitória,DF,ca Canada,35.0,1.pt Chaves,1987.0,3.0,3.0,270.0,3.0,0.0,0.0,0.0,0.0,0.0,0.0,1.0,0.0,0.0,0.0,0.0,0.0,0.0,Matches,9bc450e6,640,Steven Vitória,DF,ca Canada,0.0,0.0,0.0,,0.0,0.0,,,0.0,0.0,Matches,9bc450e6,640,Steven Vitória,DF,ca Canada,1.0,0.0,0.0,6.0,5.0,0.0,0.0,0.0,4.0,,,0.0,Matches,9bc450e6,,,,,,,,,,,,,,,,,,,,,,,,,,,270.0,3.0,0.0,0.0,0.0,0.0,1.0,4.0,7.0,0.0,0.0,136.0,3.0,0.0,0.0,0.0,0.0,0.0,0.0,0.0,0.0,0.0,0.3333333333333333,1.3333333333333333,0.0,0.0,45.333333333333336,1.0,0.0,0.0,Steven de Sousa Vitoria,token-subset,7.333333333333333,0.3333333333333333,4.0,0.0,0.0,2.0,3.6666666666666665,48.333333333333336,0.0,0.0,0.0,0.0,3.3333333333333335,12.666666666666666,0.0,7.666666666666667,0.0,0.0,0.0,0.0,0.0,61.0,23.666666666666668,24.666666666666668,0.8743169398907104,7.666666666666667,3.3333333333333335,0.0,0.0,1.0,3.6666666666666665,2.0,2.6666666666666665,0.8,0.3333333333333333,0.0,0.0,0.0,0.0,0.0,0.0,0.0,0.3333333333333333,0.3333333333333333,CB,0.0,0.0,0.0,0.0,0.0,0.0,1.3333333333333333,2.0,1.6666666666666667,0.0,,,,0.0,0.0,,,0.0,0.3333333333333333,0.0,90.0,1.0,1.0,,0.0,0.0,0.0,DF,DF,CB
255,Theo Hernández,DF,fr France,24.0,1.it Milan,1997.0,6.0,5.0,508.0,5.6,1.0,2.0,3.0,1.0,0.0,0.0,1.0,0.0,0.18,0.35,0.53,0.18,0.53,Matches,d4c9725f,255,Theo Hernández,DF,fr France,1.0,5.0,2.0,40.0,0.89,0.35,0.2,0.5,0.0,0.0,Matches,d4c9725f,255,Theo Hernández,DF,fr France,1.0,0.0,0.0,6.0,13.0,0.0,13.0,4.0,13.0,,,0.0,Matches,d4c9725f,,,,,,,,,,,,,,,,,,,,,,,,,,,508.0,5.6,1.0,2.0,5.0,12.0,6.0,7.0,6.0,6.0,5.0,255.0,22.0,0.0,0.0,0.0,0.0,0.0,0.1785714285714285,0.3571428571428571,0.8928571428571429,2.142857142857143,1.0714285714285714,1.25,1.0714285714285714,0.8928571428571429,45.53571428571429,3.928571428571429,0.0,0.0,Theo Bernard François Hernández,token-subset,12.321428571428573,0.5357142857142857,3.3928571428571432,0.0,0.0,0.7142857142857143,4.285714285714286,45.35714285714286,0.5357142857142857,0.0,0.0,0.0,39.285714285714285,4.107142857142858,0.0,7.142857142857143,0.17857142857142858,0.0,0.0,0.5,0.17857142857142858,59.28571428571429,16.78571428571429,14.821428571428573,0.8734939759036144,5.714285714285714,0.5357142857142857,1.7857142857142858,0.0,3.5714285714285716,1.4285714285714286,1.9642857142857144,1.4285714285714286,0.5714285714285714,1.7857142857142858,0.0,0.8928571428571429,0.046305300714285715,0.35714285714285715,0.051861936799999994,0.0,1.7857142857142858,0.8928571428571429,13.392857142857144,FB/WB,0.17857142857142858,0.35714285714285715,0.8928571428571429,0.35714285714285715,2.3214285714285716,0.7142857142857143,2.3214285714285716,1.0714285714285714,2.3214285714285716,0.0,,,,0.0,0.0,,,0.0,0.17857142857142858,0.0,90.71428571428572,1.0714285714285714,0.8928571428571429,,0.2,0.4,0.8333333333333334,DF,DF,LB
571,Thiago Silva,DF,br Brazil,37.0,1.eng Chelsea,1984.0,4.0,4.0,390.0,4.3,0.0,1.0,1.0,0.0,0.0,0.0,0.0,0.0,0.0,0.23,0.23,0.0,0.23,Matches,86e7deaf,571,Thiago Silva,DF,br Brazil,0.0,2.0,0.0,0.0,0.46,0.0,0.0,,0.0,0.0,Matches,86e7deaf,571,Thiago Silva,DF,br Brazil,0.0,0.0,0.0,2.0,3.0,0.0,1.0,5.0,2.0,,,0.0,Matches,86e7deaf,,,,,,,,,,,,,,,,,,,,,,,,,,,360.0,4.0,0.0,1.0,2.0,1.0,1.0,8.0,2.0,1.0,0.0,263.0,8.0,0.0,0.0,0.0,0.0,0.0,0.0,0.25,0.5,0.25,0.25,2.0,0.25,0.0,65.75,2.0,0.0,0.0,Thiago Emiliano da Silva,token-subset,5.116279069767442,0.46511627906976744,3.9534883720930236,0.0,0.0,1.3953488372093024,2.7906976744186047,67.90697674418605,0.0,0.0,0.0,0.0,11.627906976744187,18.13953488372093,0.23255813953488372,8.13953488372093,0.0,0.0,0.0,1.0,0.46511627906976744,77.90697674418605,29.767441860465116,25.813953488372093,0.9552238805970149,7.674418604651163,2.558139534883721,0.6976744186046512,0.46511627906976744,0.9302325581395349,2.3255813953488373,0.9302325581395349,1.3953488372093024,0.5454545454545454,1.1627906976744187,0.0,0.46511627906976744,0.04842222325581396,0.0,0.10410778000000001,0.0,0.6976744186046512,0.46511627906976744,1.3953488372093024,CB,0.0,0.23255813953488372,0.46511627906976744,0.0,0.23255813953488372,1.1627906976744187,0.46511627906976744,0.46511627906976744,0.6976744186046512,0.0,,,,0.0,0.0,,,0.0,0.0,0.0,90.69767441860465,0.9302325581395349,0.9302325581395349,,0.0,0.0,0.0,DF,DF,CB
132,Thibaut Courtois,GK,be Belgium,30.0,1.es Real Madrid,1992.0,3.0,3.0,270.0,3.0,0.0,0.0,0.0,0.0,0.0,0.0,0.0,0.0,0.0,0.0,0.0,0.0,0.0,Matches,1840e36d,132,Thibaut Courtois,GK,be Belgium,0.0,0.0,0.0,,0.0,0.0,,,0.0,0.0,Matches,1840e36d,132,Thibaut Courtois,GK,be Belgium,0.0,0.0,0.0,0.0,0.0,0.0,0.0,0.0,0.0,,,0.0,Matches,1840e36d,8,Thibaut Courtois,GK,be Belgium,1.es Real Madrid,3.0,3.0,270.0,3.0,2.0,0.67,10.0,8.0,80.0,1.0,1.0,1.0,2.0,66.7,1.0,0.0,1.0,0.0,100.0,Matches,1840e36d,270.0,3.0,0.0,0.0,0.0,0.0,0.0,0.0,0.0,1.0,1.0,67.0,0.0,9.0,2.0,11.0,81.8,2.0,0.0,0.0,0.0,0.0,0.0,0.0,0.3333333333333333,0.3333333333333333,22.33333333333333,0.0,3.0,0.6666666666666666,Thibaut Courtois,exact,0.0,0.0,0.0,0.3333333333333333,0.3333333333333333,0.0,4.0,22.0,0.0,9.333333333333334,6.333333333333333,41.04440894568689,0.0,0.3333333333333333,0.0,1.3333333333333333,0.0,0.0685088963333332,0.3333333333333333,0.0,0.0,40.666666666666664,23.0,20.0,0.8934426229508197,1.3333333333333333,0.0,0.0,0.0,0.0,0.0,0.0,0.0,0.0,0.0,1.0,0.0,0.0,0.0,0.0,0.0,0.0,0.0,0.0,GK,0.0,0.0,0.0,0.0,0.0,0.0,0.0,0.0,0.0,0.0,2.6666666666666665,0.6666666666666666,0.6666666666666666,0.0,0.0,,,0.0,0.0,0.0,90.0,1.0,1.0,0.8,0.0,0.0,1.0,GK,GK,GK
479,Thomas Partey,MF,gh Ghana,29.0,1.eng Arsenal,1993.0,3.0,3.0,270.0,3.0,0.0,0.0,0.0,0.0,0.0,0.0,0.0,0.0,0.0,0.0,0.0,0.0,0.0,Matches,529f49ab,479,Thomas Partey,MF,gh Ghana,0.0,2.0,0.0,0.0,0.67,0.0,0.0,,0.0,0.0,Matches,529f49ab,479,Thomas Partey,MF,gh Ghana,0.0,0.0,0.0,3.0,2.0,0.0,1.0,0.0,6.0,,,0.0,Matches,529f49ab,,,,,,,,,,,,,,,,,,,,,,,,,,,270.0,3.0,0.0,0.0,2.0,0.0,0.0,3.0,3.0,5.0,4.0,135.0,5.0,0.0,0.0,0.0,0.0,0.0,0.0,0.0,0.6666666666666666,0.0,0.0,1.0,1.6666666666666667,1.3333333333333333,45.0,1.6666666666666667,0.0,0.0,Thomas Teye Partey,token-subset,13.333333333333334,1.6666666666666667,4.666666666666667,0.0,0.0,1.6666666666666667,4.666666666666667,53.333333333333336,0.0,0.0,0.0,0.0,10.333333333333334,17.666666666666668,0.3333333333333333,12.666666666666666,0.0,0.0,0.0,0.0,0.3333333333333333,60.333333333333336,23.0,18.333333333333332,0.8453038674033149,10.666666666666666,1.0,0.6666666666666666,0.0,1.6666666666666667,2.0,2.0,2.6666666666666665,0.6666666666666666,2.0,0.0,0.6666666666666666,0.07858181833333334,0.0,0.11787272750000001,0.0,0.6666666666666666,1.0,7.0,MF,0.0,0.0,0.6666666666666666,0.0,0.3333333333333333,0.0,2.0,1.0,0.6666666666666666,0.0,,,,0.0,0.0,,,0.0,0.0,0.0,90.0,1.0,1.0,,0.0,0.0,0.7999999999999999,MF,MF,DM
509,Tim Ream,DF,us United States,34.0,1.eng Fulham,1987.0,4.0,4.0,360.0,4.0,0.0,0.0,0.0,0.0,0.0,0.0,1.0,0.0,0.0,0.0,0.0,0.0,0.0,Matches,28b40c9c,509,Tim Ream,DF,us United States,0.0,1.0,1.0,100.0,0.25,0.25,0.0,0.0,0.0,0.0,Matches,28b40c9c,509,Tim Ream,DF,us United States,1.0,0.0,0.0,1.0,2.0,0.0,0.0,4.0,3.0,,,0.0,Matches,28b40c9c,,,,,,,,,,,,,,,,,,,,,,,,,,,360.0,4.0,0.0,0.0,1.0,0.0,1.0,10.0,1.0,1.0,1.0,215.0,23.0,0.0,0.0,0.0,0.0,0.0,0.0,0.0,0.25,0.0,0.25,2.5,0.25,0.25,53.75,5.75,0.0,0.0,Tim Ream,exact-name,7.5,0.0,4.0,0.0,0.0,2.25,4.25,54.25,0.0,0.0,0.0,0.0,10.0,16.25,0.0,7.75,0.0,0.0,0.0,0.0,0.0,67.5,28.5,24.25,0.8925925925925926,7.5,1.75,0.0,0.0,0.5,4.0,1.0,2.0,0.4444444444444444,1.0,0.0,0.25,0.064556975,0.25,0.2582279,0.0,0.0,0.25,0.5,CB,0.0,0.0,0.25,0.25,0.0,1.0,0.75,0.25,0.5,0.0,,,,0.0,0.0,,,0.0,0.25,0.0,90.0,1.0,1.0,,0.0,1.0,1.0,DF,DF,CB
109,Timothy Castagne,MFDF,be Belgium,26.0,1.eng Leicester City,1995.0,3.0,3.0,270.0,3.0,0.0,0.0,0.0,0.0,0.0,0.0,0.0,0.0,0.0,0.0,0.0,0.0,0.0,Matches,197640fd,109,Timothy Castagne,MFDF,be Belgium,0.0,0.0,0.0,,0.0,0.0,,,0.0,0.0,Matches,197640fd,109,Timothy Castagne,MFDF,be Belgium,0.0,0.0,0.0,3.0,1.0,0.0,3.0,2.0,3.0,,,0.0,Matches,197640fd,,,,,,,,,,,,,,,,,,,,,,,,,,,270.0,3.0,0.0,0.0,0.0,2.0,1.0,1.0,3.0,2.0,0.0,148.0,2.0,0.0,0.0,0.0,0.0,0.0,0.0,0.0,0.0,0.6666666666666666,0.3333333333333333,0.3333333333333333,0.6666666666666666,0.0,49.333333333333336,0.6666666666666666,0.0,0.0,Timothy Castagne,exact-name,10.333333333333334,1.3333333333333333,6.0,0.0,0.0,1.3333333333333333,2.3333333333333335,58.333333333333336,0.0,0.0,0.0,0.0,36.666666666666664,18.0,0.0,7.666666666666667,0.0,0.0,0.0,0.0,0.0,67.0,21.666666666666668,20.0,0.8756218905472637,7.333333333333333,0.6666666666666666,0.0,0.0,1.6666666666666667,2.6666666666666665,1.6666666666666667,1.3333333333333333,0.5714285714285714,1.0,0.0,0.0,0.0,0.0,0.0,0.0,0.0,0.3333333333333333,8.666666666666666,FB/WB,0.0,0.0,0.0,0.0,1.0,0.6666666666666666,1.0,1.0,0.3333333333333333,0.0,,,,0.0,0.0,,,0.0,0.0,0.0,90.0,1.0,1.0,,0.0,0.0,0.0,DF,MFDF,LB
647,Timothy Weah,FW,us United States,22.0,1.fr Lille,2000.0,4.0,4.0,316.0,3.5,1.0,0.0,1.0,1.0,0.0,0.0,0.0,0.0,0.28,0.0,0.28,0.28,0.28,Matches,8eec784d,647,Timothy Weah,FW,us United States,1.0,5.0,3.0,60.0,1.42,0.85,0.2,0.33,0.0,0.0,Matches,8eec784d,647,Timothy Weah,FW,us United States,0.0,0.0,0.0,1.0,1.0,2.0,7.0,0.0,0.0,,,0.0,Matches,8eec784d,,,,,,,,,,,,,,,,,,,,,,,,,,,316.0,3.5,1.0,0.0,5.0,8.0,0.0,0.0,1.0,4.0,4.0,102.0,7.0,0.0,0.0,0.0,0.0,0.0,0.2857142857142857,0.0,1.4285714285714286,2.2857142857142856,0.0,0.0,1.1428571428571428,1.1428571428571428,29.142857142857142,2.0,0.0,0.0,Timothy Weah,exact,7.428571428571429,2.5714285714285716,3.4285714285714284,0.0,0.0,0.0,3.7142857142857144,41.42857142857143,0.5714285714285714,0.0,0.0,0.0,23.142857142857142,8.857142857142858,0.2857142857142857,2.857142857142857,0.8571428571428571,0.0,0.0,0.5,0.2857142857142857,31.142857142857142,4.0,7.142857142857143,0.8348623853211009,1.7142857142857142,1.4285714285714286,1.7142857142857142,0.0,2.857142857142857,0.0,2.0,0.2857142857142857,0.2,0.2857142857142857,0.0,1.4285714285714286,0.125756556,0.8571428571428571,0.08802958920000001,0.0,1.7142857142857142,4.285714285714286,25.428571428571427,Wide,0.2857142857142857,0.0,1.4285714285714286,0.8571428571428571,2.0,0.0,0.0,0.2857142857142857,0.2857142857142857,0.5714285714285714,,,,0.0,0.0,,,0.0,0.0,0.0,90.28571428571429,1.1428571428571428,1.1428571428571428,,0.2,0.6,1.0,FW,FW,RW
23,Toby Alderweireld,DF,be Belgium,33.0,1.be Antwerp,1989.0,3.0,3.0,270.0,3.0,0.0,1.0,1.0,0.0,0.0,0.0,0.0,0.0,0.0,0.33,0.33,0.0,0.33,Matches,f7d50789,23,Toby Alderweireld,DF,be Belgium,0.0,0.0,0.0,,0.0,0.0,,,0.0,0.0,Matches,f7d50789,23,Toby Alderweireld,DF,be Belgium,0.0,0.0,0.0,0.0,0.0,0.0,2.0,0.0,2.0,,,0.0,Matches,f7d50789,,,,,,,,,,,,,,,,,,,,,,,,,,,270.0,3.0,0.0,1.0,0.0,0.0,0.0,2.0,0.0,0.0,0.0,234.0,2.0,0.0,0.0,0.0,0.0,0.0,0.0,0.3333333333333333,0.0,0.0,0.0,0.6666666666666666,0.0,0.0,78.0,0.6666666666666666,0.0,0.0,Toby Alderweireld,exact,4.333333333333333,0.0,2.0,0.0,0.0,2.3333333333333335,2.6666666666666665,81.0,0.0,0.0,0.0,0.0,10.666666666666666,18.333333333333332,0.0,7.666666666666667,0.0,0.0,0.0,0.0,0.0,89.0,32.333333333333336,38.666666666666664,0.9138576779026217,7.666666666666667,1.0,0.0,1.0,1.3333333333333333,6.666666666666667,1.3333333333333333,0.6666666666666666,0.2857142857142857,0.3333333333333333,0.0,0.0,0.0,0.0,0.0,0.0,0.0,0.3333333333333333,2.3333333333333335,CB,0.0,0.3333333333333333,0.0,0.0,0.6666666666666666,0.0,0.6666666666666666,0.0,0.0,0.0,,,,0.0,0.0,,,0.0,0.0,0.0,90.0,1.0,1.0,,0.0,0.0,0.0,DF,DF,CB
12,Tyler Adams,MF,us United States,23.0,1.eng Leeds United,1999.0,4.0,4.0,360.0,4.0,0.0,0.0,0.0,0.0,0.0,0.0,1.0,0.0,0.0,0.0,0.0,0.0,0.0,Matches,2b09d998,12,Tyler Adams,MF,us United States,0.0,1.0,0.0,0.0,0.25,0.0,0.0,,0.0,0.0,Matches,2b09d998,12,Tyler Adams,MF,us United States,1.0,0.0,0.0,5.0,5.0,0.0,2.0,4.0,7.0,,,0.0,Matches,2b09d998,,,,,,,,,,,,,,,,,,,,,,,,,,,360.0,4.0,0.0,0.0,1.0,0.0,1.0,6.0,7.0,2.0,2.0,201.0,8.0,0.0,0.0,0.0,0.0,0.0,0.0,0.0,0.25,0.0,0.25,1.5,0.5,0.5,50.25,2.0,0.0,0.0,Tyler Adams,exact,20.25,1.75,12.75,0.0,0.0,1.0,7.25,50.0,0.0,0.0,0.0,0.0,13.0,14.5,0.0,9.5,0.0,0.0,0.0,0.0,0.0,67.25,18.5,21.25,0.9144981412639405,8.5,2.0,0.5,0.0,1.25,1.5,2.75,1.5,0.6,2.0,0.0,0.25,0.00495222525,0.0,0.019808901,0.0,0.5,0.0,6.0,MF,0.0,0.0,0.25,0.0,0.5,1.0,1.75,1.25,1.25,0.0,,,,0.0,0.0,,,0.0,0.25,0.0,90.0,1.0,1.0,,0.0,0.0,1.0,MF,MF,DM
572,Unai Simón,GK,es Spain,25.0,1.es Athletic Club,1997.0,4.0,4.0,390.0,4.3,0.0,0.0,0.0,0.0,0.0,0.0,0.0,0.0,0.0,0.0,0.0,0.0,0.0,Matches,5dcf3e90,572,Unai Simón,GK,es Spain,0.0,0.0,0.0,,0.0,0.0,,,0.0,0.0,Matches,5dcf3e90,572,Unai Simón,GK,es Spain,0.0,0.0,0.0,0.0,0.0,0.0,0.0,0.0,0.0,,,0.0,Matches,5dcf3e90,36,Unai Simón,GK,es Spain,1.es Athletic Club,4.0,4.0,390.0,4.3,3.0,0.69,9.0,6.0,66.7,1.0,2.0,1.0,2.0,50.0,0.0,0.0,0.0,0.0,,Matches,5dcf3e90,360.0,4.0,0.0,0.0,0.0,0.0,0.0,0.0,0.0,0.0,0.0,109.0,0.0,6.0,3.0,9.0,66.7,2.0,0.0,0.0,0.0,0.0,0.0,0.0,0.0,0.0,27.25,0.0,1.5,0.5,Unai Simón Mendibil,token-subset,0.0,0.0,0.0,0.9302325581395349,0.6976744186046512,0.0,2.7906976744186047,26.976744186046513,0.0,3.0232558139534884,21.16279069767442,40.396270396270396,0.23255813953488372,0.9302325581395349,0.0,0.0,0.0,-0.44357310355813956,0.0,0.0,0.0,36.74418604651163,18.6046511627907,11.86046511627907,0.9367088607594937,0.0,0.46511627906976744,0.0,0.0,0.0,0.0,0.0,0.0,0.0,0.0,0.25,0.0,0.0,0.0,0.0,0.0,0.0,0.0,0.0,GK,0.0,0.0,0.0,0.0,0.0,0.0,0.0,0.0,0.0,0.0,1.3953488372093024,0.6976744186046512,0.46511627906976744,0.0,0.0,,,0.0,0.0,0.0,90.69767441860465,0.9302325581395349,0.9302325581395349,0.6666666666666666,0.0,0.0,0.0,GK,GK,GK
403,Vanja Milinković-Savić,GK,rs Serbia,25.0,1.it Torino,1997.0,3.0,3.0,270.0,3.0,0.0,0.0,0.0,0.0,0.0,0.0,0.0,0.0,0.0,0.0,0.0,0.0,0.0,Matches,9fa26bc2,403,Vanja Milinković-Savić,GK,rs Serbia,0.0,0.0,0.0,,0.0,0.0,,,0.0,0.0,Matches,9fa26bc2,403,Vanja Milinković-Savić,GK,rs Serbia,0.0,0.0,0.0,0.0,0.0,0.0,0.0,1.0,0.0,,,0.0,Matches,9fa26bc2,21,Vanja Milinković-Savić,GK,rs Serbia,1.it Torino,3.0,3.0,270.0,3.0,8.0,2.67,23.0,15.0,65.2,0.0,1.0,2.0,0.0,0.0,0.0,0.0,0.0,0.0,,Matches,9fa26bc2,270.0,3.0,0.0,0.0,0.0,0.0,0.0,0.0,0.0,0.0,0.0,72.0,1.0,16.0,8.0,24.0,66.7,0.0,0.0,0.0,0.0,0.0,0.0,0.0,0.0,0.0,24.0,0.3333333333333333,5.333333333333333,0.0,Vanja Milinković Savić,exact,0.0,0.0,0.0,1.3333333333333333,1.0,0.0,6.333333333333333,21.666666666666668,0.0,17.0,22.333333333333332,39.36862170087974,0.3333333333333333,2.0,0.0,8.666666666666666,0.0,-1.877082931333333,0.3333333333333333,0.0,0.0,42.333333333333336,29.333333333333332,24.666666666666668,0.7244094488188977,8.666666666666666,1.0,0.0,0.0,0.6666666666666666,0.0,0.0,0.0,0.0,0.0,0.0,0.0,0.0,0.0,0.0,0.0,0.0,0.0,0.0,GK,0.0,0.0,0.0,0.0,0.0,0.3333333333333333,0.0,0.0,0.0,0.0,5.0,2.6666666666666665,0.0,0.0,0.0,,,0.0,0.0,0.0,90.0,1.0,1.0,0.6521739130434783,0.0,0.0,0.0,GK,GK,GK
297,Vinicius Júnior,FWMF,br Brazil,21.0,1.es Real Madrid,2000.0,4.0,4.0,299.0,3.3,1.0,2.0,3.0,1.0,0.0,0.0,0.0,0.0,0.3,0.6,0.9,0.3,0.9,Matches,7111d552,297,Vinicius Júnior,FWMF,br Brazil,1.0,9.0,4.0,44.4,2.71,1.2,0.11,0.25,0.0,0.0,Matches,7111d552,297,Vinicius Júnior,FWMF,br Brazil,0.0,0.0,0.0,0.0,7.0,3.0,13.0,0.0,1.0,,,0.0,Matches,7111d552,,,,,,,,,,,,,,,,,,,,,,,,,,,299.0,3.3,1.0,2.0,9.0,9.0,2.0,1.0,0.0,15.0,8.0,135.0,18.0,0.0,0.0,0.0,0.0,0.0,0.303030303030303,0.6060606060606061,2.7272727272727275,2.7272727272727275,0.6060606060606061,0.303030303030303,4.545454545454546,2.4242424242424243,40.909090909090914,5.454545454545455,0.0,0.0,Vinícius José Paixão de Oliveira Júnior,token-subset,11.212121212121213,4.242424242424242,3.9393939393939394,0.0,0.0,0.0,4.545454545454546,44.84848484848485,0.9090909090909092,0.0,0.0,0.0,32.72727272727273,6.363636363636364,0.0,3.9393939393939394,2.4242424242424243,0.0,0.0,0.3333333333333333,0.0,27.575757575757578,3.0303030303030303,3.9393939393939394,0.7692307692307693,1.5151515151515151,0.30303030303030304,1.8181818181818183,0.0,5.454545454545455,0.0,1.5151515151515151,0.0,0.0,0.9090909090909092,0.0,2.7272727272727275,0.2459171372727273,1.2121212121212122,0.090169617,0.0,1.8181818181818183,4.242424242424242,29.393939393939394,Wide,0.30303030303030304,0.6060606060606061,2.7272727272727275,1.2121212121212122,3.9393939393939394,0.0,0.30303030303030304,0.0,2.121212121212121,0.9090909090909092,,,,0.0,0.0,,,0.0,0.0,0.0,90.60606060606061,1.2121212121212122,1.2121212121212122,,0.1111111111111111,0.4444444444444444,0.5333333333333333,FW,FWMF,LW
628,Virgil van Dijk,DF,nl Netherlands,30.0,1.eng Liverpool,1991.0,5.0,5.0,480.0,5.3,0.0,0.0,0.0,0.0,0.0,0.0,0.0,0.0,0.0,0.0,0.0,0.0,0.0,Matches,e06683ca,628,Virgil van Dijk,DF,nl Netherlands,0.0,3.0,0.0,0.0,0.56,0.0,0.0,,0.0,0.0,Matches,e06683ca,628,Virgil van Dijk,DF,nl Netherlands,0.0,0.0,0.0,5.0,2.0,0.0,0.0,4.0,1.0,,,0.0,Matches,e06683ca,,,,,,,,,,,,,,,,,,,,,,,,,,,450.0,5.0,0.0,0.0,3.0,0.0,0.0,5.0,5.0,1.0,1.0,251.0,8.0,0.0,0.0,0.0,0.0,0.0,0.0,0.0,0.6,0.0,0.0,1.0,0.2,0.2,50.2,1.6,0.0,0.0,Virgil van Dijk,exact,5.471698113207547,0.18867924528301888,1.3207547169811322,0.0,0.0,2.8301886792452833,1.6981132075471699,53.0188679245283,0.0,0.0,0.0,0.0,2.6415094339622645,11.132075471698114,0.0,5.849056603773585,0.0,0.0,0.0,0.0,0.5660377358490566,64.71698113207547,27.924528301886795,29.433962264150946,0.8892128279883382,5.849056603773585,1.8867924528301887,0.37735849056603776,0.18867924528301888,0.18867924528301888,5.660377358490567,1.509433962264151,2.8301886792452833,0.6,0.37735849056603776,0.0,0.7547169811320755,0.18451864075471697,0.18867924528301888,0.06481626533333333,0.0,0.37735849056603776,1.1320754716981132,1.6981132075471699,CB,0.0,0.0,0.5660377358490566,0.0,0.0,0.7547169811320755,0.18867924528301888,0.9433962264150944,0.37735849056603776,0.0,,,,0.0,0.0,,,0.0,0.0,0.0,90.56603773584906,0.9433962264150944,0.9433962264150944,,0.0,0.0,1.0,DF,DF,CB
677,Walker Zimmerman,DF,us United States,29.0,1.us Nashville SC,1993.0,4.0,3.0,279.0,3.1,0.0,0.0,0.0,0.0,0.0,0.0,0.0,0.0,0.0,0.0,0.0,0.0,0.0,Matches,220fa883,677,Walker Zimmerman,DF,us United States,0.0,1.0,0.0,0.0,0.32,0.0,0.0,,0.0,0.0,Matches,220fa883,677,Walker Zimmerman,DF,us United States,0.0,0.0,0.0,3.0,0.0,0.0,0.0,4.0,2.0,,,0.0,Matches,220fa883,,,,,,,,,,,,,,,,,,,,,,,,,,,279.0,3.1,0.0,0.0,1.0,0.0,0.0,5.0,3.0,0.0,0.0,186.0,1.0,0.0,0.0,0.0,0.0,0.0,0.0,0.0,0.3225806451612903,0.0,0.0,1.6129032258064515,0.0,0.0,60.0,0.3225806451612903,0.0,0.0,Walker Zimmerman,exact,5.483870967741935,0.0,2.5806451612903225,0.0,0.0,4.838709677419355,1.9354838709677418,62.90322580645161,0.0,0.0,0.0,0.0,6.774193548387097,13.225806451612902,0.0,4.838709677419355,0.0,0.0,0.0,0.0,0.0,75.16129032258064,27.419354838709676,27.741935483870968,0.9098712446351931,4.838709677419355,0.9677419354838709,0.0,0.3225806451612903,0.0,7.419354838709677,1.6129032258064515,2.903225806451613,0.5294117647058824,0.0,0.0,0.3225806451612903,0.01830346451612903,0.0,0.05674074,0.0,0.0,0.0,0.9677419354838709,CB,0.0,0.0,0.3225806451612903,0.0,0.0,1.2903225806451613,0.6451612903225806,0.9677419354838709,0.0,0.0,,,,0.0,0.0,,,0.0,0.0,0.0,90.0,1.2903225806451613,0.9677419354838709,,0.0,0.0,0.0,DF,DF,CB
175,Wataru Endo,MF,jp Japan,29.0,1.de Stuttgart,1993.0,4.0,3.0,304.0,3.4,0.0,0.0,0.0,0.0,0.0,0.0,1.0,0.0,0.0,0.0,0.0,0.0,0.0,Matches,c149016b,175,Wataru Endo,MF,jp Japan,0.0,6.0,1.0,16.7,1.78,0.3,0.0,0.0,0.0,0.0,Matches,c149016b,175,Wataru Endo,MF,jp Japan,1.0,0.0,0.0,7.0,9.0,0.0,2.0,3.0,5.0,,,0.0,Matches,c149016b,,,,,,,,,,,,,,,,,,,,,,,,,,,274.0,3.0,0.0,0.0,6.0,0.0,1.0,4.0,7.0,3.0,1.0,150.0,3.0,0.0,0.0,0.0,0.0,0.0,0.0,0.0,2.0,0.0,0.3333333333333333,1.3333333333333333,1.0,0.3333333333333333,50.0,1.0,0.0,0.0,Wataru Endo,exact,20.58823529411765,3.5294117647058822,9.411764705882353,0.0,0.0,1.7647058823529411,7.352941176470589,45.88235294117647,0.29411764705882354,0.0,0.0,0.0,12.058823529411764,7.352941176470589,0.0,9.705882352941178,0.0,0.0,0.0,0.0,0.0,55.0,17.941176470588236,18.529411764705884,0.8181818181818182,7.9411764705882355,0.0,1.1764705882352942,0.29411764705882354,2.058823529411765,3.235294117647059,2.9411764705882355,2.6470588235294117,0.5294117647058824,0.5882352941176471,0.0,1.7647058823529411,0.05335320794117647,0.29411764705882354,0.0302334845,0.0,1.1764705882352942,0.29411764705882354,8.823529411764707,MF,0.0,0.0,1.7647058823529411,0.29411764705882354,0.5882352941176471,0.8823529411764706,1.4705882352941178,2.058823529411765,2.6470588235294117,0.0,,,,0.0,0.0,,,0.0,0.29411764705882354,0.0,89.41176470588236,1.1764705882352942,0.8823529411764706,,0.0,0.16666666666666666,0.3333333333333333,MF,MF,DM
387,Weston McKennie,MF,us United States,23.0,1.it Juventus,1998.0,4.0,4.0,271.0,3.0,0.0,0.0,0.0,0.0,0.0,0.0,1.0,0.0,0.0,0.0,0.0,0.0,0.0,Matches,01c3aff5,387,Weston McKennie,MF,us United States,0.0,5.0,1.0,20.0,1.66,0.33,0.0,0.0,0.0,0.0,Matches,01c3aff5,387,Weston McKennie,MF,us United States,1.0,0.0,0.0,6.0,2.0,0.0,1.0,0.0,1.0,,,0.0,Matches,01c3aff5,,,,,,,,,,,,,,,,,,,,,,,,,,,271.0,3.0,0.0,0.0,5.0,1.0,0.0,1.0,7.0,2.0,1.0,121.0,16.0,0.0,0.0,0.0,0.0,0.0,0.0,0.0,1.6666666666666667,0.3333333333333333,0.0,0.3333333333333333,0.6666666666666666,0.3333333333333333,40.333333333333336,5.333333333333333,0.0,0.0,Weston McKennie,exact,13.333333333333334,5.0,6.0,0.0,0.0,1.0,5.333333333333333,51.0,0.3333333333333333,0.0,0.0,0.0,21.333333333333332,12.0,0.0,12.333333333333334,0.6666666666666666,0.0,0.0,1.0,0.6666666666666666,48.666666666666664,19.333333333333332,17.333333333333332,0.8013698630136986,8.333333333333334,1.6666666666666667,1.0,0.6666666666666666,4.666666666666667,2.0,2.3333333333333335,1.0,0.5,0.3333333333333333,0.0,1.6666666666666667,0.12522065000000002,0.0,0.07513239000000001,0.0,1.0,3.6666666666666665,15.666666666666666,MF,0.0,0.0,1.6666666666666667,0.3333333333333333,0.3333333333333333,0.0,0.3333333333333333,2.0,0.6666666666666666,0.0,,,,0.0,0.0,,,0.0,0.3333333333333333,0.0,90.33333333333333,1.3333333333333333,1.3333333333333333,,0.0,0.2,0.5,MF,MF,CM
594,Wojciech Szczęsny,GK,pl Poland,32.0,1.it Juventus,1990.0,4.0,4.0,360.0,4.0,0.0,0.0,0.0,0.0,0.0,0.0,0.0,0.0,0.0,0.0,0.0,0.0,0.0,Matches,01b8a2b2,594,Wojciech Szczęsny,GK,pl Poland,0.0,0.0,0.0,,0.0,0.0,,,0.0,0.0,Matches,01b8a2b2,594,Wojciech Szczęsny,GK,pl Poland,0.0,0.0,0.0,1.0,1.0,0.0,0.0,0.0,0.0,,,0.0,Matches,01b8a2b2,38,Wojciech Szczęsny,GK,pl Poland,1.it Juventus,4.0,4.0,360.0,4.0,5.0,1.25,26.0,21.0,80.8,1.0,1.0,2.0,2.0,50.0,2.0,0.0,2.0,0.0,100.0,Matches,01b8a2b2,360.0,4.0,0.0,0.0,0.0,0.0,0.0,0.0,1.0,1.0,1.0,65.0,4.0,25.0,5.0,30.0,83.3,2.0,0.0,0.0,0.0,0.0,0.0,0.0,0.25,0.25,16.25,1.0,6.25,0.5,Wojciech Szczęsny,exact,0.0,0.0,0.0,1.0,0.75,0.0,4.5,14.25,0.0,24.75,10.5,40.02826086956522,0.0,0.5,0.0,5.75,0.0,-0.632670975,0.5,0.0,0.0,36.5,30.0,28.0,0.6027397260273972,5.75,2.0,0.0,0.0,0.25,0.0,0.0,0.0,0.0,0.0,1.0,0.0,0.0,0.0,0.0,0.0,0.0,0.0,0.0,GK,0.0,0.0,0.0,0.0,0.0,0.0,0.0,0.25,0.25,0.0,5.25,1.25,0.5,0.0,0.0,,,0.0,0.0,0.0,90.0,1.0,1.0,0.8076923076923077,0.0,0.0,1.0,GK,GK,GK
51,Yahya Attiat Allah,DF,ma Morocco,27.0,1.ma Wydad AC,1995.0,6.0,2.0,318.0,3.5,0.0,1.0,1.0,0.0,0.0,0.0,0.0,0.0,0.0,0.28,0.28,0.0,0.28,Matches,432848a2,51,Yahya Attiat Allah,DF,ma Morocco,0.0,2.0,0.0,0.0,0.57,0.0,0.0,,0.0,0.0,Matches,432848a2,51,Yahya Attiat Allah,DF,ma Morocco,0.0,0.0,0.0,8.0,3.0,0.0,7.0,0.0,2.0,,,0.0,Matches,432848a2,,,,,,,,,,,,,,,,,,,,,,,,,,,288.0,3.2,0.0,1.0,2.0,7.0,2.0,1.0,9.0,2.0,2.0,98.0,9.0,0.0,0.0,0.0,0.0,0.0,0.0,0.3125,0.625,2.1875,0.625,0.3125,0.625,0.625,30.625,2.8125,0.0,0.0,Yahia Attiyat allah,last-unique,12.0,1.4285714285714286,4.571428571428571,0.0,0.0,1.4285714285714286,6.285714285714286,28.285714285714285,0.5714285714285714,0.0,0.0,0.0,23.142857142857142,2.2857142857142856,0.0,4.857142857142857,0.2857142857142857,0.0,0.0,0.5714285714285714,0.0,39.42857142857143,17.142857142857142,16.0,0.7028985507246377,4.285714285714286,0.0,0.8571428571428571,0.0,2.857142857142857,3.142857142857143,2.0,0.5714285714285714,0.2,0.8571428571428571,0.0,0.5714285714285714,0.09473904142857144,0.0,0.1657933225,0.0,0.8571428571428571,1.7142857142857142,8.0,FB/WB,0.0,0.2857142857142857,0.5714285714285714,0.0,2.0,0.0,0.5714285714285714,2.2857142857142856,0.8571428571428571,0.0,,,,0.0,0.0,,,0.0,0.0,0.0,90.85714285714286,1.7142857142857142,0.5714285714285714,,0.0,0.0,1.0,DF,DF,LB
581,Yann Sommer,GK,ch Switzerland,33.0,1.de Gladbach,1988.0,3.0,3.0,270.0,3.0,0.0,0.0,0.0,0.0,0.0,0.0,0.0,0.0,0.0,0.0,0.0,0.0,0.0,Matches,420c18a1,581,Yann Sommer,GK,ch Switzerland,0.0,0.0,0.0,,0.0,0.0,,,0.0,0.0,Matches,420c18a1,581,Yann Sommer,GK,ch Switzerland,0.0,0.0,0.0,0.0,0.0,0.0,0.0,0.0,0.0,,,0.0,Matches,420c18a1,37,Yann Sommer,GK,ch Switzerland,1.de Gladbach,3.0,3.0,270.0,3.0,7.0,2.33,19.0,12.0,63.2,1.0,0.0,2.0,1.0,33.3,0.0,0.0,0.0,0.0,,Matches,420c18a1,270.0,3.0,0.0,0.0,0.0,0.0,0.0,0.0,0.0,0.0,0.0,79.0,0.0,12.0,7.0,19.0,63.2,1.0,0.0,0.0,0.0,0.0,0.0,0.0,0.0,0.0,26.33333333333333,0.0,4.0,0.3333333333333333,Yann Sommer,exact,0.3333333333333333,0.0,0.0,1.0,0.6666666666666666,0.0,3.6666666666666665,24.666666666666668,0.0,7.0,22.333333333333332,40.88676923076925,0.0,0.6666666666666666,0.0,0.0,0.0,-1.9847635173333333,0.6666666666666666,0.0,0.0,39.0,18.0,14.0,0.9145299145299145,0.0,1.0,0.0,0.0,0.0,0.0,0.0,0.0,0.0,0.0,0.0,0.0,0.0,0.0,0.0,0.0,0.0,0.0,0.0,GK,0.0,0.0,0.0,0.0,0.0,0.0,0.0,0.0,0.0,0.0,4.0,2.3333333333333335,0.3333333333333333,0.0,0.0,,,0.0,0.0,0.0,90.0,1.0,1.0,0.631578947368421,0.0,0.0,0.0,GK,GK,GK
84,Yassine Bounou,GK,ma Morocco,31.0,1.es Sevilla,1991.0,6.0,6.0,570.0,6.3,0.0,0.0,0.0,0.0,0.0,0.0,0.0,0.0,0.0,0.0,0.0,0.0,0.0,Matches,f6798fc3,84,Yassine Bounou,GK,ma Morocco,0.0,0.0,0.0,,0.0,0.0,,,0.0,0.0,Matches,f6798fc3,84,Yassine Bounou,GK,ma Morocco,0.0,0.0,0.0,0.0,1.0,0.0,0.0,0.0,0.0,,,0.0,Matches,f6798fc3,6,Yassine Bounou,GK,ma Morocco,1.es Sevilla,6.0,6.0,570.0,6.3,5.0,0.79,12.0,7.0,58.3,2.0,2.0,2.0,3.0,50.0,0.0,0.0,0.0,0.0,,Matches,f6798fc3,540.0,6.0,0.0,0.0,0.0,0.0,0.0,0.0,0.0,0.0,0.0,107.0,1.0,7.0,4.0,11.0,63.6,4.0,0.0,0.0,0.0,0.0,0.0,0.0,0.0,0.0,17.833333333333332,0.1666666666666666,1.1666666666666667,0.6666666666666666,Yassine Bounou,exact,0.15873015873015872,0.0,0.0,0.7936507936507937,0.6349206349206349,0.0,3.9682539682539684,16.19047619047619,0.0,14.285714285714286,11.26984126984127,40.46216730038023,0.15873015873015872,0.31746031746031744,0.0,2.2222222222222223,0.0,0.1413983373015873,0.15873015873015872,0.0,0.0,33.333333333333336,22.857142857142858,21.26984126984127,0.7428571428571429,2.2222222222222223,0.9523809523809524,0.0,0.0,0.0,0.0,0.0,0.0,0.0,0.0,0.6666666666666666,0.0,0.0,0.0,0.0,0.0,0.0,0.0,0.0,GK,0.0,0.0,0.0,0.0,0.0,0.0,0.0,0.0,0.15873015873015872,0.0,1.1111111111111112,0.7936507936507937,0.4761904761904762,0.0,0.0,,,0.0,0.0,0.0,90.47619047619048,0.9523809523809524,0.9523809523809524,0.5833333333333334,0.0,0.0,0.0,GK,GK,GK
396,Yassine Meriah,DF,tn Tunisia,28.0,1.tn Espérance Tunis,1993.0,3.0,3.0,270.0,3.0,0.0,0.0,0.0,0.0,0.0,0.0,0.0,0.0,0.0,0.0,0.0,0.0,0.0,Matches,3640af28,396,Yassine Meriah,DF,tn Tunisia,0.0,1.0,0.0,0.0,0.33,0.0,0.0,,0.0,0.0,Matches,3640af28,396,Yassine Meriah,DF,tn Tunisia,0.0,0.0,0.0,3.0,1.0,0.0,2.0,1.0,3.0,,,0.0,Matches,3640af28,,,,,,,,,,,,,,,,,,,,,,,,,,,270.0,3.0,0.0,0.0,1.0,1.0,0.0,1.0,3.0,2.0,1.0,126.0,1.0,0.0,0.0,0.0,0.0,0.0,0.0,0.0,0.3333333333333333,0.3333333333333333,0.0,0.3333333333333333,0.6666666666666666,0.3333333333333333,42.0,0.3333333333333333,0.0,0.0,Yassine Meriah,exact,9.666666666666666,0.6666666666666666,3.3333333333333335,0.0,0.0,4.333333333333333,4.666666666666667,46.333333333333336,0.3333333333333333,0.0,0.0,0.0,12.0,12.333333333333334,0.0,7.666666666666667,0.0,0.0,0.0,0.0,0.0,56.0,23.333333333333332,20.666666666666668,0.8214285714285714,6.666666666666667,0.6666666666666666,0.3333333333333333,0.3333333333333333,1.6666666666666667,7.333333333333333,2.3333333333333335,1.6666666666666667,0.5555555555555556,0.6666666666666666,0.0,0.3333333333333333,0.015357968666666666,0.0,0.046073906,0.0,0.3333333333333333,0.3333333333333333,1.0,CB,0.0,0.0,0.3333333333333333,0.0,0.6666666666666666,0.3333333333333333,1.0,1.0,0.3333333333333333,0.0,,,,0.0,0.0,,,0.0,0.0,0.0,90.0,1.0,1.0,,0.0,0.0,0.5,DF,DF,CB
606,Yeltsin Tejeda,MF,cr Costa Rica,30.0,1.cr Herediano,1992.0,3.0,3.0,269.0,3.0,1.0,1.0,2.0,1.0,0.0,0.0,0.0,0.0,0.33,0.33,0.67,0.33,0.67,Matches,74319b04,606,Yeltsin Tejeda,MF,cr Costa Rica,1.0,2.0,2.0,100.0,0.67,0.67,0.5,0.5,0.0,0.0,Matches,74319b04,606,Yeltsin Tejeda,MF,cr Costa Rica,0.0,0.0,0.0,0.0,2.0,0.0,0.0,1.0,2.0,,,0.0,Matches,74319b04,,,,,,,,,,,,,,,,,,,,,,,,,,,272.0,3.0,1.0,1.0,2.0,0.0,0.0,4.0,1.0,0.0,0.0,58.0,1.0,0.0,0.0,0.0,0.0,0.0,0.3333333333333333,0.3333333333333333,0.6666666666666666,0.0,0.0,1.3333333333333333,0.0,0.0,19.33333333333333,0.3333333333333333,0.0,0.0,Yeltsin Ignacio Tejeda Valverde,token-subset,13.0,0.6666666666666666,4.0,0.0,0.0,0.6666666666666666,3.3333333333333335,29.0,0.3333333333333333,0.0,0.0,0.0,7.0,10.0,0.0,3.0,0.0,0.0,0.0,0.0,0.0,32.666666666666664,11.0,11.0,0.8061224489795918,3.0,1.3333333333333333,0.0,0.0,0.6666666666666666,2.3333333333333335,3.0,1.3333333333333333,0.4444444444444444,1.0,0.0,0.6666666666666666,0.174025679,0.6666666666666666,0.2610385185,0.0,0.0,0.0,1.6666666666666667,MF,0.3333333333333333,0.3333333333333333,0.6666666666666666,0.6666666666666666,0.0,0.3333333333333333,0.6666666666666666,0.0,0.6666666666666666,0.0,,,,0.0,0.0,,,0.0,0.0,0.0,89.66666666666667,1.0,1.0,,0.5,1.0,0.0,MF,MF,DM
174,Youssef En-Nesyri,FW,ma Morocco,25.0,1.es Sevilla,1997.0,7.0,7.0,542.0,6.0,2.0,0.0,2.0,2.0,0.0,0.0,0.0,0.0,0.33,0.0,0.33,0.33,0.33,Matches,04e17fd5,174,Youssef En-Nesyri,FW,ma Morocco,2.0,9.0,3.0,33.3,1.49,0.5,0.22,0.67,0.0,0.0,Matches,04e17fd5,174,Youssef En-Nesyri,FW,ma Morocco,0.0,0.0,0.0,2.0,4.0,4.0,0.0,1.0,3.0,,,0.0,Matches,04e17fd5,,,,,,,,,,,,,,,,,,,,,,,,,,,541.0,6.0,2.0,0.0,11.0,0.0,0.0,0.0,3.0,9.0,6.0,57.0,1.0,0.0,0.0,0.0,0.0,0.0,0.3333333333333333,0.0,1.8333333333333333,0.0,0.0,0.0,1.5,1.0,9.5,0.1666666666666666,0.0,0.0,Youssef En-Nesyri,exact,18.833333333333332,6.666666666666667,10.166666666666666,0.0,0.0,1.3333333333333333,2.5,23.833333333333332,0.16666666666666666,0.0,0.0,0.0,8.5,3.1666666666666665,0.8333333333333334,1.0,0.16666666666666666,0.0,0.0,0.0,1.1666666666666667,12.666666666666666,2.8333333333333335,4.666666666666667,0.631578947368421,1.0,0.5,0.16666666666666666,0.0,0.5,2.0,1.5,2.8333333333333335,0.4722222222222222,0.16666666666666666,0.0,1.8333333333333333,0.17431236716666665,0.5,0.09507947299999998,0.16666666666666666,0.16666666666666666,4.833333333333333,9.333333333333334,ST,0.3333333333333333,0.0,1.5,0.5,0.0,0.16666666666666666,0.5,0.3333333333333333,0.6666666666666666,0.6666666666666666,,,,0.0,0.0,,,0.0,0.0,0.0,90.33333333333333,1.1666666666666667,1.1666666666666667,,0.2222222222222222,0.3333333333333333,0.6666666666666666,FW,FW,ST
536,Youssouf Sabaly,DF,sn Senegal,29.0,1.es Real Betis,1993.0,4.0,4.0,360.0,4.0,0.0,0.0,0.0,0.0,0.0,0.0,0.0,0.0,0.0,0.0,0.0,0.0,0.0,Matches,fbbb9269,536,Youssouf Sabaly,DF,sn Senegal,0.0,2.0,1.0,50.0,0.5,0.25,0.0,0.0,0.0,0.0,Matches,fbbb9269,536,Youssouf Sabaly,DF,sn Senegal,0.0,0.0,0.0,3.0,12.0,0.0,7.0,4.0,6.0,,,0.0,Matches,fbbb9269,,,,,,,,,,,,,,,,,,,,,,,,,,,360.0,4.0,0.0,0.0,2.0,8.0,1.0,4.0,3.0,4.0,3.0,169.0,14.0,0.0,0.0,0.0,0.0,0.0,0.0,0.0,0.5,2.0,0.25,1.0,1.0,0.75,42.25,3.5,0.0,0.0,Youssouf Sabaly,exact,11.75,2.0,5.0,0.0,0.0,0.75,6.5,46.5,0.0,0.0,0.0,0.0,38.5,5.5,0.0,8.75,0.25,0.0,0.0,0.375,0.0,55.5,16.25,13.25,0.8648648648648649,5.75,1.0,2.0,0.25,3.5,3.75,1.25,0.75,0.42857142857142855,0.5,0.0,0.5,0.004473046875,0.25,0.00894609375,0.0,2.0,0.75,15.5,FB/WB,0.0,0.0,0.5,0.25,1.75,1.0,1.5,0.75,3.0,0.0,,,,0.0,0.0,,,0.0,0.0,0.0,90.0,1.0,1.0,,0.0,0.5,0.75,DF,DF,RB
436,Yunus Musah,MF,us United States,19.0,1.es Valencia,2002.0,4.0,4.0,343.0,3.8,0.0,0.0,0.0,0.0,0.0,0.0,0.0,0.0,0.0,0.0,0.0,0.0,0.0,Matches,b51b1b9c,436,Yunus Musah,MF,us United States,0.0,4.0,1.0,25.0,1.05,0.26,0.0,0.0,0.0,0.0,Matches,b51b1b9c,436,Yunus Musah,MF,us United States,0.0,0.0,0.0,9.0,3.0,0.0,8.0,2.0,7.0,,,0.0,Matches,b51b1b9c,,,,,,,,,,,,,,,,,,,,,,,,,,,344.0,3.8,0.0,0.0,4.0,6.0,1.0,4.0,10.0,7.0,3.0,161.0,19.0,0.0,0.0,0.0,0.0,0.0,0.0,0.0,1.0526315789473684,1.5789473684210529,0.2631578947368421,1.0526315789473684,1.842105263157895,0.7894736842105263,42.36842105263158,5.0,0.0,0.0,Yunus Dimoara Musah,token-subset,19.210526315789476,3.4210526315789473,11.578947368421053,0.0,0.0,0.2631578947368421,4.736842105263158,48.15789473684211,0.2631578947368421,0.0,0.0,0.0,23.68421052631579,10.526315789473685,0.0,8.421052631578947,0.5263157894736842,0.0,0.0,0.0,0.0,47.89473684210527,13.157894736842106,9.210526315789474,0.8461538461538461,4.473684210526316,1.0526315789473684,0.7894736842105263,0.0,3.68421052631579,0.2631578947368421,2.1052631578947367,0.7894736842105263,0.25,1.0526315789473684,0.0,1.0526315789473684,0.051969402368421055,0.2631578947368421,0.04937093225,0.0,0.7894736842105263,0.5263157894736842,14.473684210526317,MF,0.0,0.0,1.0526315789473684,0.2631578947368421,2.1052631578947367,0.5263157894736842,1.842105263157895,2.368421052631579,0.7894736842105263,0.0,,,,0.0,0.0,,,0.0,0.0,0.0,90.26315789473685,1.0526315789473684,1.0526315789473684,,0.0,0.25,0.42857142857142855,MF,MF,CM
